customer_id,wilaya,subscription,tenure_months,monthly_spend_dzd,data_usage_gb,calls_count,complaints,recharge_frequency,usage_drop_pct,churn
C10001,Biskra,Prepaid,6,1559.45,0.5,64,2,5,3.4,1
C10002,Oran,Prepaid,1,1875.18,4.84,54,0,2,51.6,1
C10003,Algiers,Prepaid,72,1597.12,0.94,56,3,1,22.3,1
C10004,Tiaret,Prepaid,16,871.14,15.21,56,0,3,84.5,0
C10005,Setif,Prepaid,27,1485.68,4.43,13,1,2,23.6,0
C10006,Annaba,Prepaid,25,1843.87,27.84,41,0,2,3.0,0
C10007,Annaba,Prepaid,35,950.9,1.78,70,1,3,52.4,1
C10008,Constantine,Prepaid,1,1810.95,9.95,70,1,1,51.9,1
C10009,Tiaret,Prepaid,14,1186.57,22.79,55,0,4,17.4,0
C10010,Oran,Postpaid,13,3037.53,23.85,15,1,1,-20.0,0
C10011,Biskra,Prepaid,12,998.86,17.0,3,0,3,14.5,0
C10012,Tiaret,Prepaid,17,2631.62,3.83,42,0,4,23.5,0
C10013,Tizi Ouzou,Prepaid,35,1775.97,14.01,78,0,2,-7.0,0
C10014,Chlef,Postpaid,7,2231.91,0.5,67,0,1,31.2,0
C10015,Oran,Prepaid,7,2174.97,1.69,28,2,2,41.1,1
C10016,Bejaia,Prepaid,3,1492.32,6.01,74,2,1,30.4,1
C10017,Tlemcen,Prepaid,20,1042.82,16.48,21,1,3,-9.4,0
C10018,Algiers,Prepaid,28,2034.19,1.38,89,0,4,-7.2,0
C10019,Algiers,Postpaid,30,2444.26,12.04,79,0,1,30.6,0
C10020,Oran,Prepaid,17,1331.36,0.5,63,1,3,3.7,0
C10021,Annaba,Prepaid,11,1828.2,16.67,50,0,4,20.8,0
C10022,Annaba,Postpaid,17,1857.07,16.97,71,0,1,37.6,0
C10023,Chlef,Postpaid,23,5104.28,22.24,69,1,1,-4.3,0
C10024,Bejaia,Prepaid,16,1132.67,0.5,12,0,4,3.2,0
C10025,Algiers,Prepaid,44,1464.28,0.74,52,0,2,68.6,1
C10026,Chlef,Prepaid,16,1621.04,8.09,66,0,2,27.6,0
C10027,Annaba,Prepaid,13,1241.08,15.11,56,0,5,68.1,0
C10028,Tiaret,Prepaid,9,760.04,9.0,65,0,4,-20.0,0
C10029,Biskra,Prepaid,2,749.9,6.57,50,0,2,44.1,1
C10030,Tiaret,Prepaid,14,1430.45,6.88,62,1,3,32.2,0
C10031,Chlef,Prepaid,20,1088.65,0.5,37,1,4,23.9,0
C10032,Tlemcen,Prepaid,21,1690.66,19.44,35,2,2,46.9,1
C10033,Annaba,Prepaid,44,1180.24,5.4,48,1,5,8.2,0
C10034,Batna,Postpaid,18,2986.85,5.58,38,1,1,30.6,0
C10035,Bejaia,Prepaid,9,1395.59,6.05,44,0,4,25.3,0
C10036,Setif,Prepaid,12,1501.91,1.24,53,1,2,43.9,1
C10037,Ouargla,Postpaid,9,2461.26,33.16,82,0,1,7.4,0
C10038,Ghardaia,Prepaid,21,986.38,6.58,49,0,4,6.4,0
C10039,Algiers,Postpaid,19,2608.19,10.37,49,0,1,4.2,0
C10040,Ouargla,Prepaid,29,1491.67,13.55,69,0,3,11.1,0
C10041,Ouargla,Prepaid,9,1475.2,23.53,55,1,1,-18.0,1
C10042,Constantine,Postpaid,15,2416.56,49.05,77,2,1,-20.0,0
C10043,Tiaret,Prepaid,20,1551.17,20.51,49,2,3,-11.7,0
C10044,Tlemcen,Postpaid,4,2948.07,1.69,76,1,1,17.9,1
C10045,Blida,Postpaid,57,3740.97,0.5,42,1,1,-9.1,0
C10046,Setif,Prepaid,3,2122.17,10.1,63,1,3,39.5,1
C10047,Constantine,Postpaid,3,2563.89,5.58,56,0,1,11.9,0
C10048,Annaba,Prepaid,21,930.06,8.99,41,1,4,1.7,0
C10049,Ouargla,Prepaid,4,1304.23,0.56,48,1,6,36.3,1
C10050,Blida,Prepaid,11,1112.09,6.44,41,0,6,36.3,0
C10051,Oran,Postpaid,72,3327.72,3.89,2,0,1,10.3,0
C10052,Oran,Prepaid,10,859.23,15.91,68,1,3,16.9,0
C10053,Tlemcen,Prepaid,11,2191.02,14.54,17,0,2,-20.0,0
C10054,Oran,Prepaid,11,1087.0,2.67,28,1,2,-20.0,1
C10055,Blida,Postpaid,14,2010.08,4.18,54,0,1,28.2,0
C10056,Ghardaia,Prepaid,3,1671.68,7.76,25,0,2,3.5,0
C10057,Blida,Prepaid,25,569.24,0.75,12,0,7,-0.0,0
C10058,Bejaia,Prepaid,24,2120.78,37.14,25,2,1,19.2,1
C10059,Setif,Prepaid,17,1322.16,22.2,50,0,3,7.0,0
C10060,Ouargla,Postpaid,20,3949.01,23.75,68,0,1,-1.9,0
C10061,Algiers,Prepaid,17,2238.22,10.98,66,1,3,-20.0,0
C10062,Tiaret,Prepaid,23,2023.66,2.3,53,0,3,35.8,0
C10063,Batna,Prepaid,43,1601.02,1.64,36,1,4,47.2,0
C10064,Chlef,Prepaid,27,938.92,10.95,70,0,5,-11.5,0
C10065,Oran,Postpaid,3,3572.43,13.23,106,0,1,59.6,0
C10066,Tizi Ouzou,Postpaid,8,2906.45,18.67,89,2,1,78.5,1
C10067,Tlemcen,Prepaid,14,1186.56,35.33,2,0,4,46.8,0
C10068,Oran,Prepaid,13,648.43,7.6,18,1,3,61.2,0
C10069,Chlef,Prepaid,7,1658.33,1.25,23,1,3,-1.9,1
C10070,Setif,Prepaid,19,1327.82,0.95,23,1,7,-20.0,0
C10071,Ghardaia,Prepaid,6,1501.85,14.46,30,0,1,38.4,1
C10072,Biskra,Prepaid,9,1035.84,14.81,58,0,2,9.0,0
C10073,Bejaia,Prepaid,19,1526.38,4.86,61,1,1,-20.0,1
C10074,Tizi Ouzou,Postpaid,11,3281.86,4.37,9,0,1,46.2,0
C10075,Ghardaia,Prepaid,19,1351.64,22.52,47,0,4,68.9,0
C10076,Blida,Prepaid,18,1308.01,4.45,50,0,1,-20.0,0
C10077,Bejaia,Prepaid,32,1636.3,15.31,82,0,5,11.0,0
C10078,Annaba,Prepaid,10,1413.05,12.94,52,0,3,-20.0,0
C10079,Tiaret,Prepaid,7,1926.82,38.67,41,1,6,0.6,0
C10080,Oran,Prepaid,3,1893.56,16.32,86,0,3,32.7,0
C10081,Algiers,Postpaid,6,3204.16,34.9,42,0,1,13.1,0
C10082,Biskra,Prepaid,33,1459.8,16.5,71,1,4,-20.0,0
C10083,Annaba,Postpaid,22,2735.0,0.5,50,1,1,14.0,0
C10084,Ouargla,Postpaid,11,3176.24,3.66,37,0,1,20.6,0
C10085,Setif,Prepaid,13,1467.49,5.37,52,0,5,21.7,0
C10086,Oran,Prepaid,27,1423.51,9.15,79,0,2,3.9,0
C10087,Ghardaia,Prepaid,8,1796.83,4.92,27,0,1,14.1,1
C10088,Annaba,Prepaid,6,1741.31,40.54,43,0,4,-13.1,0
C10089,Ghardaia,Postpaid,35,3653.72,3.49,36,0,1,-0.9,0
C10090,Oran,Prepaid,12,813.21,23.69,58,0,2,20.1,0
C10091,Tlemcen,Prepaid,8,1482.35,30.74,39,3,2,-6.3,1
C10092,Setif,Prepaid,4,1034.53,3.48,47,1,2,14.6,1
C10093,Batna,Prepaid,36,1571.57,4.35,88,2,4,35.5,1
C10094,Biskra,Prepaid,32,2165.84,5.71,51,1,3,25.5,0
C10095,Ghardaia,Prepaid,19,1423.22,10.87,18,1,4,21.2,0
C10096,Blida,Postpaid,36,1663.03,5.01,52,1,1,-20.0,0
C10097,Constantine,Prepaid,10,1588.61,20.6,3,1,3,-20.0,0
C10098,Blida,Prepaid,26,1893.65,14.88,35,0,3,31.3,0
C10099,Blida,Prepaid,5,2230.07,31.43,53,0,3,-16.3,0
C10100,Annaba,Postpaid,23,2581.2,20.63,58,2,1,19.9,0
C10101,Biskra,Postpaid,7,2567.65,3.13,87,0,1,18.2,0
C10102,Setif,Prepaid,10,1897.88,12.83,2,0,2,34.6,1
C10103,Tiaret,Prepaid,16,1114.5,13.48,22,1,3,-6.9,0
C10104,Tizi Ouzou,Prepaid,7,1259.45,3.13,61,0,4,21.9,0
C10105,Biskra,Prepaid,17,1076.53,22.65,62,0,4,17.9,0
C10106,Biskra,Postpaid,57,2152.03,0.87,52,0,1,-10.8,0
C10107,Oran,Postpaid,16,3992.48,78.52,64,1,1,30.3,0
C10108,Bejaia,Prepaid,34,1344.63,5.94,82,0,2,20.6,0
C10109,Biskra,Prepaid,15,2290.41,4.54,67,0,3,51.9,0
C10110,Constantine,Prepaid,22,1057.19,49.76,33,0,2,14.4,0
C10111,Chlef,Prepaid,14,1931.2,2.5,9,0,5,-17.4,0
C10112,Tiaret,Prepaid,4,1263.8,5.75,19,1,3,31.2,0
C10113,Annaba,Prepaid,12,1225.37,9.01,74,2,4,7.4,0
C10114,Constantine,Prepaid,15,1381.39,38.03,25,0,3,0.3,0
C10115,Batna,Prepaid,30,1573.24,15.39,112,0,1,-8.5,0
C10116,Tlemcen,Prepaid,10,2357.02,25.49,27,2,4,39.1,1
C10117,Setif,Prepaid,34,1993.52,14.75,83,0,1,40.1,0
C10118,Tizi Ouzou,Postpaid,45,2894.8,15.42,27,1,1,7.6,0
C10119,Biskra,Postpaid,18,1931.36,7.06,16,1,1,-20.0,0
C10120,Tiaret,Prepaid,46,1904.91,27.86,32,0,1,3.6,0
C10121,Chlef,Prepaid,4,577.3,20.27,63,1,6,34.0,1
C10122,Annaba,Prepaid,14,1676.54,4.69,45,0,1,19.5,0
C10123,Biskra,Prepaid,43,1786.54,2.8,43,1,2,61.2,1
C10124,Blida,Prepaid,22,1511.96,0.62,58,0,5,18.5,0
C10125,Ghardaia,Prepaid,17,698.7,25.64,41,0,5,33.8,0
C10126,Ouargla,Postpaid,30,2162.23,13.69,96,0,1,-15.9,0
C10127,Ouargla,Prepaid,22,1421.91,13.08,14,0,3,21.7,0
C10128,Algiers,Postpaid,72,2077.61,7.83,69,1,1,42.6,0
C10129,Annaba,Prepaid,11,849.61,6.14,48,0,2,-4.2,0
C10130,Ghardaia,Prepaid,26,1631.31,5.49,75,2,6,-15.2,0
C10131,Algiers,Prepaid,48,904.65,10.74,45,1,4,-7.6,0
C10132,Ouargla,Postpaid,25,1890.0,68.47,49,1,1,34.5,0
C10133,Blida,Prepaid,19,1651.87,17.27,30,0,4,-18.3,0
C10134,Tlemcen,Prepaid,27,2477.87,10.15,47,2,1,36.0,1
C10135,Setif,Postpaid,35,2969.49,5.09,44,0,1,-3.9,0
C10136,Oran,Postpaid,38,2453.65,27.73,47,0,1,35.4,0
C10137,Annaba,Prepaid,24,1214.14,0.99,49,1,2,28.2,1
C10138,Tizi Ouzou,Prepaid,2,795.15,13.53,26,0,4,25.4,0
C10139,Bejaia,Prepaid,18,1231.46,1.81,38,0,2,22.6,0
C10140,Tizi Ouzou,Prepaid,18,1401.52,13.69,68,0,1,-11.1,0
C10141,Tiaret,Postpaid,4,2453.9,18.52,41,1,1,0.6,0
C10142,Blida,Prepaid,29,1001.78,0.5,52,0,1,14.6,0
C10143,Annaba,Prepaid,2,2430.28,2.28,27,0,3,10.7,1
C10144,Biskra,Prepaid,8,400.0,16.31,70,0,2,31.9,0
C10145,Batna,Prepaid,15,1860.67,14.17,54,0,4,15.8,0
C10146,Tlemcen,Prepaid,17,2261.06,1.03,52,0,2,-18.7,0
C10147,Tizi Ouzou,Prepaid,26,1978.91,4.31,63,0,5,39.9,0
C10148,Tizi Ouzou,Prepaid,5,1148.77,14.46,60,0,5,-1.1,0
C10149,Biskra,Postpaid,41,3769.53,1.92,71,0,1,-11.1,0
C10150,Batna,Prepaid,24,1473.85,30.52,41,1,3,22.6,0
C10151,Constantine,Postpaid,14,2783.68,18.25,44,1,1,19.5,0
C10152,Setif,Postpaid,15,2544.17,9.87,60,1,1,72.5,0
C10153,Constantine,Prepaid,24,519.62,20.05,67,0,3,8.7,0
C10154,Annaba,Prepaid,14,974.74,18.49,17,0,3,2.1,0
C10155,Tiaret,Postpaid,15,2609.55,2.26,23,0,1,-5.4,0
C10156,Chlef,Prepaid,19,1866.3,0.5,31,0,5,44.2,0
C10157,Chlef,Prepaid,10,2679.1,11.54,32,0,3,55.8,1
C10158,Setif,Postpaid,28,2241.73,17.22,33,1,1,-13.5,0
C10159,Tiaret,Prepaid,8,1332.38,85.0,61,1,5,61.5,1
C10160,Bejaia,Postpaid,14,1976.36,12.41,5,0,1,-20.0,0
C10161,Tlemcen,Prepaid,18,515.78,25.83,43,0,4,10.2,0
C10162,Tizi Ouzou,Prepaid,16,2286.13,2.42,65,0,4,24.9,0
C10163,Bejaia,Prepaid,15,1298.16,4.02,43,0,3,7.4,0
C10164,Tlemcen,Prepaid,16,1026.39,7.41,23,0,3,21.2,0
C10165,Blida,Prepaid,3,1135.47,11.66,60,0,1,17.0,1
C10166,Annaba,Prepaid,9,994.87,1.71,106,1,4,19.4,1
C10167,Constantine,Prepaid,15,985.49,8.69,67,0,4,30.5,0
C10168,Chlef,Prepaid,40,1428.51,2.52,30,0,2,18.1,0
C10169,Batna,Prepaid,12,1655.71,10.83,46,0,4,22.5,0
C10170,Oran,Postpaid,38,2230.71,4.74,16,1,1,44.7,0
C10171,Ouargla,Prepaid,17,1826.39,5.33,62,2,4,1.3,0
C10172,Algiers,Postpaid,7,2875.34,29.97,52,1,1,13.0,0
C10173,Ghardaia,Postpaid,35,3531.02,2.48,69,0,1,44.7,0
C10174,Oran,Prepaid,8,1698.22,17.34,76,0,3,47.9,0
C10175,Constantine,Prepaid,15,400.0,17.43,36,1,2,0.9,0
C10176,Biskra,Prepaid,45,1238.84,25.78,75,0,1,15.9,0
C10177,Constantine,Prepaid,6,1993.84,25.4,59,0,2,49.4,1
C10178,Ouargla,Prepaid,7,1061.13,39.0,19,2,4,-15.3,1
C10179,Biskra,Postpaid,26,3834.92,27.99,2,0,1,21.3,0
C10180,Tlemcen,Prepaid,11,1354.73,27.36,57,0,3,19.9,0
C10181,Bejaia,Postpaid,7,3305.89,1.67,39,1,1,9.4,0
C10182,Oran,Prepaid,2,1251.87,19.03,24,0,2,38.8,1
C10183,Tlemcen,Postpaid,27,2177.93,0.92,73,1,1,21.6,0
C10184,Tlemcen,Postpaid,19,3250.68,7.98,32,1,1,11.6,0
C10185,Bejaia,Prepaid,36,2274.79,1.54,12,0,3,69.3,0
C10186,Batna,Postpaid,42,2997.24,4.11,52,0,1,-0.3,0
C10187,Chlef,Prepaid,14,400.0,3.25,64,0,1,7.3,0
C10188,Setif,Postpaid,23,4375.06,1.28,62,0,1,7.0,0
C10189,Chlef,Prepaid,16,1938.07,7.67,14,0,2,21.7,0
C10190,Ghardaia,Prepaid,30,1128.81,4.17,51,0,2,55.3,1
C10191,Algiers,Prepaid,8,400.0,19.47,26,0,3,9.4,0
C10192,Biskra,Postpaid,36,3352.11,14.15,48,1,1,24.5,0
C10193,Tiaret,Prepaid,6,1454.28,9.32,33,0,1,-20.0,0
C10194,Oran,Prepaid,31,1613.6,4.51,31,0,6,8.4,0
C10195,Biskra,Postpaid,20,2769.21,12.22,32,0,1,54.6,0
C10196,Tizi Ouzou,Prepaid,6,1194.59,0.5,38,1,2,0.9,1
C10197,Chlef,Prepaid,34,808.3,61.96,34,0,1,-5.2,0
C10198,Ouargla,Prepaid,16,1162.15,0.5,45,0,2,8.5,0
C10199,Setif,Prepaid,15,1514.49,57.9,56,0,5,12.3,0
C10200,Ouargla,Prepaid,24,400.0,20.09,97,1,5,-11.6,0
C10201,Biskra,Prepaid,14,1163.95,5.97,58,0,3,10.7,0
C10202,Blida,Prepaid,13,1950.48,13.57,38,0,6,-16.9,0
C10203,Oran,Prepaid,4,1526.87,10.67,40,1,4,22.0,1
C10204,Setif,Postpaid,6,2765.93,6.59,28,1,1,-1.3,0
C10205,Tlemcen,Prepaid,16,1542.78,43.74,80,0,4,44.1,0
C10206,Constantine,Postpaid,25,900.0,17.96,42,1,1,-9.3,0
C10207,Batna,Postpaid,8,2155.43,4.89,59,0,1,33.1,0
C10208,Algiers,Prepaid,22,1103.08,26.18,63,0,5,14.3,0
C10209,Tiaret,Prepaid,3,583.72,23.12,41,1,2,15.8,1
C10210,Tizi Ouzou,Prepaid,16,991.46,1.06,49,0,3,-10.0,0
C10211,Tiaret,Prepaid,29,1303.09,14.32,45,1,1,49.0,0
C10212,Setif,Prepaid,16,1901.85,1.04,75,1,6,36.1,0
C10213,Chlef,Postpaid,33,4393.78,9.61,67,0,1,23.4,0
C10214,Ouargla,Prepaid,8,1960.52,4.52,48,1,2,35.6,1
C10215,Constantine,Prepaid,13,1011.23,21.78,67,1,2,9.3,0
C10216,Chlef,Postpaid,20,2221.21,17.04,18,0,1,28.1,0
C10217,Tizi Ouzou,Prepaid,17,1498.66,14.47,41,0,3,25.2,0
C10218,Oran,Prepaid,4,400.0,0.75,16,1,1,23.2,1
C10219,Ghardaia,Prepaid,12,2451.9,13.1,24,0,4,24.4,0
C10220,Biskra,Prepaid,33,715.65,30.93,62,0,2,1.4,0
C10221,Setif,Prepaid,3,1459.51,9.51,26,0,3,75.3,1
C10222,Ghardaia,Prepaid,24,1379.16,20.82,72,1,1,9.1,0
C10223,Biskra,Prepaid,18,2174.51,51.2,18,1,4,19.3,0
C10224,Chlef,Postpaid,1,1991.41,19.27,11,0,1,15.5,0
C10225,Bejaia,Postpaid,14,2177.49,13.64,41,1,1,23.1,0
C10226,Annaba,Prepaid,44,892.45,4.8,42,0,4,23.3,0
C10227,Constantine,Prepaid,8,2444.77,3.88,60,0,3,1.8,0
C10228,Blida,Prepaid,14,2086.42,2.54,46,0,2,26.2,0
C10229,Ouargla,Prepaid,3,1631.09,13.63,51,1,2,25.6,1
C10230,Constantine,Prepaid,15,778.34,15.38,19,0,4,52.1,0
C10231,Chlef,Prepaid,25,1296.26,5.43,61,1,1,11.2,0
C10232,Ouargla,Prepaid,58,1276.49,35.28,13,1,2,-1.2,0
C10233,Tizi Ouzou,Prepaid,20,1475.2,21.69,70,0,1,-20.0,0
C10234,Chlef,Prepaid,9,1101.15,3.49,27,0,3,4.8,0
C10235,Tizi Ouzou,Postpaid,4,3889.2,4.65,50,0,1,10.3,0
C10236,Algiers,Postpaid,12,900.0,5.64,55,1,1,15.3,0
C10237,Bejaia,Prepaid,22,1602.15,14.88,64,0,4,17.7,0
C10238,Blida,Prepaid,11,1359.24,0.79,2,1,4,-12.2,0
C10239,Batna,Prepaid,36,1810.28,5.51,33,1,1,3.5,0
C10240,Algiers,Postpaid,10,3524.54,11.01,53,1,1,25.5,1
C10241,Oran,Postpaid,3,3115.41,10.1,53,0,1,30.2,0
C10242,Tizi Ouzou,Postpaid,33,3247.1,18.28,58,1,1,1.6,0
C10243,Blida,Prepaid,22,1789.47,9.6,49,0,4,26.4,0
C10244,Tizi Ouzou,Prepaid,13,1364.2,3.75,58,1,3,27.5,0
C10245,Ghardaia,Prepaid,50,1419.97,11.26,36,0,4,3.0,0
C10246,Ouargla,Prepaid,21,1804.93,11.87,17,2,4,5.8,0
C10247,Setif,Prepaid,7,849.1,18.47,72,0,1,1.6,0
C10248,Annaba,Prepaid,12,1318.34,15.58,59,0,3,6.0,0
C10249,Algiers,Prepaid,13,1135.98,0.98,46,0,3,9.2,0
C10250,Annaba,Prepaid,10,2250.76,3.22,33,0,1,-8.0,0
C10251,Tizi Ouzou,Prepaid,17,1597.97,12.79,42,0,2,-17.5,0
C10252,Bejaia,Prepaid,36,1906.84,12.75,27,2,1,28.8,1
C10253,Oran,Prepaid,46,1762.36,12.24,47,0,3,29.3,0
C10254,Oran,Prepaid,12,1610.23,1.36,44,2,3,4.1,0
C10255,Tiaret,Prepaid,16,1356.62,17.53,63,0,1,22.4,0
C10256,Batna,Prepaid,9,964.74,18.47,32,0,3,0.5,0
C10257,Ghardaia,Postpaid,22,2894.15,3.13,64,0,1,36.7,0
C10258,Oran,Prepaid,14,1090.22,4.38,100,0,5,22.6,0
C10259,Ouargla,Postpaid,59,2112.11,8.18,85,1,1,3.0,0
C10260,Chlef,Prepaid,17,440.16,1.56,47,1,4,-16.4,0
C10261,Ouargla,Prepaid,24,880.57,1.64,69,0,4,-12.1,0
C10262,Constantine,Prepaid,1,1666.42,5.15,60,2,4,17.1,0
C10263,Constantine,Postpaid,33,1208.83,15.82,41,2,1,66.4,0
C10264,Biskra,Prepaid,7,1667.39,2.53,41,0,2,39.4,1
C10265,Batna,Prepaid,13,1612.48,10.25,41,0,3,-19.4,0
C10266,Chlef,Prepaid,18,1622.52,10.9,6,1,1,15.0,0
C10267,Constantine,Prepaid,21,1862.14,1.75,27,0,3,25.8,0
C10268,Setif,Prepaid,29,1282.69,0.5,53,1,1,80.5,1
C10269,Chlef,Prepaid,6,1819.12,25.32,86,2,3,42.4,1
C10270,Ghardaia,Prepaid,21,1251.19,6.87,46,2,2,36.2,0
C10271,Bejaia,Postpaid,19,2236.17,7.96,37,1,1,-11.9,0
C10272,Tlemcen,Prepaid,10,1307.74,14.97,41,1,5,31.3,0
C10273,Annaba,Prepaid,20,2156.5,21.32,80,1,4,-13.6,0
C10274,Tizi Ouzou,Prepaid,40,1748.95,19.41,45,2,3,34.6,0
C10275,Chlef,Prepaid,7,1598.96,3.16,68,0,2,-4.0,0
C10276,Ouargla,Prepaid,16,1851.14,6.76,37,1,3,-1.4,0
C10277,Tiaret,Prepaid,18,1373.59,2.97,28,1,1,-20.0,0
C10278,Tiaret,Prepaid,24,1712.82,7.93,79,0,2,6.7,0
C10279,Annaba,Prepaid,17,1268.28,77.86,41,2,4,-2.7,0
C10280,Tiaret,Prepaid,27,1706.23,1.95,36,0,3,45.4,0
C10281,Setif,Prepaid,33,743.89,0.56,61,1,5,65.3,1
C10282,Tlemcen,Postpaid,48,3749.7,6.9,58,2,1,-20.0,0
C10283,Biskra,Postpaid,18,3327.0,17.58,34,0,1,18.1,0
C10284,Biskra,Prepaid,35,1400.69,16.44,70,0,1,48.5,0
C10285,Blida,Prepaid,7,1201.15,15.43,40,0,6,23.6,0
C10286,Batna,Prepaid,39,909.87,7.2,53,0,7,-13.8,0
C10287,Tizi Ouzou,Prepaid,28,996.28,13.07,23,2,3,30.6,0
C10288,Chlef,Postpaid,20,2648.6,51.84,43,3,1,-1.7,0
C10289,Batna,Prepaid,14,625.69,22.41,37,0,1,-10.4,0
C10290,Oran,Prepaid,8,751.94,5.87,55,1,2,14.2,1
C10291,Annaba,Prepaid,39,1541.09,2.18,107,0,3,12.6,0
C10292,Annaba,Prepaid,2,1203.1,8.59,34,1,3,43.2,1
C10293,Oran,Postpaid,22,1347.01,9.41,37,1,1,46.2,0
C10294,Blida,Prepaid,13,1927.22,1.89,41,0,5,62.6,0
C10295,Algiers,Prepaid,5,1730.36,2.13,22,0,5,0.3,0
C10296,Bejaia,Prepaid,22,1184.81,6.57,52,1,1,17.9,0
C10297,Chlef,Postpaid,11,2914.52,29.01,33,0,1,22.4,0
C10298,Annaba,Prepaid,10,1629.19,9.32,42,1,2,-8.4,0
C10299,Bejaia,Prepaid,15,1844.99,9.35,58,0,2,1.8,0
C10300,Annaba,Postpaid,10,1878.5,9.98,52,0,1,-20.0,0
C10301,Algiers,Postpaid,4,2404.03,13.12,55,0,1,4.6,0
C10302,Oran,Postpaid,41,2200.28,15.84,64,0,1,10.6,0
C10303,Tiaret,Prepaid,43,1468.92,45.6,46,1,3,32.4,0
C10304,Biskra,Prepaid,29,1172.23,4.55,59,0,3,39.8,0
C10305,Algiers,Prepaid,10,1285.23,25.19,20,1,2,31.0,1
C10306,Annaba,Prepaid,6,1549.2,3.97,2,0,3,45.1,1
C10307,Oran,Prepaid,29,1483.33,7.21,86,3,2,-12.6,1
C10308,Tizi Ouzou,Prepaid,11,871.72,4.75,85,0,3,34.5,0
C10309,Algiers,Prepaid,30,1452.88,37.54,75,1,4,33.3,0
C10310,Ghardaia,Prepaid,23,1653.18,1.77,101,1,1,18.7,0
C10311,Blida,Prepaid,17,1293.9,39.0,60,2,1,13.4,1
C10312,Oran,Prepaid,12,2343.84,12.07,62,0,1,25.7,0
C10313,Chlef,Prepaid,5,701.44,1.24,33,0,1,45.8,1
C10314,Annaba,Prepaid,36,1168.42,5.06,2,1,2,19.8,0
C10315,Setif,Prepaid,16,1143.08,49.64,26,0,4,6.4,0
C10316,Biskra,Prepaid,20,946.5,6.13,52,0,2,44.0,0
C10317,Batna,Postpaid,3,3496.9,7.46,30,1,1,10.9,0
C10318,Annaba,Prepaid,21,1233.57,29.61,41,0,1,15.4,0
C10319,Chlef,Prepaid,19,1746.36,10.61,35,1,5,34.4,0
C10320,Constantine,Prepaid,18,2027.41,34.52,23,0,1,13.6,0
C10321,Tiaret,Prepaid,26,517.7,18.25,57,0,3,41.0,0
C10322,Tizi Ouzou,Postpaid,39,2291.68,16.31,71,0,1,-17.3,0
C10323,Tizi Ouzou,Prepaid,1,2030.66,19.82,21,1,3,-6.0,0
C10324,Bejaia,Prepaid,33,2227.7,28.39,36,1,2,-20.0,0
C10325,Bejaia,Prepaid,14,1415.54,12.43,47,0,3,16.0,0
C10326,Batna,Prepaid,7,1867.21,0.73,2,0,4,25.8,1
C10327,Annaba,Prepaid,25,1125.63,5.76,28,1,3,31.9,0
C10328,Ouargla,Prepaid,1,1212.59,2.46,2,0,4,30.2,1
C10329,Batna,Prepaid,11,1052.7,0.82,28,0,5,54.2,1
C10330,Ouargla,Prepaid,5,1788.01,3.66,61,0,3,34.0,0
C10331,Tlemcen,Postpaid,31,2939.39,6.26,32,1,1,37.3,0
C10332,Annaba,Postpaid,13,1413.11,5.61,6,0,1,5.7,0
C10333,Oran,Postpaid,30,2952.84,20.3,33,0,1,37.5,0
C10334,Oran,Prepaid,30,2244.22,7.85,87,0,4,-3.4,0
C10335,Biskra,Prepaid,25,741.86,26.51,26,0,3,-6.2,0
C10336,Tlemcen,Prepaid,14,1666.74,11.12,90,0,2,40.2,0
C10337,Blida,Postpaid,45,3868.24,34.89,71,0,1,26.0,0
C10338,Tlemcen,Prepaid,52,1522.41,15.94,71,1,4,31.3,0
C10339,Tlemcen,Prepaid,14,1423.0,11.39,20,0,5,-4.0,0
C10340,Batna,Prepaid,30,1760.57,0.5,31,0,1,30.2,1
C10341,Ghardaia,Prepaid,1,1838.23,1.4,34,0,1,14.2,1
C10342,Tiaret,Prepaid,37,1569.01,15.63,12,1,2,23.5,0
C10343,Algiers,Prepaid,48,1751.44,9.7,55,1,4,3.5,0
C10344,Biskra,Prepaid,12,1608.22,10.91,33,0,7,44.5,0
C10345,Biskra,Prepaid,34,1637.58,4.07,47,0,6,35.9,0
C10346,Biskra,Postpaid,44,2973.15,2.95,95,1,1,32.7,0
C10347,Oran,Prepaid,12,1322.22,15.76,75,0,2,7.9,0
C10348,Algiers,Prepaid,19,910.59,5.8,44,0,2,26.5,0
C10349,Tlemcen,Postpaid,2,2154.1,15.09,18,0,1,1.9,0
C10350,Tiaret,Postpaid,19,2932.06,12.89,21,0,1,-20.0,0
C10351,Blida,Prepaid,6,1220.65,28.77,74,0,6,42.6,0
C10352,Ouargla,Prepaid,18,1004.15,2.17,30,0,1,64.3,0
C10353,Ghardaia,Prepaid,36,1558.57,24.7,39,1,6,29.0,0
C10354,Oran,Prepaid,22,400.0,9.19,58,2,3,0.3,0
C10355,Annaba,Prepaid,55,983.97,32.58,35,0,3,7.7,0
C10356,Annaba,Prepaid,22,1609.1,11.33,35,1,5,26.7,0
C10357,Annaba,Prepaid,17,1688.4,11.87,19,0,4,18.6,0
C10358,Chlef,Prepaid,4,1466.14,2.5,30,0,3,3.1,0
C10359,Batna,Prepaid,20,400.0,2.2,39,0,5,57.4,1
C10360,Constantine,Postpaid,24,2644.75,14.52,18,0,1,3.6,0
C10361,Tlemcen,Prepaid,3,1459.8,1.12,2,0,4,43.8,1
C10362,Constantine,Prepaid,1,1238.28,1.45,36,1,2,-7.9,1
C10363,Setif,Prepaid,13,1293.27,11.08,70,0,4,-7.4,0
C10364,Batna,Postpaid,17,2633.28,53.58,10,0,1,0.1,0
C10365,Annaba,Prepaid,47,526.18,0.86,54,1,3,47.0,0
C10366,Ghardaia,Prepaid,18,1403.11,2.0,83,0,2,0.5,0
C10367,Tizi Ouzou,Prepaid,1,1139.3,2.47,88,0,5,67.4,1
C10368,Oran,Prepaid,36,1087.95,11.73,24,1,4,8.4,0
C10369,Batna,Prepaid,11,616.07,0.5,50,0,1,39.8,1
C10370,Ouargla,Prepaid,25,1461.54,13.76,46,0,2,29.5,0
C10371,Ghardaia,Postpaid,19,3298.31,7.86,56,2,1,0.7,0
C10372,Ghardaia,Prepaid,8,866.88,13.38,88,0,1,-20.0,0
C10373,Chlef,Prepaid,37,1201.89,22.44,74,1,5,72.6,0
C10374,Oran,Prepaid,23,1499.47,29.65,70,0,2,23.4,0
C10375,Algiers,Prepaid,11,1217.1,3.82,48,1,6,-5.2,0
C10376,Biskra,Prepaid,17,1455.69,20.33,32,2,4,24.5,0
C10377,Chlef,Prepaid,4,1575.74,14.51,8,1,2,-20.0,0
C10378,Ghardaia,Prepaid,18,1437.88,26.2,53,0,4,11.9,0
C10379,Algiers,Prepaid,16,1035.66,23.16,23,1,2,0.9,0
C10380,Oran,Prepaid,18,1582.07,10.0,48,0,6,39.7,0
C10381,Tizi Ouzou,Postpaid,36,1782.39,1.98,38,1,1,-13.6,0
C10382,Ouargla,Postpaid,14,3774.24,25.35,39,0,1,30.1,0
C10383,Ghardaia,Prepaid,8,2547.38,1.56,66,1,4,-9.5,1
C10384,Annaba,Postpaid,10,2816.19,13.97,52,0,1,39.9,0
C10385,Constantine,Prepaid,22,1419.72,10.29,20,0,1,15.4,0
C10386,Tlemcen,Prepaid,14,1346.83,7.68,86,1,1,27.4,0
C10387,Batna,Prepaid,3,1257.25,12.69,51,1,1,9.3,1
C10388,Batna,Prepaid,12,725.98,2.57,62,0,4,18.7,0
C10389,Annaba,Postpaid,7,2482.02,13.6,15,1,1,46.3,0
C10390,Ghardaia,Prepaid,52,1097.3,9.24,47,2,3,20.6,0
C10391,Tlemcen,Postpaid,20,2234.25,5.76,35,1,1,-11.6,0
C10392,Tizi Ouzou,Prepaid,3,1635.77,33.0,41,0,4,-3.1,0
C10393,Algiers,Postpaid,15,2387.65,21.4,37,0,1,-7.3,0
C10394,Constantine,Prepaid,19,2051.64,26.93,52,0,3,54.2,0
C10395,Tlemcen,Postpaid,14,2737.86,7.0,15,0,1,27.2,0
C10396,Algiers,Prepaid,17,415.75,2.37,76,0,4,9.5,0
C10397,Tlemcen,Prepaid,12,1338.14,2.13,45,1,4,13.9,0
C10398,Setif,Prepaid,36,661.97,1.0,58,0,5,40.9,0
C10399,Tizi Ouzou,Prepaid,20,857.81,3.07,41,0,2,39.5,0
C10400,Ouargla,Prepaid,7,2102.47,22.6,16,0,3,47.4,0
C10401,Ouargla,Prepaid,6,1973.53,6.85,61,0,1,3.7,0
C10402,Batna,Prepaid,6,1377.27,30.22,84,0,3,-19.8,0
C10403,Setif,Prepaid,13,1697.85,42.53,74,1,2,9.0,0
C10404,Tlemcen,Prepaid,20,1487.77,8.24,45,0,3,32.5,0
C10405,Tiaret,Prepaid,26,1691.29,6.32,43,2,5,34.6,1
C10406,Tiaret,Postpaid,10,2515.46,19.35,90,0,1,-13.4,0
C10407,Ouargla,Prepaid,4,1509.27,3.41,84,3,3,38.7,1
C10408,Chlef,Prepaid,7,1823.97,0.5,40,0,3,39.0,1
C10409,Biskra,Prepaid,23,1039.69,51.88,64,0,4,46.2,0
C10410,Tiaret,Prepaid,32,1125.2,26.99,2,0,2,28.4,0
C10411,Batna,Prepaid,5,1274.21,3.06,60,0,6,12.7,0
C10412,Constantine,Prepaid,22,1840.14,4.19,64,0,3,-0.2,0
C10413,Annaba,Prepaid,69,2026.31,13.44,23,3,2,-16.9,1
C10414,Setif,Prepaid,39,2220.31,10.26,55,0,1,2.0,0
C10415,Annaba,Prepaid,53,1012.69,5.97,10,2,4,44.6,0
C10416,Algiers,Prepaid,13,2221.69,9.29,100,0,4,24.4,0
C10417,Bejaia,Prepaid,10,1155.86,3.04,82,0,4,15.7,0
C10418,Tiaret,Prepaid,19,1360.47,26.01,36,0,2,-20.0,0
C10419,Chlef,Prepaid,4,1060.68,6.4,52,3,3,6.8,1
C10420,Algiers,Prepaid,32,2210.49,4.64,59,0,3,9.5,0
C10421,Tiaret,Prepaid,16,1014.81,26.75,63,0,1,85.0,1
C10422,Blida,Prepaid,3,1462.08,1.89,80,0,4,26.2,1
C10423,Algiers,Postpaid,29,2342.51,3.16,52,1,1,22.4,0
C10424,Algiers,Prepaid,9,1177.03,5.53,22,1,3,12.4,0
C10425,Bejaia,Prepaid,12,1218.15,0.5,76,1,3,9.4,0
C10426,Batna,Prepaid,17,850.69,38.97,27,1,5,-15.5,0
C10427,Chlef,Prepaid,28,909.8,57.0,77,1,1,37.2,0
C10428,Tizi Ouzou,Postpaid,39,3344.92,7.01,24,1,1,67.9,0
C10429,Ghardaia,Prepaid,13,820.86,0.83,69,0,1,20.2,0
C10430,Chlef,Prepaid,32,1468.07,0.5,71,0,1,46.8,0
C10431,Constantine,Prepaid,16,1528.11,12.21,56,0,4,22.8,0
C10432,Algiers,Postpaid,11,2102.22,11.17,69,0,1,9.6,0
C10433,Chlef,Prepaid,37,469.02,8.87,38,0,3,34.8,0
C10434,Oran,Postpaid,9,2211.71,5.66,44,1,1,27.3,1
C10435,Ghardaia,Postpaid,12,2780.93,4.63,45,0,1,-12.7,0
C10436,Constantine,Postpaid,16,2857.27,7.94,10,0,1,80.9,0
C10437,Oran,Postpaid,1,2971.27,4.58,61,0,1,-4.8,0
C10438,Bejaia,Prepaid,23,400.0,5.06,42,2,2,36.2,1
C10439,Oran,Prepaid,17,1679.17,16.53,11,2,3,64.7,1
C10440,Biskra,Prepaid,16,1989.26,16.62,14,0,3,47.2,0
C10441,Ghardaia,Prepaid,3,810.27,22.12,81,0,3,41.8,0
C10442,Annaba,Prepaid,17,628.44,47.74,61,0,1,41.4,0
C10443,Tlemcen,Prepaid,8,2112.25,28.25,28,0,1,-3.8,0
C10444,Oran,Postpaid,16,2920.81,4.47,53,1,1,11.7,0
C10445,Tizi Ouzou,Prepaid,15,402.94,51.59,26,0,2,67.3,0
C10446,Bejaia,Postpaid,28,1878.22,15.82,52,0,1,52.7,0
C10447,Annaba,Prepaid,15,2002.55,11.02,14,0,5,-9.6,0
C10448,Bejaia,Prepaid,46,1040.76,52.48,12,2,1,10.1,0
C10449,Bejaia,Prepaid,43,1416.35,16.27,70,0,2,18.9,0
C10450,Algiers,Prepaid,3,941.93,23.37,70,0,2,57.5,1
C10451,Bejaia,Prepaid,33,2202.05,11.76,33,0,4,-20.0,0
C10452,Oran,Prepaid,18,1877.66,3.71,48,0,2,-8.5,0
C10453,Tlemcen,Prepaid,6,977.44,1.57,63,1,4,4.7,1
C10454,Biskra,Prepaid,20,1997.74,0.5,2,1,5,-20.0,0
C10455,Bejaia,Prepaid,22,1014.14,1.58,92,1,1,25.6,1
C10456,Bejaia,Prepaid,10,1197.82,13.2,44,1,4,23.1,0
C10457,Chlef,Prepaid,36,1560.44,0.5,71,3,3,38.6,1
C10458,Blida,Prepaid,33,1337.41,0.57,71,1,4,3.6,0
C10459,Tizi Ouzou,Prepaid,10,705.2,10.43,40,0,4,-20.0,0
C10460,Setif,Prepaid,37,1019.29,14.92,50,2,2,2.9,0
C10461,Annaba,Prepaid,15,1166.85,25.55,40,0,1,27.5,0
C10462,Biskra,Prepaid,35,1500.23,12.23,37,0,3,2.6,0
C10463,Tiaret,Postpaid,10,2662.23,23.97,22,0,1,-18.3,0
C10464,Blida,Prepaid,40,871.3,6.08,66,1,4,25.4,0
C10465,Annaba,Prepaid,38,1822.9,0.81,62,0,4,26.2,0
C10466,Setif,Postpaid,33,1823.56,17.44,36,0,1,-1.3,0
C10467,Tlemcen,Prepaid,10,1597.71,3.71,58,0,2,-7.1,0
C10468,Constantine,Prepaid,33,920.61,11.64,54,0,1,10.3,0
C10469,Biskra,Prepaid,20,1728.88,15.81,27,0,3,0.2,0
C10470,Biskra,Postpaid,7,2826.42,3.07,77,0,1,-16.5,0
C10471,Setif,Prepaid,35,1373.45,31.03,74,1,2,21.4,0
C10472,Batna,Postpaid,36,1890.92,22.43,52,1,1,7.4,0
C10473,Blida,Prepaid,53,1585.11,4.08,45,1,4,9.1,0
C10474,Tizi Ouzou,Prepaid,29,2124.93,2.21,36,1,1,31.4,0
C10475,Ouargla,Prepaid,19,1795.93,85.0,32,2,2,-6.1,1
C10476,Tizi Ouzou,Prepaid,16,1101.79,4.44,38,0,3,44.1,0
C10477,Oran,Prepaid,10,1815.81,9.61,51,1,4,40.5,1
C10478,Algiers,Prepaid,39,710.6,78.11,2,0,4,8.1,0
C10479,Batna,Postpaid,30,2748.63,7.56,76,0,1,6.4,0
C10480,Bejaia,Prepaid,8,1974.22,2.17,36,0,5,16.4,0
C10481,Bejaia,Prepaid,14,1404.38,18.45,85,0,2,23.9,0
C10482,Oran,Prepaid,25,742.06,28.24,36,1,1,-20.0,0
C10483,Oran,Prepaid,2,400.0,12.35,39,0,5,11.0,0
C10484,Chlef,Prepaid,13,1713.31,10.96,60,0,6,-5.0,0
C10485,Annaba,Prepaid,42,1258.39,36.56,22,1,3,-6.4,0
C10486,Chlef,Postpaid,5,3222.41,3.94,24,1,1,40.8,1
C10487,Setif,Postpaid,14,2225.33,3.34,72,0,1,-1.3,0
C10488,Constantine,Prepaid,15,1521.55,2.44,53,1,3,18.2,0
C10489,Tizi Ouzou,Prepaid,38,1087.21,7.3,45,1,4,27.3,0
C10490,Blida,Prepaid,22,1578.49,12.01,22,1,3,33.1,0
C10491,Tizi Ouzou,Prepaid,2,2456.17,9.79,37,1,3,25.2,0
C10492,Oran,Prepaid,20,1878.92,1.06,60,0,3,34.2,0
C10493,Tizi Ouzou,Postpaid,16,2869.6,11.08,56,0,1,10.9,0
C10494,Annaba,Postpaid,14,2335.52,1.49,33,0,1,44.6,0
C10495,Blida,Prepaid,5,1734.42,1.9,70,0,3,27.4,0
C10496,Setif,Prepaid,16,912.6,42.02,64,0,3,42.0,0
C10497,Constantine,Prepaid,6,400.0,5.68,73,0,3,-20.0,0
C10498,Batna,Postpaid,1,2489.33,8.64,36,0,1,13.7,0
C10499,Ghardaia,Prepaid,2,1769.59,4.18,56,0,3,54.6,1
C10500,Chlef,Prepaid,41,1190.28,18.97,54,0,1,6.1,0
C10501,Tiaret,Postpaid,38,2031.62,1.2,18,0,1,32.0,0
C10502,Setif,Prepaid,30,874.69,1.69,51,0,2,16.3,0
C10503,Bejaia,Prepaid,11,1020.62,1.13,83,0,3,10.0,0
C10504,Ouargla,Postpaid,35,2945.13,29.22,41,1,1,-20.0,0
C10505,Biskra,Prepaid,18,1708.38,2.05,68,1,4,-11.2,0
C10506,Chlef,Prepaid,15,557.67,25.35,51,0,2,79.9,1
C10507,Algiers,Prepaid,10,892.76,49.15,42,0,3,29.6,0
C10508,Biskra,Prepaid,32,2086.96,2.37,56,0,3,4.4,0
C10509,Ghardaia,Prepaid,8,2204.76,41.35,53,0,2,-10.3,0
C10510,Chlef,Prepaid,6,1395.08,22.76,33,0,5,-19.4,0
C10511,Setif,Prepaid,26,1864.12,13.85,41,0,2,48.3,0
C10512,Tizi Ouzou,Postpaid,5,2737.41,14.73,70,3,1,56.6,1
C10513,Biskra,Prepaid,6,1582.24,8.73,53,0,2,42.4,0
C10514,Oran,Prepaid,31,1635.68,55.8,75,0,3,39.6,0
C10515,Tizi Ouzou,Prepaid,61,1999.67,25.98,18,0,2,21.0,0
C10516,Constantine,Prepaid,7,1734.9,47.58,71,0,3,7.0,0
C10517,Setif,Postpaid,28,2345.08,18.05,42,0,1,7.6,0
C10518,Oran,Prepaid,10,2054.36,10.45,17,1,1,66.1,1
C10519,Tizi Ouzou,Prepaid,20,1326.4,0.5,69,0,6,85.0,0
C10520,Oran,Prepaid,15,1683.39,9.95,87,0,3,-2.7,0
C10521,Tiaret,Prepaid,2,1234.95,24.36,76,0,5,10.7,0
C10522,Chlef,Postpaid,45,3076.81,11.79,48,2,1,31.7,0
C10523,Constantine,Prepaid,16,1032.44,12.22,11,0,1,15.3,0
C10524,Setif,Postpaid,5,3415.32,10.57,67,0,1,8.6,0
C10525,Setif,Prepaid,45,1591.58,7.47,50,1,2,-20.0,0
C10526,Bejaia,Prepaid,22,1815.82,0.86,42,1,3,18.2,0
C10527,Annaba,Postpaid,15,2324.47,7.74,38,0,1,18.6,0
C10528,Tiaret,Prepaid,16,1544.59,2.39,12,2,2,54.7,1
C10529,Blida,Postpaid,17,3274.15,1.71,93,0,1,-20.0,0
C10530,Annaba,Prepaid,31,2562.34,11.23,47,2,2,30.7,1
C10531,Biskra,Prepaid,4,2252.05,16.22,29,1,1,-4.2,1
C10532,Biskra,Postpaid,27,3373.98,17.52,49,1,1,16.9,0
C10533,Ghardaia,Prepaid,11,2669.69,6.77,47,0,4,33.7,1
C10534,Setif,Prepaid,4,1181.92,0.5,27,0,3,-1.3,0
C10535,Chlef,Prepaid,13,1392.86,34.53,62,1,4,24.8,0
C10536,Batna,Prepaid,25,1174.66,22.02,33,0,2,40.8,0
C10537,Setif,Prepaid,28,811.66,2.92,29,2,6,-6.7,0
C10538,Tizi Ouzou,Prepaid,6,1404.57,12.33,2,0,3,34.9,1
C10539,Tizi Ouzou,Prepaid,7,1123.15,16.72,26,0,2,-17.5,0
C10540,Ghardaia,Prepaid,23,1513.25,29.88,4,2,4,-7.9,0
C10541,Algiers,Prepaid,14,2119.41,19.35,40,0,4,6.7,0
C10542,Oran,Postpaid,32,4184.21,10.37,36,0,1,17.7,0
C10543,Biskra,Postpaid,27,2343.8,3.12,36,0,1,59.6,0
C10544,Tlemcen,Prepaid,12,400.0,23.09,57,1,2,-3.4,0
C10545,Ghardaia,Prepaid,20,2434.11,12.39,42,0,4,54.5,0
C10546,Setif,Postpaid,31,2591.35,31.72,43,1,1,-9.1,0
C10547,Algiers,Prepaid,4,1148.27,11.89,31,0,2,46.3,1
C10548,Algiers,Postpaid,9,3360.12,3.96,35,0,1,-18.4,0
C10549,Blida,Prepaid,58,1587.58,16.58,65,0,2,-20.0,0
C10550,Ouargla,Prepaid,26,860.22,15.18,57,0,5,-0.1,0
C10551,Constantine,Prepaid,9,2096.33,37.21,44,0,5,32.4,0
C10552,Biskra,Prepaid,28,909.77,1.31,71,0,3,-4.0,0
C10553,Setif,Prepaid,52,681.95,45.62,42,1,2,-9.6,0
C10554,Constantine,Prepaid,33,1505.15,11.43,32,0,1,45.6,0
C10555,Tiaret,Prepaid,8,1151.02,33.07,33,1,4,6.3,1
C10556,Batna,Prepaid,21,1857.47,18.69,35,0,1,8.1,0
C10557,Chlef,Prepaid,35,943.75,24.47,73,0,3,-20.0,0
C10558,Tiaret,Prepaid,10,1253.68,7.95,15,1,3,-20.0,0
C10559,Tlemcen,Prepaid,6,1366.06,10.29,88,2,3,1.9,1
C10560,Chlef,Prepaid,7,2242.26,35.1,28,1,3,48.8,0
C10561,Algiers,Prepaid,12,750.18,3.6,51,3,2,42.3,1
C10562,Oran,Prepaid,19,1766.53,5.06,30,0,3,22.6,0
C10563,Oran,Postpaid,8,2604.08,7.99,39,0,1,29.7,0
C10564,Tizi Ouzou,Prepaid,9,1722.3,37.58,46,0,4,-9.5,0
C10565,Tiaret,Prepaid,30,1354.46,31.72,2,1,3,-4.3,0
C10566,Tizi Ouzou,Prepaid,5,1796.67,26.7,34,0,4,23.5,0
C10567,Constantine,Prepaid,9,922.97,13.38,43,0,4,23.0,0
C10568,Chlef,Prepaid,15,1158.86,5.41,78,0,4,-10.9,0
C10569,Algiers,Postpaid,2,2425.2,23.4,47,1,1,17.1,0
C10570,Ghardaia,Prepaid,12,1149.9,0.5,19,1,1,64.0,1
C10571,Blida,Prepaid,17,1698.97,4.96,57,0,3,4.7,0
C10572,Bejaia,Prepaid,4,1331.6,11.07,33,0,3,32.6,0
C10573,Chlef,Prepaid,27,1430.95,7.86,66,0,2,9.3,0
C10574,Constantine,Postpaid,50,3158.28,0.55,14,0,1,27.6,0
C10575,Tlemcen,Prepaid,25,400.0,4.04,33,1,2,15.5,0
C10576,Constantine,Postpaid,14,2528.5,23.76,83,2,1,0.6,0
C10577,Algiers,Postpaid,6,2370.1,12.37,12,0,1,2.2,0
C10578,Setif,Prepaid,56,1634.49,2.29,22,1,5,13.4,0
C10579,Blida,Postpaid,28,2631.76,22.72,47,0,1,15.8,0
C10580,Tizi Ouzou,Prepaid,11,1568.68,2.36,36,0,3,-9.5,0
C10581,Tizi Ouzou,Prepaid,16,998.6,11.39,70,1,6,5.5,0
C10582,Ouargla,Prepaid,36,2170.16,1.9,59,0,3,44.0,0
C10583,Ghardaia,Prepaid,22,1261.66,0.97,63,0,1,27.2,0
C10584,Algiers,Prepaid,22,1510.29,33.42,17,1,3,31.5,0
C10585,Tizi Ouzou,Postpaid,17,1918.64,1.02,2,0,1,24.8,0
C10586,Blida,Prepaid,55,1172.27,28.23,45,0,5,-5.3,0
C10587,Annaba,Postpaid,21,2294.45,19.62,54,0,1,67.1,0
C10588,Biskra,Prepaid,13,1671.44,5.29,77,0,1,-0.2,0
C10589,Annaba,Prepaid,33,1906.11,4.26,72,0,3,40.3,0
C10590,Biskra,Prepaid,12,1521.07,3.73,15,0,3,32.3,0
C10591,Oran,Prepaid,18,1772.72,11.49,49,0,6,-18.0,0
C10592,Blida,Postpaid,6,2679.78,10.23,40,0,1,0.9,0
C10593,Ouargla,Prepaid,14,2111.88,2.23,9,0,3,57.8,0
C10594,Chlef,Postpaid,10,2355.23,0.5,61,0,1,16.5,0
C10595,Tizi Ouzou,Prepaid,65,1123.98,23.96,89,1,2,-20.0,0
C10596,Ghardaia,Prepaid,29,1599.02,34.4,55,0,4,7.9,0
C10597,Tlemcen,Prepaid,12,2261.08,0.5,25,1,4,3.8,0
C10598,Bejaia,Prepaid,4,846.76,7.87,48,1,3,20.3,0
C10599,Tiaret,Prepaid,10,1449.47,9.82,59,0,1,17.9,0
C10600,Constantine,Postpaid,12,2731.48,53.6,47,0,1,-20.0,0
C10601,Tizi Ouzou,Prepaid,14,878.86,0.5,33,1,4,-9.5,0
C10602,Tizi Ouzou,Prepaid,9,2387.2,9.22,12,1,3,0.6,0
C10603,Annaba,Prepaid,20,748.58,3.73,54,0,1,36.2,0
C10604,Ghardaia,Prepaid,15,1695.57,4.36,2,0,7,61.3,0
C10605,Constantine,Postpaid,13,2530.97,20.01,51,2,1,24.5,0
C10606,Ouargla,Prepaid,35,1468.37,12.12,2,0,3,22.3,0
C10607,Ouargla,Prepaid,19,979.09,7.22,29,0,3,11.5,0
C10608,Constantine,Prepaid,17,1534.3,52.14,41,0,2,61.5,0
C10609,Tizi Ouzou,Prepaid,18,2081.07,4.03,62,0,3,31.8,0
C10610,Tlemcen,Prepaid,5,1104.36,8.29,89,0,1,13.5,1
C10611,Algiers,Prepaid,7,1117.3,16.4,61,0,2,-7.5,0
C10612,Constantine,Prepaid,13,1084.28,8.63,69,0,1,11.0,0
C10613,Tiaret,Prepaid,9,1206.73,17.23,75,0,1,34.6,0
C10614,Tizi Ouzou,Prepaid,1,2096.23,85.0,54,0,4,-19.8,0
C10615,Blida,Prepaid,12,700.46,25.36,74,0,1,54.3,0
C10616,Ouargla,Prepaid,34,1324.02,5.88,43,0,4,-12.4,0
C10617,Tizi Ouzou,Prepaid,7,2028.81,1.62,11,0,4,-11.0,0
C10618,Tlemcen,Prepaid,6,1722.06,7.51,69,3,3,-20.0,1
C10619,Ouargla,Postpaid,8,3085.06,0.81,50,0,1,-20.0,0
C10620,Biskra,Prepaid,38,2444.0,4.21,48,1,4,-20.0,0
C10621,Ghardaia,Prepaid,35,1468.3,2.56,63,2,3,1.8,0
C10622,Tiaret,Prepaid,56,1417.44,10.53,61,1,1,34.9,0
C10623,Ouargla,Postpaid,50,2529.35,10.94,57,0,1,-1.0,0
C10624,Annaba,Prepaid,5,1906.72,7.02,91,0,5,24.8,0
C10625,Setif,Prepaid,48,1649.3,31.52,26,0,4,28.0,0
C10626,Constantine,Prepaid,25,650.82,3.32,27,1,5,1.3,0
C10627,Ouargla,Prepaid,3,1370.64,27.63,22,1,4,20.7,1
C10628,Tiaret,Prepaid,20,1362.29,12.94,41,0,5,17.9,0
C10629,Oran,Prepaid,18,1048.67,4.27,59,0,1,-7.3,0
C10630,Tlemcen,Prepaid,7,1694.32,19.59,68,0,4,45.5,0
C10631,Ghardaia,Prepaid,18,400.0,4.55,78,1,3,40.5,0
C10632,Algiers,Postpaid,42,4317.31,19.37,99,0,1,30.1,0
C10633,Ghardaia,Prepaid,13,1833.59,1.05,40,0,2,28.4,0
C10634,Batna,Prepaid,23,760.82,79.92,64,0,2,47.0,0
C10635,Annaba,Prepaid,21,1352.44,3.79,31,1,3,12.6,0
C10636,Annaba,Postpaid,28,2858.99,2.11,44,1,1,-6.8,0
C10637,Ghardaia,Prepaid,17,1516.52,34.45,61,0,2,-12.5,0
C10638,Tizi Ouzou,Prepaid,21,2568.91,2.63,28,1,2,41.6,0
C10639,Batna,Prepaid,21,976.89,29.89,45,0,4,18.7,0
C10640,Blida,Prepaid,8,679.18,6.65,54,0,4,1.3,0
C10641,Setif,Prepaid,29,1414.23,10.22,37,1,3,13.9,0
C10642,Ghardaia,Prepaid,26,1431.82,11.15,40,1,2,-20.0,0
C10643,Ouargla,Prepaid,10,1041.3,1.58,63,0,3,26.2,0
C10644,Ghardaia,Prepaid,12,430.3,6.72,82,0,4,-0.3,0
C10645,Annaba,Prepaid,2,728.44,29.29,44,0,2,-15.3,0
C10646,Annaba,Postpaid,43,2127.39,8.75,57,1,1,44.2,0
C10647,Algiers,Postpaid,6,900.0,7.4,36,0,1,5.6,0
C10648,Biskra,Prepaid,6,2545.96,14.85,82,0,6,-15.3,0
C10649,Annaba,Prepaid,9,1161.72,5.33,24,0,1,7.2,0
C10650,Tlemcen,Prepaid,39,1356.46,4.17,52,0,6,39.1,0
C10651,Blida,Prepaid,10,1545.6,7.03,70,0,2,14.5,0
C10652,Setif,Prepaid,17,1022.02,1.69,86,1,4,-11.6,0
C10653,Ghardaia,Postpaid,11,2855.52,20.53,10,0,1,40.2,0
C10654,Oran,Prepaid,6,400.0,14.34,25,0,2,6.7,0
C10655,Ouargla,Prepaid,18,1475.52,0.82,49,1,2,39.2,1
C10656,Setif,Prepaid,27,1198.36,4.5,46,2,3,3.6,0
C10657,Blida,Postpaid,17,3197.92,3.13,62,0,1,-10.5,0
C10658,Biskra,Postpaid,13,2928.61,14.89,31,0,1,-7.6,0
C10659,Chlef,Prepaid,10,1879.41,1.41,50,0,5,34.4,0
C10660,Tlemcen,Prepaid,29,1307.45,14.18,63,1,5,-12.2,0
C10661,Biskra,Postpaid,61,2861.91,7.4,37,1,1,-20.0,0
C10662,Ghardaia,Prepaid,18,1178.37,22.14,41,1,3,2.7,0
C10663,Chlef,Prepaid,50,1886.68,7.1,22,0,4,-3.0,0
C10664,Blida,Prepaid,29,1393.33,5.68,95,0,3,-20.0,0
C10665,Algiers,Prepaid,10,1712.14,12.32,42,0,1,-20.0,0
C10666,Oran,Prepaid,11,1597.87,18.31,44,0,3,42.5,0
C10667,Tizi Ouzou,Postpaid,22,2433.34,12.3,36,1,1,11.8,0
C10668,Setif,Prepaid,4,429.07,50.96,26,0,3,58.2,0
C10669,Constantine,Prepaid,28,1840.03,1.76,19,0,1,38.1,0
C10670,Bejaia,Prepaid,23,1358.87,16.02,44,1,3,-1.0,0
C10671,Setif,Prepaid,12,1646.76,0.5,58,0,3,9.3,0
C10672,Algiers,Postpaid,3,2972.05,6.8,77,1,1,3.3,0
C10673,Oran,Prepaid,1,1467.6,8.02,59,1,3,2.5,1
C10674,Bejaia,Prepaid,4,1180.15,38.51,2,1,2,23.4,1
C10675,Tlemcen,Prepaid,10,809.01,12.05,62,0,4,11.5,0
C10676,Blida,Prepaid,28,975.14,2.68,2,0,2,39.8,0
C10677,Tiaret,Prepaid,25,1277.99,1.44,41,0,3,33.8,0
C10678,Ouargla,Prepaid,13,1286.0,22.32,29,0,1,19.8,0
C10679,Blida,Prepaid,26,1898.63,0.5,9,1,5,-8.0,0
C10680,Tlemcen,Postpaid,19,1775.35,27.51,75,0,1,27.3,0
C10681,Bejaia,Prepaid,9,2052.7,16.67,31,0,1,7.3,1
C10682,Chlef,Prepaid,71,471.26,0.5,39,0,1,35.2,0
C10683,Oran,Prepaid,35,1650.59,16.54,60,0,3,26.5,0
C10684,Tlemcen,Postpaid,17,3170.99,3.39,36,0,1,-10.6,0
C10685,Tizi Ouzou,Prepaid,36,623.05,4.97,56,1,5,29.5,0
C10686,Bejaia,Prepaid,9,1345.93,19.1,74,0,5,27.0,0
C10687,Annaba,Postpaid,42,3558.82,24.13,19,0,1,20.5,0
C10688,Setif,Postpaid,11,2703.19,3.08,22,0,1,-9.1,0
C10689,Algiers,Prepaid,19,2197.09,8.3,59,0,3,46.7,0
C10690,Tiaret,Prepaid,6,479.87,2.62,56,0,5,-20.0,0
C10691,Tlemcen,Prepaid,17,1370.17,51.94,69,0,1,-20.0,0
C10692,Algiers,Postpaid,19,3043.13,12.47,72,1,1,11.1,0
C10693,Chlef,Prepaid,27,1430.51,6.69,56,0,1,14.0,0
C10694,Tizi Ouzou,Prepaid,15,2157.36,2.27,13,0,4,26.4,0
C10695,Ouargla,Postpaid,12,2420.59,12.4,39,1,1,14.0,0
C10696,Chlef,Prepaid,9,1676.45,11.66,62,0,2,42.1,1
C10697,Biskra,Postpaid,50,1774.96,43.99,53,1,1,12.9,0
C10698,Tiaret,Prepaid,3,1176.39,2.63,56,0,1,32.6,1
C10699,Tiaret,Postpaid,38,2693.45,37.66,68,0,1,34.4,0
C10700,Tiaret,Prepaid,17,1352.26,39.06,48,0,1,18.6,0
C10701,Biskra,Prepaid,3,1787.29,4.75,59,1,3,-12.0,0
C10702,Annaba,Postpaid,8,3374.21,8.43,22,0,1,8.6,0
C10703,Blida,Prepaid,17,1936.27,33.64,48,1,5,6.4,0
C10704,Tlemcen,Postpaid,12,2745.15,15.7,60,0,1,42.2,0
C10705,Oran,Prepaid,17,1527.16,7.46,84,0,2,-7.1,0
C10706,Biskra,Postpaid,23,2788.87,29.9,112,2,1,-10.7,0
C10707,Tizi Ouzou,Prepaid,4,1729.83,1.01,26,0,2,28.0,1
C10708,Blida,Prepaid,14,1301.43,8.9,55,0,1,27.3,0
C10709,Bejaia,Prepaid,22,1520.06,10.96,2,0,4,25.3,0
C10710,Blida,Prepaid,50,1316.58,7.34,23,1,1,35.6,1
C10711,Biskra,Postpaid,14,3381.26,0.5,14,1,1,32.9,0
C10712,Ghardaia,Prepaid,36,589.5,23.18,43,0,2,50.0,0
C10713,Oran,Prepaid,21,1531.26,8.35,28,1,1,11.8,0
C10714,Tiaret,Prepaid,5,981.3,10.79,37,1,1,4.9,1
C10715,Tizi Ouzou,Prepaid,15,2283.12,2.74,64,1,4,0.1,0
C10716,Setif,Prepaid,16,1621.16,10.68,37,0,2,26.5,0
C10717,Chlef,Prepaid,3,1081.89,7.82,20,0,2,35.9,1
C10718,Setif,Postpaid,22,4244.45,36.82,36,0,1,38.8,0
C10719,Biskra,Prepaid,3,1475.7,22.96,69,0,3,-16.2,0
C10720,Tlemcen,Postpaid,20,3311.62,3.48,69,1,1,7.4,0
C10721,Blida,Prepaid,5,969.32,8.48,52,0,4,13.9,1
C10722,Tlemcen,Prepaid,43,1412.49,9.84,20,0,2,26.2,0
C10723,Tiaret,Prepaid,24,1200.36,15.58,68,0,3,16.4,0
C10724,Setif,Prepaid,25,1135.89,4.28,2,1,2,48.5,1
C10725,Chlef,Prepaid,35,1934.4,11.7,37,1,1,-20.0,0
C10726,Constantine,Prepaid,20,1151.86,7.23,48,0,5,-13.3,0
C10727,Annaba,Prepaid,15,1256.5,20.45,38,1,5,-17.5,0
C10728,Tlemcen,Prepaid,31,480.74,1.23,70,0,4,-18.3,0
C10729,Biskra,Prepaid,9,1447.26,40.25,48,0,6,0.2,0
C10730,Tlemcen,Prepaid,19,1497.54,8.09,37,1,4,14.2,0
C10731,Biskra,Prepaid,12,1455.8,23.78,55,0,6,40.1,0
C10732,Tiaret,Prepaid,47,1726.92,2.01,41,0,3,-1.8,0
C10733,Tizi Ouzou,Prepaid,4,1897.65,16.38,68,0,2,41.8,1
C10734,Constantine,Postpaid,11,2418.42,2.11,65,0,1,-20.0,0
C10735,Bejaia,Postpaid,24,2985.33,13.8,77,0,1,51.1,0
C10736,Bejaia,Prepaid,21,2521.96,24.74,93,0,1,-20.0,0
C10737,Setif,Postpaid,12,3654.07,2.51,17,0,1,1.7,0
C10738,Tlemcen,Prepaid,45,1278.46,5.26,2,2,4,-4.6,0
C10739,Chlef,Postpaid,23,1540.67,24.33,48,0,1,12.7,0
C10740,Ghardaia,Postpaid,4,2308.15,10.26,42,0,1,14.3,0
C10741,Algiers,Prepaid,48,623.36,1.16,83,0,4,-20.0,0
C10742,Setif,Prepaid,39,2045.35,11.29,60,1,5,11.1,0
C10743,Setif,Prepaid,9,1469.04,2.53,86,0,1,20.0,0
C10744,Annaba,Prepaid,36,2755.4,4.73,32,0,3,9.4,0
C10745,Tlemcen,Prepaid,15,1451.32,4.46,47,0,3,42.2,0
C10746,Ouargla,Prepaid,21,2057.04,6.33,44,1,2,46.2,1
C10747,Bejaia,Prepaid,26,1250.93,0.5,77,1,1,-20.0,0
C10748,Bejaia,Prepaid,38,1696.16,27.44,32,0,3,-2.4,0
C10749,Biskra,Prepaid,39,1417.14,0.5,37,0,1,53.3,1
C10750,Blida,Postpaid,9,2030.15,5.77,3,1,1,5.9,0
C10751,Batna,Postpaid,7,1827.45,1.03,89,0,1,12.2,0
C10752,Batna,Prepaid,26,1993.23,21.98,74,0,1,-9.1,0
C10753,Batna,Postpaid,11,2731.03,10.5,2,0,1,68.0,1
C10754,Biskra,Postpaid,10,3957.03,31.56,57,0,1,12.4,0
C10755,Annaba,Postpaid,27,2692.0,4.38,54,1,1,52.2,1
C10756,Chlef,Prepaid,12,1407.0,18.54,9,0,4,-12.2,0
C10757,Batna,Prepaid,1,1393.98,2.59,84,0,1,42.0,1
C10758,Ouargla,Prepaid,27,1271.47,4.42,26,1,3,-8.3,0
C10759,Tizi Ouzou,Prepaid,12,1545.94,0.5,5,0,5,-20.0,0
C10760,Ouargla,Prepaid,33,1618.37,1.37,63,1,4,60.5,0
C10761,Tiaret,Postpaid,68,3889.36,21.98,66,1,1,19.2,0
C10762,Constantine,Prepaid,15,1836.47,4.34,67,0,6,9.4,0
C10763,Biskra,Prepaid,47,2243.3,6.41,91,0,3,14.0,0
C10764,Oran,Prepaid,33,1388.77,8.38,34,0,4,-9.5,0
C10765,Setif,Prepaid,27,826.33,2.59,37,0,2,23.5,1
C10766,Chlef,Prepaid,17,1379.06,4.6,38,0,3,-3.9,0
C10767,Biskra,Prepaid,20,774.2,10.91,61,1,2,12.1,0
C10768,Biskra,Prepaid,27,712.18,10.04,87,0,2,71.8,0
C10769,Bejaia,Postpaid,20,2576.22,26.24,84,0,1,15.9,0
C10770,Blida,Prepaid,7,988.92,17.25,66,0,1,-20.0,0
C10771,Oran,Prepaid,35,1553.07,13.41,19,2,3,7.8,0
C10772,Ghardaia,Prepaid,10,2263.98,6.84,60,1,2,-15.6,1
C10773,Ouargla,Prepaid,11,1587.22,27.16,41,1,4,-4.9,0
C10774,Annaba,Postpaid,20,3433.82,7.61,34,0,1,-7.0,0
C10775,Biskra,Postpaid,18,2190.41,0.72,65,0,1,-11.5,0
C10776,Setif,Prepaid,26,462.5,10.72,41,0,5,-20.0,0
C10777,Annaba,Prepaid,7,1390.04,9.38,59,0,3,-20.0,0
C10778,Ouargla,Prepaid,6,1419.86,2.4,73,0,1,34.6,1
C10779,Annaba,Prepaid,16,2282.46,36.14,96,0,7,47.7,0
C10780,Constantine,Prepaid,11,1170.99,16.91,25,0,4,-11.4,0
C10781,Algiers,Prepaid,27,1091.61,9.05,26,0,1,44.5,0
C10782,Algiers,Prepaid,8,1189.32,6.7,56,0,4,35.9,0
C10783,Annaba,Postpaid,48,1140.37,8.76,63,0,1,23.7,0
C10784,Batna,Prepaid,13,2014.43,32.13,48,0,4,-20.0,0
C10785,Bejaia,Prepaid,11,400.0,43.74,49,1,3,-20.0,0
C10786,Ghardaia,Prepaid,26,634.33,2.45,86,0,4,75.1,0
C10787,Ouargla,Prepaid,42,1519.23,7.05,69,1,5,-20.0,0
C10788,Oran,Postpaid,8,3260.36,7.59,92,1,1,-7.3,0
C10789,Batna,Prepaid,21,400.0,1.59,61,0,2,14.0,0
C10790,Tlemcen,Postpaid,38,3853.75,12.37,55,0,1,62.9,0
C10791,Tizi Ouzou,Postpaid,4,2366.33,1.51,14,1,1,-13.2,0
C10792,Biskra,Prepaid,3,1220.8,6.15,49,0,1,51.7,1
C10793,Bejaia,Prepaid,42,400.0,3.88,42,1,3,13.6,0
C10794,Annaba,Prepaid,12,673.1,18.71,25,1,3,35.4,0
C10795,Tiaret,Prepaid,18,1022.25,6.91,33,0,3,50.8,0
C10796,Tiaret,Prepaid,20,1642.68,1.56,20,0,2,39.0,0
C10797,Tlemcen,Prepaid,16,996.17,6.61,72,0,2,31.7,0
C10798,Batna,Prepaid,22,998.44,10.26,62,0,2,17.3,0
C10799,Tlemcen,Prepaid,23,1936.46,0.68,63,1,2,-9.2,0
C10800,Annaba,Prepaid,43,1701.85,1.0,2,0,3,17.2,0
C10801,Constantine,Prepaid,38,962.68,25.27,46,0,1,27.1,0
C10802,Biskra,Prepaid,35,1509.82,23.18,33,1,5,31.6,0
C10803,Tiaret,Prepaid,11,1774.87,2.92,38,0,1,30.6,1
C10804,Algiers,Prepaid,24,997.24,18.64,41,0,6,1.0,0
C10805,Tizi Ouzou,Prepaid,22,1101.5,12.99,65,1,4,40.8,0
C10806,Ouargla,Prepaid,6,1843.69,0.51,69,1,2,14.5,1
C10807,Ghardaia,Prepaid,9,961.19,2.22,50,3,4,47.5,1
C10808,Ouargla,Postpaid,24,2170.98,22.11,20,0,1,19.1,0
C10809,Tizi Ouzou,Prepaid,4,2062.09,10.94,51,1,4,15.3,0
C10810,Oran,Prepaid,18,564.12,11.92,9,1,3,32.7,0
C10811,Ouargla,Postpaid,12,2416.93,18.79,54,0,1,15.5,0
C10812,Tlemcen,Prepaid,11,1752.06,12.69,50,0,3,-20.0,0
C10813,Annaba,Prepaid,28,1967.0,9.04,47,0,5,32.3,0
C10814,Constantine,Prepaid,29,944.25,1.72,25,0,4,5.3,0
C10815,Ouargla,Prepaid,17,1936.51,9.19,50,0,3,-4.8,0
C10816,Tiaret,Prepaid,14,1703.41,0.5,18,1,4,7.0,0
C10817,Chlef,Prepaid,2,1002.01,0.84,79,0,3,-5.6,1
C10818,Batna,Prepaid,18,1200.86,4.91,59,1,2,30.0,1
C10819,Algiers,Prepaid,20,1131.01,2.26,43,0,3,10.2,0
C10820,Chlef,Postpaid,7,4025.84,0.5,40,0,1,31.5,0
C10821,Annaba,Prepaid,26,2555.63,8.96,40,1,2,-16.6,0
C10822,Tizi Ouzou,Prepaid,5,957.01,15.64,2,0,4,-2.2,0
C10823,Ghardaia,Prepaid,29,1805.13,11.84,16,0,4,2.7,0
C10824,Oran,Prepaid,10,1563.54,2.89,32,0,3,-20.0,0
C10825,Batna,Prepaid,25,1265.93,4.86,61,0,1,9.8,0
C10826,Constantine,Prepaid,39,1339.71,3.43,60,0,3,-10.0,0
C10827,Ouargla,Prepaid,34,1364.44,19.95,63,2,5,16.0,0
C10828,Batna,Prepaid,13,1171.39,15.62,64,0,3,22.5,0
C10829,Biskra,Prepaid,13,1700.37,11.43,36,1,2,10.6,0
C10830,Chlef,Postpaid,26,977.79,10.47,41,0,1,-20.0,0
C10831,Chlef,Prepaid,38,1958.07,38.56,48,1,4,-6.5,0
C10832,Bejaia,Prepaid,39,2449.7,13.27,47,1,2,-4.5,0
C10833,Blida,Prepaid,12,868.36,12.45,72,1,2,19.6,0
C10834,Ouargla,Prepaid,7,1761.52,2.57,50,0,1,-7.8,1
C10835,Tizi Ouzou,Prepaid,19,979.61,17.75,41,0,4,14.3,0
C10836,Batna,Postpaid,30,2140.16,0.56,67,0,2,63.2,0
C10837,Bejaia,Postpaid,11,3430.61,21.45,73,0,1,16.6,0
C10838,Ghardaia,Prepaid,22,1211.31,3.64,54,1,5,9.8,0
C10839,Tiaret,Prepaid,14,895.94,10.24,44,0,1,-20.0,0
C10840,Tizi Ouzou,Prepaid,53,848.37,6.87,91,0,3,12.9,0
C10841,Chlef,Postpaid,16,2645.17,0.5,68,1,1,19.4,0
C10842,Tlemcen,Prepaid,10,1046.65,5.43,28,0,2,30.3,0
C10843,Ghardaia,Prepaid,17,1255.92,11.83,40,2,2,25.9,0
C10844,Tizi Ouzou,Prepaid,35,1862.84,21.88,56,0,6,17.3,0
C10845,Chlef,Prepaid,15,1968.1,5.66,57,1,5,-20.0,0
C10846,Batna,Prepaid,6,954.6,58.04,36,0,4,-11.3,0
C10847,Tizi Ouzou,Prepaid,26,1326.32,28.93,106,0,3,43.8,0
C10848,Constantine,Prepaid,16,1107.85,6.79,6,0,2,14.0,0
C10849,Tiaret,Prepaid,11,1931.38,36.36,20,1,1,10.7,1
C10850,Ghardaia,Prepaid,7,1569.49,53.61,92,1,3,37.0,0
C10851,Batna,Postpaid,20,2482.46,9.1,88,0,1,-7.7,0
C10852,Batna,Prepaid,11,659.01,17.43,47,0,5,21.6,0
C10853,Setif,Prepaid,9,1794.49,1.89,39,0,4,25.9,0
C10854,Ouargla,Postpaid,11,900.0,12.09,113,1,1,8.6,0
C10855,Annaba,Prepaid,10,2031.93,30.62,54,2,4,44.0,1
C10856,Ghardaia,Prepaid,45,2164.17,8.75,68,1,3,16.3,0
C10857,Biskra,Postpaid,26,3025.34,31.35,38,0,1,17.7,0
C10858,Setif,Prepaid,10,1432.27,9.78,49,0,6,1.5,0
C10859,Ouargla,Prepaid,11,1044.35,22.1,55,1,1,22.5,1
C10860,Ouargla,Postpaid,11,2755.92,8.32,53,0,1,42.5,0
C10861,Chlef,Postpaid,30,2288.18,1.21,53,1,1,8.8,0
C10862,Batna,Prepaid,17,1692.77,50.49,68,0,4,-9.7,0
C10863,Biskra,Postpaid,55,1536.81,6.48,48,0,1,5.0,0
C10864,Annaba,Postpaid,17,1887.47,6.26,50,0,1,50.7,0
C10865,Setif,Prepaid,22,524.25,0.72,2,0,2,10.1,0
C10866,Batna,Prepaid,27,1485.7,5.44,36,0,4,5.3,0
C10867,Oran,Prepaid,5,1913.52,7.91,65,1,2,-20.0,1
C10868,Tiaret,Prepaid,7,1355.81,13.56,84,1,6,22.7,1
C10869,Setif,Prepaid,21,1629.28,1.03,66,1,5,35.0,0
C10870,Annaba,Prepaid,52,948.67,1.55,79,2,7,32.1,0
C10871,Setif,Prepaid,11,2303.82,19.41,26,1,5,15.6,1
C10872,Blida,Prepaid,23,2280.84,26.14,26,4,5,-18.8,1
C10873,Blida,Postpaid,36,3510.72,5.44,39,1,2,22.9,0
C10874,Tizi Ouzou,Postpaid,10,4025.74,1.34,17,0,1,12.0,0
C10875,Chlef,Prepaid,20,1838.77,19.31,50,1,3,42.2,0
C10876,Oran,Prepaid,3,1168.29,4.81,65,1,2,20.8,1
C10877,Constantine,Prepaid,37,2215.06,3.48,16,1,4,-19.3,0
C10878,Constantine,Prepaid,29,1369.53,40.64,53,0,4,44.1,0
C10879,Annaba,Prepaid,27,821.79,0.69,44,0,7,40.2,0
C10880,Tlemcen,Prepaid,7,1080.3,2.8,54,0,2,38.6,1
C10881,Tiaret,Postpaid,2,2317.88,4.95,31,1,1,13.0,0
C10882,Constantine,Postpaid,18,2702.46,48.13,86,0,1,10.7,0
C10883,Tiaret,Prepaid,19,974.41,1.73,58,0,6,21.7,0
C10884,Annaba,Prepaid,8,1087.58,3.68,23,0,4,23.4,1
C10885,Oran,Prepaid,9,400.0,26.78,78,1,1,-15.2,0
C10886,Tlemcen,Prepaid,4,1361.94,3.64,35,0,4,70.4,1
C10887,Tlemcen,Postpaid,15,3303.98,11.42,18,1,1,-12.2,0
C10888,Blida,Prepaid,37,914.47,3.6,31,1,5,-20.0,0
C10889,Chlef,Prepaid,9,2616.32,3.37,41,0,1,41.2,1
C10890,Batna,Postpaid,29,2603.19,3.48,53,0,1,-8.2,0
C10891,Tlemcen,Postpaid,32,2261.13,7.35,25,0,1,6.9,0
C10892,Algiers,Prepaid,13,1147.05,14.47,78,1,4,28.0,0
C10893,Annaba,Prepaid,21,1723.06,0.8,2,1,3,16.5,1
C10894,Ghardaia,Prepaid,4,1469.52,9.89,31,1,1,22.6,1
C10895,Tlemcen,Prepaid,15,1981.5,27.06,39,0,2,15.0,0
C10896,Tlemcen,Prepaid,36,1663.74,2.02,58,1,5,11.4,0
C10897,Tizi Ouzou,Prepaid,8,1406.81,0.95,57,0,1,-20.0,1
C10898,Ouargla,Postpaid,11,1402.01,6.86,43,0,1,63.4,0
C10899,Bejaia,Prepaid,29,1114.19,13.26,71,0,2,5.4,0
C10900,Tiaret,Prepaid,39,1607.11,8.99,86,0,1,3.5,0
C10901,Algiers,Prepaid,6,1688.15,13.15,26,0,3,32.3,1
C10902,Ghardaia,Prepaid,24,1167.15,27.89,52,0,4,31.2,0
C10903,Tizi Ouzou,Prepaid,17,1303.52,5.81,22,1,1,-3.0,0
C10904,Ouargla,Prepaid,45,1014.79,10.38,66,0,2,34.8,0
C10905,Bejaia,Prepaid,20,837.4,41.01,20,0,2,44.9,0
C10906,Tlemcen,Prepaid,17,1463.16,12.56,62,1,5,-9.6,0
C10907,Batna,Prepaid,35,2036.85,28.61,74,0,3,20.2,0
C10908,Algiers,Prepaid,37,2636.98,0.75,66,1,1,24.1,1
C10909,Blida,Prepaid,18,1655.27,7.1,49,0,3,18.9,0
C10910,Setif,Prepaid,30,1348.09,24.9,66,1,1,31.2,0
C10911,Ouargla,Prepaid,15,1636.37,17.45,79,0,3,-6.9,0
C10912,Tlemcen,Prepaid,3,1585.73,22.69,62,0,2,18.7,1
C10913,Ghardaia,Prepaid,29,1459.01,10.64,57,0,1,9.2,0
C10914,Tizi Ouzou,Prepaid,14,1075.43,23.94,80,1,2,-20.0,0
C10915,Ghardaia,Prepaid,30,1350.34,8.9,73,1,3,-11.4,0
C10916,Tlemcen,Prepaid,23,1482.25,10.64,69,1,3,-17.4,0
C10917,Chlef,Prepaid,11,1426.23,19.62,83,0,4,5.1,0
C10918,Tiaret,Prepaid,4,1228.33,8.32,57,0,5,28.2,1
C10919,Tiaret,Prepaid,6,1714.68,16.31,39,0,3,65.6,1
C10920,Chlef,Prepaid,13,1142.96,40.12,59,1,4,-10.6,0
C10921,Ouargla,Prepaid,11,1042.37,3.28,28,1,3,14.3,1
C10922,Bejaia,Postpaid,21,2803.36,14.39,86,1,1,36.6,0
C10923,Tizi Ouzou,Prepaid,31,1199.25,13.61,39,1,2,-0.2,0
C10924,Annaba,Prepaid,16,2110.09,32.47,49,0,4,16.7,0
C10925,Batna,Prepaid,13,1228.12,25.36,38,1,3,-20.0,0
C10926,Annaba,Prepaid,15,1317.23,7.71,54,0,4,18.4,0
C10927,Setif,Prepaid,13,821.22,9.99,71,0,4,17.0,0
C10928,Tlemcen,Postpaid,9,1759.35,20.78,2,0,1,5.7,0
C10929,Batna,Prepaid,35,1255.7,42.64,46,1,4,8.4,0
C10930,Algiers,Prepaid,6,1665.17,15.7,32,0,3,3.5,0
C10931,Tlemcen,Prepaid,18,1767.05,23.76,30,0,1,36.8,0
C10932,Blida,Postpaid,20,3745.94,12.4,60,1,1,-20.0,0
C10933,Biskra,Prepaid,13,1233.26,3.08,25,0,1,18.2,0
C10934,Biskra,Prepaid,9,400.0,42.39,26,0,4,71.0,1
C10935,Ouargla,Prepaid,24,1114.11,1.7,43,2,1,19.6,0
C10936,Tlemcen,Prepaid,25,582.4,2.61,68,0,1,7.5,0
C10937,Tiaret,Postpaid,13,3440.69,2.0,59,1,1,52.3,0
C10938,Constantine,Prepaid,39,1553.52,6.02,64,0,3,-0.9,0
C10939,Ghardaia,Prepaid,29,1060.83,7.76,60,1,2,50.6,0
C10940,Batna,Postpaid,16,2515.65,2.61,73,1,1,54.7,0
C10941,Tizi Ouzou,Prepaid,33,1322.29,29.82,73,0,1,8.2,0
C10942,Constantine,Prepaid,5,1293.04,1.06,43,0,2,-6.8,0
C10943,Bejaia,Prepaid,26,882.2,39.84,75,0,4,17.9,0
C10944,Chlef,Prepaid,9,1644.59,54.37,77,0,1,11.3,1
C10945,Algiers,Postpaid,16,2862.14,3.55,30,2,1,-20.0,0
C10946,Tizi Ouzou,Prepaid,6,527.73,32.97,39,0,2,27.8,0
C10947,Tlemcen,Prepaid,35,1600.32,3.34,86,0,2,0.6,0
C10948,Bejaia,Prepaid,27,601.19,11.42,21,0,5,21.9,0
C10949,Bejaia,Prepaid,3,1329.17,7.52,53,0,3,51.4,0
C10950,Biskra,Prepaid,10,1748.62,15.79,60,2,3,-20.0,0
C10951,Algiers,Prepaid,5,1229.45,18.86,16,0,4,51.4,1
C10952,Oran,Prepaid,22,2166.19,1.64,52,2,4,45.3,1
C10953,Biskra,Postpaid,13,3648.44,25.04,52,0,1,9.3,0
C10954,Tlemcen,Prepaid,4,1702.76,2.78,66,1,3,30.0,1
C10955,Constantine,Postpaid,19,2420.93,4.1,43,1,1,41.3,0
C10956,Ghardaia,Prepaid,14,1185.48,1.27,68,0,1,-2.8,0
C10957,Batna,Prepaid,19,1252.47,31.49,67,1,2,49.3,0
C10958,Constantine,Postpaid,55,3056.31,22.32,23,0,1,16.1,0
C10959,Algiers,Postpaid,44,2287.5,21.76,25,0,1,3.5,0
C10960,Setif,Prepaid,14,1067.1,0.53,10,0,4,24.8,0
C10961,Tlemcen,Prepaid,14,1527.2,30.24,25,0,4,-20.0,0
C10962,Blida,Prepaid,13,2037.22,6.08,41,0,2,41.3,0
C10963,Annaba,Prepaid,24,1464.86,27.36,27,1,1,30.6,0
C10964,Batna,Prepaid,36,1534.53,33.03,35,0,2,-2.5,0
C10965,Blida,Prepaid,4,1490.44,4.43,12,1,3,16.7,1
C10966,Blida,Prepaid,5,1850.5,8.74,21,2,2,14.7,1
C10967,Ouargla,Prepaid,7,1193.44,27.16,11,0,5,-5.2,0
C10968,Tizi Ouzou,Prepaid,9,1316.62,1.81,23,1,2,59.0,1
C10969,Tlemcen,Prepaid,25,1016.77,3.28,35,0,3,-20.0,0
C10970,Setif,Prepaid,42,2039.22,8.07,22,0,2,17.2,0
C10971,Ouargla,Postpaid,8,3056.32,25.58,48,1,1,-1.8,0
C10972,Ghardaia,Prepaid,12,620.6,60.58,32,0,2,18.2,0
C10973,Tlemcen,Postpaid,6,3269.75,15.38,68,2,1,63.1,1
C10974,Setif,Postpaid,15,1730.79,1.99,14,0,1,3.4,0
C10975,Ghardaia,Prepaid,21,1110.12,3.85,39,0,2,-20.0,0
C10976,Oran,Prepaid,23,1286.14,23.85,41,0,5,27.7,0
C10977,Batna,Prepaid,16,1113.24,10.67,48,0,3,49.9,0
C10978,Algiers,Prepaid,31,1512.48,29.77,40,1,4,17.2,0
C10979,Tiaret,Prepaid,26,1773.77,13.91,44,1,3,42.8,0
C10980,Chlef,Postpaid,52,1925.49,2.6,46,0,1,0.3,0
C10981,Algiers,Prepaid,24,509.89,1.85,51,0,2,-16.5,0
C10982,Blida,Prepaid,20,1722.42,16.94,86,1,2,-20.0,0
C10983,Annaba,Prepaid,18,1750.91,3.68,55,0,3,14.3,0
C10984,Biskra,Prepaid,25,2302.71,2.87,23,1,2,14.1,0
C10985,Oran,Prepaid,12,1143.71,11.15,28,2,1,17.7,1
C10986,Ouargla,Postpaid,23,3177.14,48.11,48,1,1,20.5,0
C10987,Biskra,Prepaid,29,984.96,13.64,13,0,2,11.0,0
C10988,Algiers,Postpaid,3,2436.77,1.59,44,0,1,-20.0,0
C10989,Ouargla,Prepaid,12,1770.06,1.17,19,0,5,19.0,0
C10990,Algiers,Postpaid,33,2469.08,26.34,40,0,1,-1.4,0
C10991,Annaba,Postpaid,41,1391.22,0.87,57,1,1,-20.0,0
C10992,Annaba,Prepaid,36,1024.31,3.81,70,1,3,28.1,0
C10993,Ghardaia,Prepaid,14,1997.59,57.24,29,1,3,-8.2,0
C10994,Algiers,Prepaid,28,1814.33,1.85,77,0,3,61.2,0
C10995,Bejaia,Postpaid,8,2336.96,7.51,69,0,1,8.8,0
C10996,Constantine,Prepaid,17,1142.68,3.32,43,0,3,4.9,0
C10997,Annaba,Prepaid,35,1117.77,26.47,21,0,2,26.0,0
C10998,Constantine,Prepaid,24,1078.34,26.33,30,0,4,40.5,0
C10999,Batna,Prepaid,16,1374.24,22.68,62,0,2,33.7,0
C11000,Biskra,Postpaid,6,2480.6,63.23,38,0,1,65.2,0
C11001,Oran,Prepaid,7,2010.71,13.11,58,1,2,17.6,1
C11002,Bejaia,Prepaid,12,1212.01,7.86,23,1,2,14.0,0
C11003,Annaba,Prepaid,9,1793.87,3.68,73,2,6,-20.0,1
C11004,Batna,Postpaid,4,2494.89,13.02,26,0,1,14.1,0
C11005,Tiaret,Prepaid,31,1899.64,13.33,2,0,4,25.9,0
C11006,Setif,Prepaid,28,1148.9,15.93,70,0,2,-1.2,0
C11007,Ouargla,Prepaid,32,1529.51,57.22,29,0,3,66.0,0
C11008,Blida,Prepaid,20,2148.38,9.3,34,0,3,9.0,0
C11009,Constantine,Postpaid,4,2510.47,48.46,54,0,1,20.4,0
C11010,Bejaia,Postpaid,14,3050.94,10.72,57,0,1,47.6,0
C11011,Bejaia,Postpaid,41,2281.31,0.56,76,0,1,-8.1,0
C11012,Tiaret,Postpaid,7,3392.67,15.59,80,0,1,22.1,0
C11013,Tiaret,Prepaid,3,1070.91,1.19,69,0,2,-20.0,0
C11014,Oran,Postpaid,3,2465.08,1.41,42,0,2,18.1,0
C11015,Ouargla,Prepaid,27,1514.39,2.65,48,1,4,-12.8,0
C11016,Ghardaia,Prepaid,6,1738.98,48.79,57,0,3,-18.0,0
C11017,Constantine,Postpaid,13,2754.53,59.4,20,2,1,51.5,0
C11018,Setif,Prepaid,5,1978.29,23.4,93,0,2,28.9,0
C11019,Oran,Postpaid,8,1842.62,20.8,35,0,1,53.1,0
C11020,Bejaia,Prepaid,11,1471.71,6.15,41,0,3,-20.0,0
C11021,Algiers,Prepaid,19,1562.63,32.36,87,0,3,15.7,0
C11022,Tizi Ouzou,Prepaid,4,1293.77,4.23,46,2,4,18.3,1
C11023,Setif,Prepaid,6,1561.62,10.51,29,0,4,8.3,0
C11024,Bejaia,Postpaid,19,1978.51,7.98,46,0,1,64.3,0
C11025,Biskra,Postpaid,64,1939.87,43.38,56,0,1,-10.3,0
C11026,Tizi Ouzou,Prepaid,21,1960.34,0.5,41,0,2,33.3,0
C11027,Tlemcen,Postpaid,8,2301.51,4.77,25,0,1,-3.1,0
C11028,Tlemcen,Prepaid,11,1223.07,15.96,65,0,5,45.5,0
C11029,Tiaret,Prepaid,10,774.32,0.94,59,1,2,-1.0,1
C11030,Annaba,Prepaid,25,1684.69,1.08,39,2,2,30.1,1
C11031,Oran,Postpaid,5,3574.53,3.15,50,1,1,51.5,1
C11032,Bejaia,Prepaid,21,1389.54,25.85,50,1,2,16.1,0
C11033,Tiaret,Prepaid,11,1141.02,2.27,40,0,3,46.3,1
C11034,Ghardaia,Prepaid,25,1348.04,13.02,42,1,2,13.9,0
C11035,Biskra,Prepaid,31,770.87,14.2,55,1,6,-2.9,0
C11036,Annaba,Prepaid,14,1806.82,12.2,50,0,3,-20.0,0
C11037,Oran,Prepaid,1,1816.25,3.42,60,0,4,31.4,0
C11038,Tiaret,Postpaid,25,2832.16,1.1,5,0,1,0.8,0
C11039,Ouargla,Prepaid,3,1620.97,24.06,34,0,1,36.7,1
C11040,Setif,Postpaid,13,2951.41,33.61,26,1,1,49.4,0
C11041,Ghardaia,Postpaid,6,2090.19,18.76,65,0,1,59.4,0
C11042,Biskra,Prepaid,29,1701.89,15.88,80,2,2,-14.3,0
C11043,Bejaia,Prepaid,24,1521.95,8.5,29,0,2,34.3,0
C11044,Ouargla,Prepaid,41,1495.73,14.9,70,0,5,40.0,0
C11045,Oran,Prepaid,9,1247.25,0.74,29,0,3,-5.6,0
C11046,Ouargla,Prepaid,8,1809.3,3.31,80,0,2,20.4,1
C11047,Bejaia,Prepaid,9,2297.26,23.55,86,1,3,21.1,1
C11048,Ouargla,Postpaid,16,1865.47,2.13,68,1,1,9.9,0
C11049,Algiers,Prepaid,13,1243.54,1.67,51,0,2,36.7,0
C11050,Blida,Prepaid,8,1460.1,36.49,60,2,3,-10.4,1
C11051,Chlef,Prepaid,6,1616.77,12.44,43,2,1,5.4,1
C11052,Tlemcen,Prepaid,13,1616.87,6.51,59,0,2,9.9,0
C11053,Biskra,Prepaid,32,1629.6,5.51,56,0,3,-15.8,0
C11054,Blida,Prepaid,20,2183.43,6.23,56,1,3,4.0,0
C11055,Oran,Prepaid,5,1244.29,15.95,83,1,3,22.0,0
C11056,Chlef,Postpaid,1,2162.2,43.54,35,0,1,65.9,0
C11057,Biskra,Prepaid,9,1444.6,5.47,62,0,2,-20.0,0
C11058,Blida,Prepaid,13,1336.4,45.57,44,0,3,-14.4,0
C11059,Algiers,Prepaid,21,881.84,0.5,32,0,4,7.4,0
C11060,Ghardaia,Prepaid,5,483.41,7.17,53,0,4,32.3,0
C11061,Tlemcen,Prepaid,6,1324.93,30.17,46,0,3,-20.0,0
C11062,Ghardaia,Prepaid,17,1927.85,13.71,35,0,4,-1.5,0
C11063,Batna,Postpaid,1,2925.71,2.76,73,0,1,46.1,1
C11064,Oran,Postpaid,9,2469.63,15.37,24,0,1,31.3,0
C11065,Tlemcen,Postpaid,10,4494.17,5.21,34,2,1,-16.8,0
C11066,Blida,Postpaid,8,2427.21,23.48,89,2,1,-20.0,0
C11067,Biskra,Prepaid,16,1055.65,39.27,17,0,2,-6.0,0
C11068,Tizi Ouzou,Prepaid,36,1660.61,5.79,77,1,3,-1.6,0
C11069,Ghardaia,Prepaid,7,906.81,10.51,23,0,2,44.0,1
C11070,Batna,Prepaid,10,558.77,0.88,59,0,2,55.5,1
C11071,Tiaret,Prepaid,17,597.1,56.45,69,1,2,-5.2,0
C11072,Constantine,Prepaid,26,1268.88,0.5,43,1,3,29.8,0
C11073,Tlemcen,Prepaid,12,1865.78,0.5,59,3,3,21.6,1
C11074,Constantine,Prepaid,9,1685.47,10.87,56,0,4,16.5,0
C11075,Tiaret,Postpaid,18,2804.11,4.12,36,0,1,-11.3,0
C11076,Chlef,Prepaid,18,1264.35,24.62,29,0,6,25.8,0
C11077,Biskra,Postpaid,52,1972.61,10.23,48,1,1,17.5,0
C11078,Setif,Prepaid,29,1071.69,13.18,11,0,5,21.3,0
C11079,Bejaia,Prepaid,13,1540.69,23.77,58,1,3,14.1,0
C11080,Ouargla,Prepaid,52,1324.84,6.16,39,0,1,11.1,0
C11081,Tizi Ouzou,Prepaid,9,915.94,14.11,69,0,4,2.2,0
C11082,Chlef,Prepaid,15,969.78,10.95,53,1,1,6.0,0
C11083,Ouargla,Prepaid,7,1461.98,17.01,20,0,3,-10.4,0
C11084,Batna,Prepaid,7,1001.76,1.35,55,1,1,0.9,1
C11085,Batna,Prepaid,28,1314.09,34.49,50,0,3,-13.3,0
C11086,Tlemcen,Prepaid,18,785.25,11.55,55,0,2,62.8,0
C11087,Ghardaia,Prepaid,12,1164.87,4.94,28,0,5,13.4,0
C11088,Tiaret,Prepaid,15,1189.21,1.06,85,2,4,64.8,1
C11089,Bejaia,Prepaid,11,2036.21,9.83,52,1,3,32.7,1
C11090,Setif,Prepaid,29,436.26,15.31,38,0,2,40.7,0
C11091,Blida,Prepaid,30,1105.25,4.41,46,1,3,0.4,0
C11092,Ghardaia,Prepaid,19,1229.83,2.25,71,1,3,38.6,0
C11093,Annaba,Prepaid,5,428.28,4.86,32,0,2,-6.1,0
C11094,Ghardaia,Prepaid,15,1990.5,17.67,59,0,1,17.3,0
C11095,Tizi Ouzou,Prepaid,19,2183.84,5.34,89,0,4,24.8,0
C11096,Oran,Prepaid,24,1566.27,44.02,42,0,1,39.1,0
C11097,Setif,Prepaid,3,970.09,1.36,15,0,5,17.2,1
C11098,Tizi Ouzou,Prepaid,34,430.8,8.62,58,0,3,-13.3,0
C11099,Batna,Prepaid,15,2315.57,5.8,13,1,4,67.9,0
C11100,Annaba,Prepaid,16,1118.46,9.98,42,1,2,41.4,0
C11101,Ouargla,Prepaid,3,1358.46,15.93,7,0,3,61.7,0
C11102,Batna,Prepaid,5,1703.08,14.47,39,0,2,32.8,0
C11103,Bejaia,Prepaid,5,853.86,26.19,45,1,4,49.1,1
C11104,Bejaia,Prepaid,14,2044.57,1.23,58,0,4,-3.2,0
C11105,Biskra,Prepaid,11,843.47,0.92,22,1,4,-3.0,1
C11106,Tlemcen,Prepaid,5,794.87,8.9,29,1,5,-16.7,0
C11107,Blida,Prepaid,12,1359.4,1.13,60,1,4,3.3,0
C11108,Algiers,Prepaid,34,1038.49,38.28,52,0,3,-20.0,0
C11109,Batna,Prepaid,20,400.0,19.28,51,0,2,22.4,0
C11110,Ghardaia,Prepaid,30,1677.78,12.69,74,0,2,7.9,0
C11111,Blida,Prepaid,6,1858.13,25.96,40,0,6,-20.0,0
C11112,Constantine,Prepaid,24,1057.49,28.01,30,2,6,20.7,0
C11113,Batna,Prepaid,28,1138.48,8.25,29,1,2,51.4,1
C11114,Annaba,Prepaid,8,2102.16,5.66,44,2,3,79.8,1
C11115,Blida,Prepaid,10,963.61,7.42,36,1,2,5.9,1
C11116,Ouargla,Prepaid,19,568.74,5.05,11,0,1,8.5,0
C11117,Setif,Prepaid,22,1281.43,15.89,78,1,3,68.7,0
C11118,Blida,Postpaid,1,2326.04,2.93,41,0,1,19.8,0
C11119,Setif,Prepaid,10,684.41,3.6,61,1,1,13.5,1
C11120,Tizi Ouzou,Postpaid,49,2928.58,15.61,62,0,1,-2.7,0
C11121,Bejaia,Prepaid,9,1341.29,7.41,13,0,4,23.4,0
C11122,Tiaret,Prepaid,4,1222.57,16.12,38,0,2,-20.0,0
C11123,Tizi Ouzou,Prepaid,27,1161.11,7.74,6,1,3,11.0,0
C11124,Setif,Prepaid,6,1327.48,2.17,75,1,3,46.3,1
C11125,Chlef,Prepaid,7,2490.78,11.41,75,1,2,54.5,1
C11126,Algiers,Prepaid,19,1594.97,6.28,19,0,3,3.7,0
C11127,Chlef,Prepaid,28,1928.71,8.21,60,1,3,7.3,0
C11128,Annaba,Postpaid,31,2852.33,26.51,48,1,1,45.6,0
C11129,Oran,Prepaid,17,1112.41,20.16,57,0,3,-12.0,0
C11130,Annaba,Prepaid,19,1448.0,18.95,2,0,3,13.0,0
C11131,Tiaret,Postpaid,21,1875.09,21.54,43,0,1,9.3,0
C11132,Tlemcen,Prepaid,20,2222.68,3.51,36,0,3,27.8,0
C11133,Batna,Postpaid,6,2060.94,33.64,40,1,1,23.7,0
C11134,Chlef,Prepaid,10,1981.1,3.35,43,0,4,5.3,0
C11135,Ouargla,Prepaid,10,1172.06,8.75,47,0,4,6.8,0
C11136,Annaba,Prepaid,16,1545.53,23.56,63,2,1,30.2,1
C11137,Tiaret,Prepaid,21,914.14,3.52,37,1,2,21.1,0
C11138,Batna,Prepaid,8,1441.43,33.5,79,0,4,11.8,0
C11139,Biskra,Prepaid,9,936.74,12.45,29,0,2,-6.8,0
C11140,Tiaret,Prepaid,21,1362.7,12.79,46,0,3,-20.0,0
C11141,Batna,Prepaid,11,2212.67,46.15,44,1,1,46.6,1
C11142,Batna,Prepaid,18,1599.25,8.53,22,0,2,17.6,0
C11143,Ouargla,Prepaid,17,1434.31,7.35,23,0,4,-11.2,0
C11144,Algiers,Prepaid,25,1743.07,8.63,32,1,1,40.7,0
C11145,Oran,Prepaid,15,1574.81,9.31,94,0,3,3.5,0
C11146,Setif,Prepaid,14,1717.62,20.24,37,1,2,35.3,1
C11147,Annaba,Prepaid,45,1222.7,23.52,71,0,2,24.6,0
C11148,Tlemcen,Prepaid,14,1681.67,2.1,68,0,2,19.9,0
C11149,Tiaret,Prepaid,25,766.47,0.69,34,0,3,4.4,0
C11150,Annaba,Postpaid,34,2633.05,2.84,72,0,1,33.9,0
C11151,Setif,Prepaid,13,1952.74,32.05,44,1,1,-3.7,0
C11152,Biskra,Postpaid,3,3096.04,46.52,16,0,1,17.5,0
C11153,Bejaia,Postpaid,19,1516.02,0.5,42,1,1,10.5,0
C11154,Blida,Prepaid,12,769.91,6.28,43,1,4,41.9,0
C11155,Batna,Prepaid,10,1306.71,21.88,43,0,6,33.6,0
C11156,Chlef,Postpaid,16,3137.19,4.32,54,0,1,6.5,0
C11157,Chlef,Prepaid,10,2035.52,30.67,57,1,3,-20.0,0
C11158,Blida,Prepaid,1,1588.61,1.07,35,0,2,-11.5,1
C11159,Tlemcen,Prepaid,6,1385.99,24.21,52,2,5,13.9,1
C11160,Tiaret,Postpaid,14,3279.03,3.31,19,0,1,19.7,0
C11161,Chlef,Prepaid,48,743.03,22.58,43,1,3,-18.5,0
C11162,Blida,Postpaid,12,2886.32,16.61,58,2,1,57.6,1
C11163,Blida,Prepaid,30,1049.38,11.58,63,0,4,0.7,0
C11164,Tiaret,Prepaid,35,920.32,6.06,49,0,1,10.7,0
C11165,Batna,Prepaid,39,1053.12,14.98,14,0,3,-20.0,0
C11166,Setif,Prepaid,34,1727.78,6.02,55,0,6,61.0,0
C11167,Setif,Prepaid,19,1346.01,14.28,42,0,3,40.0,0
C11168,Setif,Postpaid,23,2364.88,9.6,5,1,1,8.0,0
C11169,Annaba,Prepaid,9,1216.12,12.36,44,0,4,8.0,0
C11170,Oran,Prepaid,12,685.19,48.89,67,0,1,-20.0,0
C11171,Tiaret,Postpaid,9,3108.82,11.65,69,1,1,13.0,0
C11172,Annaba,Prepaid,34,1720.94,6.89,37,0,2,-1.3,0
C11173,Blida,Prepaid,13,1404.71,31.52,62,3,2,-17.8,1
C11174,Oran,Postpaid,43,2343.24,23.79,46,1,1,11.7,0
C11175,Tiaret,Postpaid,38,2532.67,7.68,5,0,1,-13.4,0
C11176,Chlef,Prepaid,16,716.34,14.17,51,1,4,61.8,0
C11177,Ouargla,Prepaid,21,1644.18,23.52,65,0,4,62.2,0
C11178,Tiaret,Prepaid,9,1518.94,2.21,40,0,6,-1.1,0
C11179,Constantine,Prepaid,46,840.03,1.89,68,0,4,44.4,0
C11180,Annaba,Postpaid,14,3208.19,2.08,37,0,1,7.5,0
C11181,Annaba,Prepaid,17,1652.71,5.49,2,0,2,8.8,0
C11182,Tiaret,Prepaid,7,1232.81,1.39,19,0,2,37.7,1
C11183,Batna,Prepaid,20,1389.6,20.01,63,0,4,26.5,0
C11184,Setif,Prepaid,3,1756.09,23.59,55,1,3,16.8,1
C11185,Tiaret,Prepaid,15,1142.27,0.5,80,0,3,45.7,0
C11186,Bejaia,Prepaid,40,1526.02,13.85,18,1,4,16.3,0
C11187,Ouargla,Prepaid,13,994.31,76.81,50,1,2,48.3,0
C11188,Chlef,Prepaid,5,2026.87,24.9,42,0,1,37.1,1
C11189,Bejaia,Prepaid,25,1428.35,49.71,19,0,3,-14.6,0
C11190,Setif,Prepaid,29,1778.65,0.57,65,1,2,30.1,0
C11191,Oran,Prepaid,20,1288.06,34.48,2,1,4,8.1,0
C11192,Ghardaia,Prepaid,14,1041.8,5.57,59,2,2,19.6,0
C11193,Annaba,Prepaid,13,2165.09,32.55,41,0,5,2.1,0
C11194,Setif,Prepaid,13,1820.82,19.82,51,0,4,1.4,0
C11195,Annaba,Prepaid,10,1265.66,9.59,23,0,3,-20.0,0
C11196,Blida,Prepaid,37,1390.23,20.82,55,0,2,-11.6,0
C11197,Constantine,Prepaid,29,1109.21,7.55,56,0,2,-20.0,0
C11198,Setif,Prepaid,29,1694.22,4.16,47,0,4,-20.0,0
C11199,Algiers,Prepaid,18,2043.47,8.4,53,0,3,24.4,0
C11200,Tiaret,Prepaid,18,1407.56,2.12,45,0,3,-20.0,0
C11201,Chlef,Prepaid,6,993.09,18.53,30,3,3,85.0,1
C11202,Constantine,Prepaid,14,1601.64,13.96,88,0,4,18.1,0
C11203,Setif,Prepaid,30,1239.96,6.72,47,1,4,53.3,0
C11204,Algiers,Prepaid,13,788.62,14.94,34,1,2,29.3,0
C11205,Algiers,Prepaid,8,1653.64,20.48,61,1,6,49.2,1
C11206,Chlef,Postpaid,30,2745.29,6.49,42,1,1,62.6,0
C11207,Setif,Postpaid,26,2183.57,10.74,50,0,1,-12.9,0
C11208,Tiaret,Prepaid,27,1132.16,0.52,60,0,4,-1.9,0
C11209,Constantine,Prepaid,33,1502.45,2.58,74,1,3,-3.0,0
C11210,Biskra,Postpaid,23,2206.11,1.98,20,2,1,2.7,1
C11211,Ghardaia,Postpaid,38,1536.08,4.38,45,0,2,-0.3,0
C11212,Ouargla,Prepaid,23,1127.86,13.31,42,0,1,-3.3,0
C11213,Batna,Postpaid,23,2003.78,12.61,41,1,1,10.8,0
C11214,Oran,Prepaid,7,1461.29,10.48,34,0,2,52.3,1
C11215,Ghardaia,Prepaid,42,1767.35,0.5,51,0,4,9.8,0
C11216,Algiers,Prepaid,15,1948.34,4.31,63,0,4,43.7,0
C11217,Bejaia,Postpaid,4,3967.44,1.28,84,1,1,49.0,0
C11218,Setif,Prepaid,24,1175.7,18.36,20,3,2,17.5,1
C11219,Batna,Prepaid,23,1885.11,9.74,10,0,3,-18.1,0
C11220,Batna,Prepaid,2,1539.49,7.0,26,0,1,63.8,1
C11221,Batna,Prepaid,14,2088.64,16.93,76,0,3,52.1,0
C11222,Blida,Prepaid,6,1062.1,22.4,15,1,4,15.6,1
C11223,Constantine,Prepaid,23,1774.85,27.71,17,0,3,35.5,0
C11224,Algiers,Postpaid,25,1513.63,0.61,67,1,1,9.7,0
C11225,Setif,Prepaid,2,740.67,0.5,77,2,4,2.5,1
C11226,Ghardaia,Prepaid,7,1517.18,8.83,21,0,4,18.4,0
C11227,Batna,Prepaid,14,1730.62,23.17,57,0,2,-20.0,0
C11228,Oran,Prepaid,14,614.91,1.76,34,1,5,45.9,0
C11229,Ghardaia,Postpaid,19,1470.5,38.44,24,0,1,12.0,0
C11230,Oran,Prepaid,6,1689.53,6.4,46,0,4,55.2,0
C11231,Tlemcen,Prepaid,15,1094.2,2.27,9,1,4,55.1,1
C11232,Batna,Postpaid,21,3330.53,29.4,48,0,1,48.1,0
C11233,Oran,Prepaid,7,529.79,3.27,48,0,3,16.8,0
C11234,Bejaia,Prepaid,26,909.38,65.15,20,0,2,7.9,0
C11235,Biskra,Postpaid,27,3344.55,3.8,62,0,1,33.1,0
C11236,Biskra,Prepaid,18,1236.35,11.58,47,0,5,1.2,0
C11237,Algiers,Prepaid,19,2822.94,28.28,55,1,3,-7.7,0
C11238,Constantine,Prepaid,28,1136.8,29.82,52,0,3,10.6,0
C11239,Constantine,Prepaid,23,1476.13,23.05,64,0,3,42.4,0
C11240,Ouargla,Prepaid,12,1414.16,12.23,67,0,5,-20.0,0
C11241,Bejaia,Prepaid,21,1626.14,19.07,69,0,3,-13.6,0
C11242,Setif,Prepaid,14,1247.35,40.65,55,1,2,6.7,0
C11243,Oran,Postpaid,10,2619.51,15.52,32,0,1,-7.8,0
C11244,Annaba,Prepaid,20,885.96,8.55,20,0,4,8.9,0
C11245,Oran,Prepaid,52,1733.04,2.89,46,0,2,11.6,0
C11246,Chlef,Prepaid,22,1118.35,15.55,37,1,4,49.7,1
C11247,Ouargla,Prepaid,68,1550.62,8.84,18,1,4,5.6,0
C11248,Tlemcen,Prepaid,7,937.27,16.81,84,2,2,34.7,1
C11249,Bejaia,Postpaid,17,1637.75,4.17,16,0,1,46.9,0
C11250,Bejaia,Prepaid,2,1367.81,2.6,56,0,5,-5.8,0
C11251,Ouargla,Postpaid,7,3380.32,1.75,49,0,1,16.9,1
C11252,Bejaia,Prepaid,8,2301.52,54.19,16,0,3,-9.1,0
C11253,Annaba,Prepaid,35,1179.13,14.18,16,0,3,-18.2,0
C11254,Ouargla,Prepaid,38,1182.04,27.31,67,0,3,78.7,0
C11255,Chlef,Postpaid,14,2372.82,24.8,27,1,1,33.1,0
C11256,Tlemcen,Prepaid,15,926.84,0.5,91,1,1,30.3,1
C11257,Batna,Prepaid,23,1140.57,0.5,66,0,2,30.5,0
C11258,Tizi Ouzou,Prepaid,23,1135.33,11.94,58,0,4,-20.0,0
C11259,Batna,Prepaid,5,1695.61,6.58,32,0,5,58.4,0
C11260,Setif,Prepaid,47,400.0,17.64,55,1,4,27.9,0
C11261,Ghardaia,Prepaid,33,1069.93,6.97,20,1,4,0.6,0
C11262,Bejaia,Prepaid,19,1041.66,0.5,40,0,3,27.4,0
C11263,Tlemcen,Postpaid,14,2825.89,52.35,58,0,1,56.9,0
C11264,Setif,Prepaid,14,535.05,4.46,82,0,2,34.8,0
C11265,Bejaia,Prepaid,4,1574.89,14.47,41,1,3,28.1,1
C11266,Bejaia,Postpaid,3,2002.9,7.19,47,0,1,52.4,0
C11267,Algiers,Prepaid,18,1236.34,3.13,59,1,4,19.2,0
C11268,Bejaia,Prepaid,14,576.06,4.82,41,2,3,44.3,1
C11269,Tiaret,Prepaid,32,2150.82,37.69,57,0,2,-7.8,0
C11270,Oran,Prepaid,34,982.71,16.49,63,1,3,4.2,0
C11271,Ouargla,Prepaid,35,837.92,11.66,51,0,3,35.0,0
C11272,Annaba,Postpaid,44,3030.5,12.73,20,0,1,4.5,0
C11273,Biskra,Prepaid,2,964.2,9.08,48,1,1,27.8,1
C11274,Annaba,Prepaid,11,1966.35,31.99,71,0,4,32.7,0
C11275,Setif,Prepaid,24,2063.98,18.64,48,0,2,-17.7,0
C11276,Biskra,Prepaid,31,1881.63,9.66,24,0,5,-20.0,0
C11277,Oran,Prepaid,12,2032.9,6.34,50,1,3,26.4,0
C11278,Constantine,Prepaid,5,1353.92,18.05,52,0,3,-1.0,0
C11279,Annaba,Prepaid,32,1203.6,17.32,40,0,3,-6.9,0
C11280,Constantine,Prepaid,23,1266.89,12.7,94,0,4,9.9,0
C11281,Chlef,Prepaid,28,1988.17,5.13,78,0,3,10.4,0
C11282,Oran,Postpaid,4,2695.04,3.72,29,0,1,-7.3,0
C11283,Constantine,Prepaid,19,1913.54,12.0,38,0,2,42.8,0
C11284,Algiers,Prepaid,15,1703.4,4.77,50,0,2,-7.5,0
C11285,Tlemcen,Prepaid,34,2201.0,4.82,55,0,2,27.0,0
C11286,Batna,Prepaid,19,1361.39,3.3,65,1,2,28.8,1
C11287,Tiaret,Prepaid,7,1862.49,11.06,64,2,2,44.2,1
C11288,Bejaia,Postpaid,13,3718.76,30.13,54,0,1,-14.9,0
C11289,Batna,Postpaid,8,3701.41,25.18,51,1,1,37.8,0
C11290,Setif,Prepaid,23,1635.93,3.84,32,1,4,20.2,0
C11291,Algiers,Prepaid,4,940.29,16.62,43,1,1,17.3,1
C11292,Annaba,Prepaid,43,1884.25,12.37,68,1,2,33.5,0
C11293,Setif,Postpaid,13,2320.68,10.58,27,0,1,19.3,0
C11294,Tiaret,Postpaid,29,3558.51,7.36,40,0,1,6.8,0
C11295,Setif,Prepaid,18,1132.98,7.19,30,0,5,59.6,0
C11296,Tiaret,Prepaid,26,1020.29,9.88,63,0,3,36.5,0
C11297,Ghardaia,Prepaid,2,686.1,8.93,61,1,3,13.7,0
C11298,Batna,Postpaid,7,1598.51,4.34,69,0,1,26.2,0
C11299,Oran,Prepaid,14,1263.43,4.04,95,0,4,10.5,0
C11300,Biskra,Postpaid,19,3037.43,6.97,66,1,1,-4.8,0
C11301,Annaba,Prepaid,4,1303.2,6.38,36,1,2,14.6,1
C11302,Tizi Ouzou,Prepaid,4,2492.12,0.77,41,0,2,-6.2,1
C11303,Setif,Prepaid,21,1477.62,11.97,56,0,3,-8.5,0
C11304,Ouargla,Prepaid,14,1332.9,1.91,7,1,2,14.7,1
C11305,Ouargla,Postpaid,19,3205.23,0.65,16,0,1,38.0,0
C11306,Biskra,Prepaid,5,1289.4,26.64,26,0,2,14.9,0
C11307,Bejaia,Prepaid,17,1514.47,22.52,50,2,2,11.1,0
C11308,Biskra,Prepaid,53,405.52,2.79,31,1,3,31.3,0
C11309,Ouargla,Prepaid,17,1535.04,4.54,83,1,5,-8.2,0
C11310,Tizi Ouzou,Prepaid,11,1076.77,1.96,33,2,2,-4.0,1
C11311,Annaba,Prepaid,10,1567.24,36.86,38,0,3,-20.0,0
C11312,Tlemcen,Prepaid,29,1767.67,0.5,38,0,3,12.9,0
C11313,Oran,Postpaid,9,3005.4,2.15,55,0,1,-20.0,0
C11314,Chlef,Prepaid,13,1011.91,19.97,39,0,3,-2.5,0
C11315,Annaba,Prepaid,21,2091.58,11.02,78,0,1,51.7,0
C11316,Biskra,Postpaid,52,2671.06,2.74,45,0,1,36.5,0
C11317,Constantine,Postpaid,22,4020.27,13.13,84,0,1,16.9,0
C11318,Tizi Ouzou,Postpaid,17,2513.48,0.5,53,0,1,2.9,0
C11319,Setif,Postpaid,15,1612.66,0.64,57,0,1,20.5,0
C11320,Ghardaia,Postpaid,16,2932.0,23.18,26,0,1,40.9,0
C11321,Constantine,Prepaid,15,1926.28,19.43,71,0,3,44.9,0
C11322,Oran,Prepaid,8,1276.42,35.75,17,0,5,52.7,1
C11323,Algiers,Prepaid,63,1635.39,6.12,61,1,4,13.6,0
C11324,Constantine,Prepaid,12,1082.35,3.18,52,0,2,12.6,0
C11325,Ouargla,Prepaid,15,1465.78,3.99,31,0,3,21.4,0
C11326,Setif,Postpaid,23,2701.46,6.99,66,2,1,-0.2,0
C11327,Bejaia,Postpaid,12,2684.12,22.44,3,0,1,6.7,0
C11328,Tiaret,Prepaid,14,1652.77,15.93,36,0,4,18.2,0
C11329,Ghardaia,Prepaid,13,1834.52,37.28,39,1,5,12.2,0
C11330,Bejaia,Prepaid,23,1479.54,31.43,43,1,1,19.5,0
C11331,Tizi Ouzou,Prepaid,28,1247.18,4.94,86,0,6,-20.0,0
C11332,Setif,Prepaid,9,1085.01,6.88,81,0,5,12.8,0
C11333,Batna,Postpaid,54,2082.41,39.97,57,1,1,-20.0,0
C11334,Oran,Prepaid,18,1324.78,2.13,39,1,1,21.7,1
C11335,Batna,Prepaid,10,1438.37,0.81,55,0,6,33.6,1
C11336,Tiaret,Prepaid,14,1559.41,1.5,46,0,3,-20.0,0
C11337,Setif,Prepaid,22,1059.62,6.24,54,0,4,-0.4,0
C11338,Tiaret,Postpaid,7,3233.97,37.66,50,0,1,15.2,0
C11339,Tlemcen,Prepaid,7,1083.18,15.63,23,1,1,-9.0,0
C11340,Setif,Prepaid,11,2254.97,2.9,63,2,3,-13.2,1
C11341,Chlef,Prepaid,20,1475.26,3.33,58,0,2,26.5,0
C11342,Chlef,Prepaid,25,1678.73,69.05,24,0,4,-10.4,0
C11343,Batna,Postpaid,11,3041.95,9.78,43,1,1,-18.8,0
C11344,Batna,Prepaid,36,2278.05,7.51,25,0,2,-3.2,0
C11345,Oran,Prepaid,46,1148.32,33.82,53,3,4,23.2,1
C11346,Bejaia,Prepaid,38,1767.62,5.92,49,0,3,-20.0,0
C11347,Algiers,Prepaid,30,1817.17,6.25,2,0,3,-10.7,0
C11348,Tizi Ouzou,Prepaid,17,1691.37,6.02,33,1,3,31.1,0
C11349,Tlemcen,Prepaid,16,1306.93,0.82,13,0,2,2.4,0
C11350,Tiaret,Prepaid,16,793.63,10.17,101,1,4,17.4,0
C11351,Blida,Prepaid,31,635.15,8.61,2,1,2,17.6,0
C11352,Bejaia,Postpaid,4,1150.71,3.11,56,0,1,7.6,0
C11353,Setif,Prepaid,31,1760.49,13.23,46,1,4,-14.6,0
C11354,Algiers,Prepaid,19,2312.17,8.22,14,0,4,40.6,0
C11355,Oran,Postpaid,8,1913.38,16.07,70,0,1,-20.0,0
C11356,Annaba,Prepaid,10,1538.75,33.2,53,0,3,9.3,0
C11357,Biskra,Prepaid,8,1806.46,3.56,28,0,4,-17.0,0
C11358,Ghardaia,Prepaid,9,799.36,23.67,15,0,2,8.9,0
C11359,Ghardaia,Prepaid,1,1763.37,6.74,36,1,3,23.1,1
C11360,Bejaia,Prepaid,3,940.05,1.83,30,0,1,6.4,1
C11361,Bejaia,Prepaid,5,2363.17,6.05,9,0,5,66.1,0
C11362,Algiers,Prepaid,18,1930.89,1.66,56,0,3,28.4,0
C11363,Ouargla,Prepaid,57,1827.18,45.52,55,1,2,-7.4,0
C11364,Biskra,Prepaid,36,2118.1,0.5,57,0,5,22.0,0
C11365,Ghardaia,Prepaid,20,1404.26,2.44,47,0,2,11.2,0
C11366,Setif,Prepaid,39,1471.69,32.65,84,1,3,-11.0,0
C11367,Bejaia,Prepaid,20,1628.25,10.96,49,1,6,40.7,0
C11368,Algiers,Prepaid,5,645.67,14.78,90,0,2,26.3,0
C11369,Ouargla,Prepaid,11,2094.04,3.39,48,0,3,17.8,0
C11370,Ouargla,Prepaid,3,1475.73,2.81,66,0,1,46.8,1
C11371,Constantine,Prepaid,16,1862.25,11.71,46,0,5,22.9,0
C11372,Batna,Prepaid,14,988.28,14.63,37,0,4,14.4,0
C11373,Chlef,Prepaid,7,1213.93,28.71,44,0,4,12.2,0
C11374,Biskra,Prepaid,5,1727.78,17.74,53,0,4,-20.0,0
C11375,Batna,Postpaid,26,3516.44,0.5,73,0,1,19.6,0
C11376,Tizi Ouzou,Prepaid,12,1681.09,11.01,10,0,4,-9.2,0
C11377,Setif,Postpaid,23,2220.53,15.39,91,0,1,21.1,0
C11378,Constantine,Prepaid,17,1568.5,9.52,73,3,2,-4.1,1
C11379,Bejaia,Prepaid,7,658.76,23.58,67,0,4,76.3,1
C11380,Tlemcen,Prepaid,27,739.4,11.04,66,1,3,37.9,0
C11381,Biskra,Postpaid,15,2686.93,23.11,59,0,1,12.0,0
C11382,Ghardaia,Prepaid,6,2357.82,0.9,123,1,4,50.0,1
C11383,Batna,Prepaid,3,1484.7,31.49,52,1,5,-20.0,0
C11384,Oran,Prepaid,14,1818.27,1.07,3,0,1,80.6,1
C11385,Batna,Prepaid,31,1539.28,48.74,50,1,2,17.3,0
C11386,Blida,Prepaid,23,1669.83,42.03,58,1,3,43.9,0
C11387,Tlemcen,Postpaid,36,1423.23,10.33,44,1,1,-20.0,0
C11388,Blida,Prepaid,8,1410.83,0.5,74,0,6,27.6,1
C11389,Blida,Prepaid,47,1858.35,19.13,54,0,3,40.3,0
C11390,Biskra,Prepaid,6,648.87,71.42,49,1,3,1.4,1
C11391,Oran,Prepaid,6,946.75,23.48,18,0,5,31.2,0
C11392,Ghardaia,Prepaid,17,1987.4,3.61,29,0,3,49.3,0
C11393,Constantine,Prepaid,32,2567.12,4.1,57,0,3,27.2,0
C11394,Blida,Prepaid,24,1828.12,38.35,34,1,3,10.6,0
C11395,Tlemcen,Prepaid,10,1312.32,3.12,51,0,4,-20.0,0
C11396,Tiaret,Prepaid,7,1633.03,36.22,83,0,2,10.5,0
C11397,Batna,Postpaid,4,3244.7,4.2,41,1,1,6.3,0
C11398,Setif,Prepaid,21,1340.97,53.58,49,0,3,4.3,0
C11399,Biskra,Postpaid,19,3104.82,24.58,74,1,1,34.6,0
C11400,Tlemcen,Prepaid,30,1084.78,32.75,64,0,1,43.4,0
C11401,Ghardaia,Prepaid,6,911.12,1.37,14,0,7,24.6,0
C11402,Ouargla,Prepaid,9,1609.11,8.35,55,2,4,30.8,1
C11403,Chlef,Prepaid,7,1529.71,18.54,36,0,3,7.8,0
C11404,Algiers,Prepaid,9,1920.32,5.5,71,0,4,-20.0,0
C11405,Batna,Postpaid,37,2558.99,10.37,105,0,1,3.9,0
C11406,Oran,Prepaid,29,1470.23,1.34,24,0,3,15.4,0
C11407,Blida,Prepaid,27,1373.47,0.5,54,1,4,29.3,0
C11408,Setif,Prepaid,12,1885.03,11.82,70,0,1,6.2,0
C11409,Blida,Prepaid,15,1820.14,22.15,55,0,5,29.1,0
C11410,Oran,Prepaid,18,1427.65,5.69,64,0,2,22.0,0
C11411,Ouargla,Prepaid,10,1291.12,18.36,53,1,4,-11.8,1
C11412,Tlemcen,Postpaid,6,3684.07,4.51,8,0,1,-17.0,0
C11413,Ghardaia,Postpaid,72,2229.92,23.12,10,1,1,-19.5,0
C11414,Chlef,Postpaid,17,2988.28,16.85,67,1,1,40.0,0
C11415,Ghardaia,Prepaid,8,1788.15,8.52,22,1,3,-1.1,1
C11416,Algiers,Postpaid,43,3180.87,12.45,64,3,2,2.1,0
C11417,Biskra,Prepaid,3,1048.17,5.1,94,0,2,4.3,0
C11418,Ghardaia,Postpaid,25,2040.67,7.27,44,0,1,-8.1,0
C11419,Chlef,Postpaid,46,2923.19,10.39,42,0,1,57.1,0
C11420,Batna,Postpaid,10,2877.99,6.73,36,0,1,22.9,0
C11421,Tlemcen,Prepaid,17,1155.27,2.05,49,0,4,18.1,0
C11422,Algiers,Prepaid,50,2073.84,15.25,64,0,4,49.6,0
C11423,Annaba,Postpaid,17,2068.57,13.04,13,0,1,30.1,0
C11424,Chlef,Postpaid,21,1805.46,21.35,6,0,1,35.5,0
C11425,Blida,Prepaid,10,2103.12,11.22,28,0,2,8.2,0
C11426,Bejaia,Postpaid,1,2844.24,19.19,2,0,1,1.0,0
C11427,Ouargla,Prepaid,38,1163.06,3.7,48,1,6,48.6,0
C11428,Batna,Prepaid,18,1897.3,12.88,52,1,3,-2.7,0
C11429,Biskra,Prepaid,23,1142.28,12.67,12,1,4,59.6,0
C11430,Batna,Prepaid,29,1515.55,9.82,49,1,3,36.6,0
C11431,Ouargla,Prepaid,26,2135.7,0.5,33,1,2,-1.7,0
C11432,Algiers,Prepaid,9,2371.04,21.26,54,1,2,3.0,1
C11433,Annaba,Prepaid,7,1024.55,3.59,91,1,4,-14.4,1
C11434,Setif,Prepaid,6,1849.89,47.21,2,0,3,38.7,1
C11435,Chlef,Prepaid,1,1407.31,21.16,98,0,2,29.1,1
C11436,Constantine,Postpaid,11,3488.98,2.46,19,2,1,32.5,1
C11437,Tizi Ouzou,Prepaid,7,1386.79,2.48,20,0,2,-20.0,1
C11438,Setif,Prepaid,26,1503.14,2.24,46,0,3,4.5,0
C11439,Batna,Prepaid,1,1152.35,10.71,45,1,4,4.6,0
C11440,Tizi Ouzou,Prepaid,17,828.6,2.39,46,0,3,7.6,0
C11441,Tiaret,Prepaid,15,1681.7,3.66,40,0,2,13.5,0
C11442,Batna,Prepaid,13,1374.15,5.52,34,0,5,-20.0,0
C11443,Oran,Prepaid,29,1252.95,31.19,24,1,3,4.9,0
C11444,Algiers,Prepaid,35,1444.16,9.15,9,0,3,33.7,0
C11445,Biskra,Prepaid,21,1298.66,9.86,69,1,5,-3.0,0
C11446,Bejaia,Prepaid,22,1485.01,9.11,49,0,4,-20.0,0
C11447,Ouargla,Postpaid,19,1743.12,7.02,50,0,2,22.5,0
C11448,Annaba,Prepaid,18,1409.06,9.54,62,1,4,-7.8,0
C11449,Tiaret,Prepaid,21,1493.27,16.43,38,1,2,39.2,1
C11450,Constantine,Prepaid,26,2158.17,21.26,53,2,3,12.5,0
C11451,Setif,Postpaid,18,2442.36,18.45,42,0,1,35.7,0
C11452,Chlef,Prepaid,40,727.83,2.42,63,1,2,12.5,0
C11453,Algiers,Postpaid,9,3320.84,0.5,24,0,1,13.8,0
C11454,Chlef,Prepaid,10,1364.06,17.58,77,0,2,55.6,0
C11455,Tlemcen,Postpaid,24,2685.55,14.5,16,0,1,37.6,0
C11456,Oran,Prepaid,13,1229.3,2.68,77,0,3,13.8,0
C11457,Annaba,Prepaid,20,949.26,73.76,25,0,5,-4.6,0
C11458,Ghardaia,Prepaid,23,1390.38,8.32,28,0,4,23.7,0
C11459,Tizi Ouzou,Prepaid,72,1907.52,1.72,87,1,4,60.7,0
C11460,Oran,Prepaid,29,1066.31,12.52,57,1,4,34.7,0
C11461,Batna,Prepaid,13,914.67,22.3,67,1,3,23.3,0
C11462,Oran,Prepaid,10,1613.49,28.03,8,0,2,22.8,0
C11463,Biskra,Prepaid,6,1251.05,2.89,58,1,4,32.4,1
C11464,Ghardaia,Prepaid,6,794.56,9.14,30,1,4,62.5,1
C11465,Constantine,Prepaid,6,1861.54,6.13,34,0,4,5.6,0
C11466,Batna,Prepaid,32,1228.5,18.07,27,0,2,21.8,0
C11467,Tizi Ouzou,Prepaid,23,1139.08,0.5,36,1,2,50.1,1
C11468,Tiaret,Prepaid,29,1799.24,0.5,76,0,4,-4.4,0
C11469,Setif,Prepaid,49,1098.04,13.98,30,1,3,-8.5,0
C11470,Chlef,Postpaid,9,3997.7,5.37,16,1,1,9.9,0
C11471,Tiaret,Prepaid,12,1745.59,1.84,97,1,1,2.4,0
C11472,Setif,Prepaid,26,1572.39,3.44,37,1,2,-12.0,0
C11473,Tlemcen,Prepaid,7,2101.45,17.59,46,1,3,20.8,0
C11474,Ghardaia,Prepaid,12,1031.37,1.32,48,1,6,17.0,0
C11475,Batna,Prepaid,17,1598.95,0.9,42,0,2,2.8,0
C11476,Batna,Postpaid,15,3229.08,12.1,30,0,1,-6.8,0
C11477,Annaba,Postpaid,10,1897.26,10.68,54,1,1,-20.0,0
C11478,Batna,Postpaid,7,2887.48,1.55,49,0,1,42.1,0
C11479,Chlef,Postpaid,10,3096.56,7.03,88,0,1,-20.0,0
C11480,Constantine,Prepaid,19,1983.6,4.39,50,1,2,31.9,0
C11481,Tlemcen,Prepaid,23,1616.41,10.19,25,2,4,20.1,0
C11482,Annaba,Postpaid,16,3504.0,11.99,13,0,1,-6.7,0
C11483,Tizi Ouzou,Prepaid,50,1023.12,6.43,54,0,3,26.7,0
C11484,Bejaia,Prepaid,14,1637.07,7.18,23,0,4,9.4,0
C11485,Chlef,Prepaid,19,1491.71,2.83,78,0,1,8.0,0
C11486,Tiaret,Prepaid,9,400.0,26.69,63,0,1,5.2,1
C11487,Tizi Ouzou,Prepaid,21,1868.7,24.13,22,0,5,57.5,0
C11488,Constantine,Prepaid,21,1465.34,2.76,60,0,4,33.1,0
C11489,Ghardaia,Postpaid,33,2574.23,4.4,63,0,1,23.5,0
C11490,Oran,Prepaid,23,2132.33,4.09,89,1,4,6.9,0
C11491,Setif,Prepaid,18,1629.3,26.49,58,1,4,26.5,0
C11492,Ouargla,Prepaid,21,990.88,31.16,81,0,3,27.8,0
C11493,Ouargla,Postpaid,39,2818.93,6.7,51,0,1,5.1,0
C11494,Ghardaia,Postpaid,12,1189.4,3.84,29,1,1,8.0,0
C11495,Tlemcen,Prepaid,8,1471.64,2.08,45,0,2,3.8,1
C11496,Blida,Prepaid,9,967.91,0.67,11,0,3,18.2,1
C11497,Tizi Ouzou,Prepaid,15,1685.77,6.37,60,1,5,-8.8,0
C11498,Ouargla,Prepaid,49,400.0,19.34,55,0,3,9.4,0
C11499,Chlef,Prepaid,7,2112.72,5.54,80,2,2,44.6,1
C11500,Setif,Prepaid,7,1738.5,18.42,60,1,5,30.3,1
C11501,Ghardaia,Prepaid,20,1638.65,2.76,42,0,3,25.6,0
C11502,Algiers,Postpaid,36,2201.39,0.95,33,1,1,27.5,0
C11503,Setif,Prepaid,26,2153.12,19.85,35,1,3,63.7,0
C11504,Tiaret,Prepaid,13,2125.69,4.65,87,0,3,32.2,0
C11505,Setif,Prepaid,18,2125.4,24.95,42,0,1,22.1,0
C11506,Ghardaia,Postpaid,27,2843.69,18.92,33,1,1,7.2,0
C11507,Bejaia,Prepaid,14,1381.55,1.43,69,0,3,-16.8,0
C11508,Bejaia,Prepaid,18,1498.5,8.72,38,1,2,-5.2,0
C11509,Biskra,Prepaid,9,2123.41,15.04,28,1,3,15.8,1
C11510,Batna,Postpaid,5,2019.73,5.95,46,1,1,-6.8,0
C11511,Ghardaia,Postpaid,18,2165.94,25.19,37,1,1,19.3,0
C11512,Constantine,Prepaid,39,1288.41,14.88,87,0,4,15.8,0
C11513,Batna,Postpaid,4,2289.96,16.51,32,0,1,33.9,0
C11514,Chlef,Prepaid,3,1939.76,9.73,26,0,4,-20.0,0
C11515,Batna,Prepaid,5,2083.72,20.43,73,1,3,15.4,1
C11516,Blida,Prepaid,13,1486.03,2.19,21,0,2,15.3,0
C11517,Blida,Prepaid,13,1318.04,5.69,57,1,4,40.1,0
C11518,Chlef,Prepaid,31,400.0,20.1,40,1,4,15.4,0
C11519,Ouargla,Prepaid,4,655.03,24.56,53,0,1,16.0,1
C11520,Chlef,Prepaid,24,1158.26,1.25,59,0,3,-11.2,0
C11521,Tlemcen,Prepaid,3,2058.05,0.5,66,0,4,-9.4,1
C11522,Batna,Prepaid,6,1276.32,2.16,26,0,4,-18.6,0
C11523,Tizi Ouzou,Prepaid,19,806.43,15.16,33,0,2,-12.2,0
C11524,Blida,Postpaid,7,2805.22,1.61,76,0,1,17.8,0
C11525,Ghardaia,Postpaid,2,1431.96,4.25,90,0,1,-20.0,0
C11526,Annaba,Postpaid,21,2929.42,5.11,44,1,1,70.2,0
C11527,Tiaret,Prepaid,22,1004.14,13.83,81,1,2,-6.7,0
C11528,Annaba,Prepaid,2,2522.34,7.04,29,0,5,0.9,0
C11529,Bejaia,Prepaid,25,1374.3,2.97,54,0,3,7.5,0
C11530,Tlemcen,Prepaid,2,1139.9,31.48,48,0,1,36.8,1
C11531,Annaba,Postpaid,67,2579.75,8.06,91,1,1,-20.0,0
C11532,Ghardaia,Prepaid,47,1822.43,1.74,74,0,4,35.7,0
C11533,Ouargla,Prepaid,5,1412.01,2.44,33,1,4,-12.6,1
C11534,Tlemcen,Prepaid,35,874.48,2.89,62,1,4,-3.7,0
C11535,Algiers,Prepaid,9,754.08,0.85,51,0,3,-11.8,0
C11536,Blida,Prepaid,7,1455.12,25.14,16,0,5,16.4,0
C11537,Tiaret,Postpaid,23,1754.88,9.55,77,1,1,27.9,0
C11538,Batna,Prepaid,10,400.0,3.34,55,3,2,36.9,1
C11539,Tiaret,Prepaid,58,1821.3,26.62,56,1,4,42.9,0
C11540,Tizi Ouzou,Prepaid,17,576.74,4.23,75,2,1,41.8,1
C11541,Ouargla,Prepaid,23,1450.66,10.52,61,0,3,71.5,0
C11542,Tlemcen,Postpaid,35,2504.35,41.13,48,1,1,28.9,0
C11543,Tlemcen,Prepaid,21,1122.18,11.19,37,1,1,-20.0,0
C11544,Biskra,Prepaid,12,1829.18,26.28,76,0,2,11.9,0
C11545,Ouargla,Prepaid,33,1138.61,16.84,44,2,5,22.5,1
C11546,Ghardaia,Prepaid,20,1326.41,9.8,43,2,3,15.0,0
C11547,Biskra,Postpaid,3,2367.01,5.58,2,2,1,-11.7,0
C11548,Constantine,Prepaid,17,1086.48,3.43,37,0,4,30.4,0
C11549,Batna,Prepaid,2,1017.62,5.78,75,1,4,48.9,1
C11550,Algiers,Prepaid,3,1740.57,22.85,33,1,4,27.8,1
C11551,Constantine,Prepaid,16,1512.3,48.1,66,0,4,58.1,0
C11552,Chlef,Postpaid,38,2630.47,23.87,37,1,1,25.9,0
C11553,Bejaia,Prepaid,16,1008.83,3.55,39,0,2,38.1,0
C11554,Blida,Prepaid,42,1830.2,30.9,67,0,3,30.4,0
C11555,Ghardaia,Prepaid,24,1335.06,14.58,69,2,3,11.3,0
C11556,Oran,Prepaid,10,1625.32,4.5,8,0,2,-3.8,1
C11557,Ghardaia,Prepaid,12,1374.43,30.69,53,1,2,58.8,0
C11558,Ghardaia,Prepaid,23,1796.45,1.37,48,0,3,10.6,0
C11559,Batna,Prepaid,33,780.92,9.07,52,0,2,35.6,0
C11560,Oran,Prepaid,16,1257.93,4.02,81,0,3,49.2,0
C11561,Chlef,Prepaid,34,1143.3,0.99,51,1,3,-3.7,0
C11562,Tizi Ouzou,Prepaid,11,1397.03,9.69,44,1,4,34.9,1
C11563,Batna,Postpaid,16,2273.86,39.9,29,0,1,30.3,0
C11564,Algiers,Prepaid,20,1722.65,23.57,67,0,3,24.7,0
C11565,Tiaret,Prepaid,6,1667.82,9.2,15,0,3,35.2,0
C11566,Constantine,Prepaid,29,1241.39,0.5,69,2,2,52.3,1
C11567,Tlemcen,Prepaid,8,1323.11,0.86,50,0,5,-1.9,0
C11568,Ghardaia,Postpaid,5,2284.67,8.24,44,1,1,35.5,1
C11569,Biskra,Prepaid,12,674.06,5.94,50,1,4,-8.9,0
C11570,Constantine,Prepaid,17,1770.17,7.17,21,1,1,-9.9,0
C11571,Oran,Prepaid,47,3144.82,7.36,19,0,2,19.8,0
C11572,Batna,Prepaid,19,1753.35,0.7,68,0,3,-9.0,0
C11573,Ouargla,Prepaid,2,1065.43,38.75,27,0,6,54.7,0
C11574,Setif,Prepaid,8,1538.73,0.52,65,1,4,24.9,1
C11575,Blida,Prepaid,33,2207.99,2.46,52,0,4,1.9,0
C11576,Bejaia,Prepaid,14,1365.27,6.78,99,0,3,-20.0,0
C11577,Tiaret,Prepaid,8,1114.96,0.5,52,0,3,32.5,1
C11578,Tlemcen,Prepaid,26,756.77,13.47,68,0,1,39.3,0
C11579,Biskra,Prepaid,14,1271.82,17.6,65,0,3,-7.7,0
C11580,Oran,Prepaid,12,1156.18,1.83,8,1,6,13.5,0
C11581,Ghardaia,Prepaid,26,1813.76,2.86,13,0,3,-1.7,0
C11582,Blida,Prepaid,37,1483.56,2.95,76,1,3,15.7,0
C11583,Ghardaia,Prepaid,11,909.84,0.62,39,0,4,14.0,0
C11584,Biskra,Postpaid,5,3077.63,2.42,15,0,1,15.3,0
C11585,Ghardaia,Prepaid,24,1016.33,11.61,25,1,2,-13.3,0
C11586,Chlef,Postpaid,19,2915.65,73.24,61,2,2,18.1,0
C11587,Tlemcen,Postpaid,3,2034.91,27.29,26,0,1,8.0,0
C11588,Blida,Postpaid,28,3401.22,0.63,47,0,1,-11.5,0
C11589,Biskra,Postpaid,10,2649.84,12.8,46,0,1,39.0,0
C11590,Tiaret,Prepaid,23,1227.9,42.34,57,0,4,82.5,0
C11591,Tizi Ouzou,Prepaid,23,1709.55,5.26,84,0,4,20.3,0
C11592,Ouargla,Postpaid,4,2756.45,0.5,46,3,1,12.5,1
C11593,Batna,Prepaid,17,1247.51,27.48,42,0,2,22.3,0
C11594,Ghardaia,Postpaid,62,2704.46,14.48,46,1,1,28.4,0
C11595,Chlef,Prepaid,29,1998.31,26.02,58,0,2,22.2,0
C11596,Algiers,Prepaid,26,1625.32,0.92,32,0,3,41.1,0
C11597,Bejaia,Prepaid,36,2156.6,12.18,69,0,3,-7.8,0
C11598,Oran,Postpaid,18,900.0,8.36,51,0,1,21.0,0
C11599,Annaba,Prepaid,22,2105.82,9.7,85,1,2,29.1,0
C11600,Biskra,Prepaid,9,1085.07,9.98,60,0,3,-20.0,0
C11601,Biskra,Prepaid,13,1436.19,29.27,47,0,4,-11.8,0
C11602,Tizi Ouzou,Prepaid,14,1089.42,8.5,41,0,1,52.2,0
C11603,Setif,Prepaid,21,1167.38,3.75,64,0,2,12.0,0
C11604,Annaba,Prepaid,8,400.0,11.64,43,0,1,12.1,0
C11605,Tiaret,Prepaid,14,1787.54,26.8,61,0,5,6.4,0
C11606,Oran,Prepaid,12,955.54,1.85,67,2,2,16.2,1
C11607,Tlemcen,Prepaid,10,1883.14,34.44,41,0,4,-9.9,0
C11608,Oran,Prepaid,5,2173.66,4.39,86,1,4,43.9,1
C11609,Ouargla,Postpaid,27,2797.44,18.75,23,1,1,25.5,0
C11610,Biskra,Prepaid,10,1722.59,19.48,91,0,1,-8.0,0
C11611,Tiaret,Prepaid,5,2323.83,0.5,79,1,4,14.8,1
C11612,Ghardaia,Prepaid,17,1318.19,2.22,40,0,2,33.1,0
C11613,Oran,Prepaid,12,1509.98,26.21,47,0,4,-1.4,0
C11614,Batna,Prepaid,14,1099.81,19.47,87,0,3,20.5,0
C11615,Constantine,Postpaid,18,3170.46,2.51,58,0,1,7.7,0
C11616,Tiaret,Postpaid,46,2271.87,85.0,57,0,1,8.8,0
C11617,Setif,Prepaid,10,1463.83,19.17,44,0,3,-20.0,0
C11618,Tizi Ouzou,Postpaid,25,3035.76,2.88,34,0,1,28.8,0
C11619,Algiers,Prepaid,7,2298.19,7.32,67,0,3,7.0,0
C11620,Algiers,Prepaid,9,1006.69,16.37,111,1,1,22.5,1
C11621,Blida,Prepaid,14,455.74,16.16,12,0,3,26.6,0
C11622,Ouargla,Prepaid,46,2050.55,26.76,46,1,3,40.1,0
C11623,Algiers,Prepaid,48,1078.46,13.42,63,1,2,-20.0,0
C11624,Setif,Prepaid,12,1948.71,3.19,33,1,5,30.2,0
C11625,Blida,Prepaid,2,1190.03,6.96,55,0,3,17.5,0
C11626,Blida,Prepaid,15,878.4,0.5,43,2,2,-20.0,1
C11627,Tlemcen,Prepaid,3,1172.98,9.66,73,0,4,-20.0,0
C11628,Constantine,Prepaid,16,766.55,6.55,2,1,1,60.0,1
C11629,Annaba,Postpaid,24,2669.94,57.46,17,0,1,5.2,0
C11630,Chlef,Prepaid,33,1246.5,5.54,18,0,4,-20.0,0
C11631,Tlemcen,Postpaid,38,2716.69,6.91,3,0,1,20.4,0
C11632,Bejaia,Prepaid,8,2471.36,7.79,28,0,5,21.6,0
C11633,Biskra,Prepaid,16,1013.29,27.76,57,0,4,11.1,0
C11634,Ouargla,Prepaid,12,1343.87,13.12,16,2,3,14.0,0
C11635,Constantine,Prepaid,22,1971.03,9.66,61,0,2,11.3,0
C11636,Constantine,Prepaid,12,1499.04,24.53,55,1,4,-20.0,0
C11637,Constantine,Prepaid,5,2131.71,27.43,45,0,4,16.2,0
C11638,Oran,Prepaid,3,523.01,22.26,52,0,3,17.9,0
C11639,Bejaia,Prepaid,39,2143.64,1.2,28,0,4,-20.0,0
C11640,Ghardaia,Prepaid,14,1789.51,2.66,62,2,4,74.5,1
C11641,Tlemcen,Prepaid,19,967.82,13.87,42,0,4,28.9,0
C11642,Bejaia,Prepaid,9,1479.84,1.51,27,0,5,49.8,1
C11643,Biskra,Prepaid,31,1259.2,6.13,83,0,4,28.6,0
C11644,Annaba,Prepaid,18,997.07,18.73,33,1,4,34.0,0
C11645,Batna,Prepaid,11,2085.48,4.59,46,0,1,-16.3,1
C11646,Tizi Ouzou,Prepaid,17,1616.52,7.49,125,0,3,23.5,0
C11647,Bejaia,Prepaid,20,953.77,13.69,24,1,4,44.5,0
C11648,Constantine,Postpaid,23,2398.82,8.17,46,1,1,39.7,0
C11649,Annaba,Prepaid,13,2154.77,1.31,68,1,4,14.6,0
C11650,Batna,Prepaid,2,1139.73,15.24,85,1,2,11.8,1
C11651,Biskra,Prepaid,27,1197.86,5.86,53,1,2,26.2,0
C11652,Setif,Prepaid,6,1579.34,6.82,41,1,6,9.6,0
C11653,Batna,Prepaid,42,661.88,31.51,66,0,4,40.0,0
C11654,Setif,Prepaid,10,501.43,19.08,32,0,5,62.4,1
C11655,Biskra,Postpaid,27,3207.28,7.52,14,0,1,60.1,0
C11656,Algiers,Postpaid,13,2404.79,21.6,84,0,1,-3.6,0
C11657,Tizi Ouzou,Prepaid,10,1065.78,17.18,67,0,8,38.2,1
C11658,Ouargla,Prepaid,52,845.08,13.78,58,0,2,40.8,0
C11659,Batna,Prepaid,16,1174.65,1.14,78,2,1,-10.1,0
C11660,Tizi Ouzou,Prepaid,22,1878.7,5.2,39,0,1,10.6,0
C11661,Setif,Prepaid,10,1153.78,9.51,71,0,4,48.1,1
C11662,Biskra,Prepaid,16,1721.05,4.21,44,0,1,-19.0,0
C11663,Chlef,Prepaid,6,1943.38,6.4,40,1,4,-20.0,0
C11664,Constantine,Prepaid,6,1714.1,50.22,13,0,3,14.6,0
C11665,Oran,Prepaid,7,2207.45,15.32,74,0,5,2.6,0
C11666,Batna,Postpaid,14,2417.05,2.22,39,1,1,32.2,0
C11667,Blida,Prepaid,22,1036.27,25.07,76,0,1,-2.3,0
C11668,Bejaia,Prepaid,12,933.72,3.62,49,2,6,-4.1,0
C11669,Setif,Prepaid,25,1146.23,4.7,59,0,4,48.6,0
C11670,Biskra,Postpaid,18,2344.65,24.33,32,0,1,-20.0,0
C11671,Tlemcen,Postpaid,28,2626.7,6.12,27,0,1,-8.4,0
C11672,Tiaret,Postpaid,9,3171.52,0.5,38,0,1,21.4,0
C11673,Setif,Prepaid,23,1220.12,25.19,13,1,2,37.0,0
C11674,Batna,Prepaid,23,1000.44,14.89,65,0,2,52.9,0
C11675,Ghardaia,Prepaid,19,661.52,4.58,29,1,1,-3.2,0
C11676,Setif,Postpaid,17,4208.95,4.71,56,0,1,28.3,0
C11677,Annaba,Prepaid,25,810.5,6.0,36,1,5,26.9,0
C11678,Tlemcen,Postpaid,11,1481.12,6.81,70,0,1,16.1,0
C11679,Ghardaia,Prepaid,5,975.72,7.7,44,0,5,24.5,0
C11680,Batna,Postpaid,15,2602.13,21.85,27,0,1,57.1,0
C11681,Oran,Prepaid,11,1805.3,4.9,60,0,1,-18.0,1
C11682,Annaba,Postpaid,28,2690.92,0.52,38,0,1,9.7,0
C11683,Tlemcen,Postpaid,40,3075.15,7.67,53,0,1,18.6,0
C11684,Bejaia,Prepaid,4,1186.74,13.7,102,0,3,6.9,0
C11685,Blida,Prepaid,22,2032.25,10.13,65,0,3,10.6,0
C11686,Bejaia,Prepaid,21,1941.26,2.54,36,0,4,-0.3,0
C11687,Setif,Prepaid,6,1733.75,27.48,48,1,4,41.6,1
C11688,Tiaret,Prepaid,18,820.6,1.92,2,0,5,6.5,0
C11689,Setif,Postpaid,6,2565.4,0.75,42,0,1,24.1,1
C11690,Algiers,Prepaid,10,844.44,5.36,46,0,5,34.6,0
C11691,Ghardaia,Prepaid,18,1056.97,0.5,58,0,3,1.3,0
C11692,Biskra,Prepaid,16,1029.21,2.87,77,0,4,-3.0,0
C11693,Tlemcen,Prepaid,4,2263.0,20.58,47,0,1,31.6,1
C11694,Setif,Prepaid,16,1767.78,3.23,86,0,1,1.4,0
C11695,Algiers,Prepaid,10,1489.12,20.97,40,1,3,-5.1,1
C11696,Bejaia,Prepaid,2,2094.93,1.5,28,0,5,50.8,1
C11697,Ghardaia,Prepaid,49,1771.36,17.43,24,0,1,15.8,0
C11698,Biskra,Postpaid,38,2931.47,24.33,47,0,1,-13.6,0
C11699,Ouargla,Prepaid,13,1800.48,10.73,73,1,3,0.5,0
C11700,Tiaret,Prepaid,15,400.0,16.37,47,0,3,21.2,0
C11701,Algiers,Prepaid,16,400.0,1.79,84,0,1,13.8,0
C11702,Tizi Ouzou,Prepaid,32,1398.13,0.5,82,5,2,23.1,1
C11703,Bejaia,Prepaid,21,1359.04,0.74,18,0,1,26.2,0
C11704,Tiaret,Prepaid,30,2151.35,17.84,36,1,1,-20.0,0
C11705,Batna,Prepaid,20,2251.86,6.62,32,0,6,54.2,0
C11706,Ghardaia,Prepaid,14,1485.35,0.57,26,0,3,1.4,0
C11707,Tizi Ouzou,Prepaid,19,513.99,11.04,36,0,4,-20.0,0
C11708,Tizi Ouzou,Prepaid,17,1472.03,33.14,10,2,2,52.6,0
C11709,Setif,Postpaid,3,2823.6,19.06,48,0,1,47.0,0
C11710,Ouargla,Prepaid,11,1882.79,3.7,59,1,4,15.2,1
C11711,Ouargla,Prepaid,2,1096.56,4.22,46,0,2,21.8,1
C11712,Annaba,Prepaid,18,1597.57,7.23,35,0,2,18.5,0
C11713,Bejaia,Prepaid,17,2249.91,25.89,51,0,4,-3.5,0
C11714,Ouargla,Prepaid,9,2049.17,2.19,55,0,2,-7.4,1
C11715,Blida,Postpaid,49,2345.82,16.35,33,0,1,53.0,0
C11716,Annaba,Prepaid,24,2050.33,38.03,63,0,4,37.3,0
C11717,Biskra,Prepaid,20,510.61,9.1,63,1,3,-8.9,0
C11718,Annaba,Prepaid,2,1299.11,5.05,53,1,6,17.5,1
C11719,Bejaia,Postpaid,7,3034.17,20.01,19,0,1,0.9,0
C11720,Setif,Prepaid,9,978.48,10.14,63,0,3,23.8,0
C11721,Biskra,Prepaid,3,2464.58,11.6,51,0,3,-2.3,0
C11722,Ouargla,Prepaid,14,989.57,13.86,48,1,1,55.2,0
C11723,Tiaret,Postpaid,31,2073.66,23.56,43,0,1,7.2,0
C11724,Ouargla,Prepaid,20,1712.61,7.96,55,2,5,-0.6,1
C11725,Biskra,Prepaid,15,660.94,39.91,25,0,3,34.4,0
C11726,Biskra,Prepaid,15,1992.49,14.07,41,0,6,-4.8,0
C11727,Ghardaia,Postpaid,10,2948.59,18.61,36,0,1,0.2,0
C11728,Constantine,Prepaid,36,1555.08,5.33,67,0,3,4.5,0
C11729,Biskra,Postpaid,26,2506.02,13.8,59,1,1,15.1,0
C11730,Oran,Prepaid,24,1252.78,4.2,56,1,4,1.8,0
C11731,Tizi Ouzou,Prepaid,38,812.09,24.29,37,0,3,-20.0,0
C11732,Biskra,Postpaid,44,2746.8,41.15,57,0,1,-10.2,0
C11733,Biskra,Prepaid,7,2037.03,10.4,59,1,2,4.2,0
C11734,Algiers,Prepaid,24,1183.88,0.5,30,0,4,-0.2,0
C11735,Setif,Prepaid,9,1521.03,85.0,56,0,3,28.0,0
C11736,Ouargla,Prepaid,12,2625.85,11.21,49,1,1,28.8,0
C11737,Batna,Prepaid,1,2138.96,14.17,18,0,6,-12.1,0
C11738,Algiers,Prepaid,10,1774.0,0.88,66,1,1,11.8,1
C11739,Bejaia,Prepaid,24,1350.05,15.37,25,0,5,29.6,0
C11740,Blida,Prepaid,16,1382.9,14.22,39,0,2,19.0,0
C11741,Tiaret,Prepaid,18,777.56,10.73,34,0,3,20.2,0
C11742,Constantine,Postpaid,6,1785.41,3.74,79,2,1,16.7,1
C11743,Oran,Prepaid,25,1382.61,14.61,28,1,3,28.7,0
C11744,Tizi Ouzou,Prepaid,6,2079.47,51.29,68,1,2,-11.2,0
C11745,Setif,Prepaid,27,1480.99,2.05,14,0,3,41.4,0
C11746,Blida,Prepaid,12,894.6,2.62,49,0,3,10.3,0
C11747,Tiaret,Postpaid,11,1941.16,2.46,41,0,1,15.1,0
C11748,Tlemcen,Prepaid,22,2066.98,2.96,55,1,3,28.0,0
C11749,Constantine,Postpaid,13,2585.57,16.84,30,0,1,28.6,0
C11750,Annaba,Prepaid,3,957.17,16.07,39,2,3,33.3,1
C11751,Constantine,Prepaid,15,960.42,18.88,62,0,3,36.5,0
C11752,Ouargla,Postpaid,3,3026.37,39.63,37,0,1,3.2,0
C11753,Chlef,Prepaid,6,724.46,10.02,61,1,2,10.4,1
C11754,Tizi Ouzou,Prepaid,20,1335.24,2.9,74,1,8,59.0,1
C11755,Blida,Prepaid,34,1878.27,13.05,37,2,2,35.1,1
C11756,Chlef,Postpaid,12,1929.96,23.02,27,0,1,-15.2,0
C11757,Chlef,Prepaid,4,1650.62,1.49,41,0,4,20.6,1
C11758,Tizi Ouzou,Postpaid,18,3509.41,3.7,59,0,1,-1.2,0
C11759,Setif,Prepaid,8,1547.28,48.58,48,1,6,38.2,1
C11760,Ghardaia,Prepaid,9,2042.7,0.5,49,0,5,-1.7,0
C11761,Constantine,Prepaid,57,1932.19,85.0,52,0,4,45.2,0
C11762,Setif,Prepaid,19,1628.08,7.31,5,0,2,31.4,0
C11763,Tizi Ouzou,Prepaid,2,1753.69,4.88,75,0,5,17.6,0
C11764,Ghardaia,Prepaid,8,1783.43,35.95,59,0,5,-2.1,0
C11765,Batna,Prepaid,57,1403.63,3.43,55,1,3,23.2,0
C11766,Ouargla,Prepaid,27,1432.02,4.82,52,0,2,17.9,0
C11767,Setif,Prepaid,26,1458.92,21.89,46,0,2,-20.0,0
C11768,Tiaret,Prepaid,10,400.0,35.41,46,0,5,41.1,0
C11769,Ghardaia,Prepaid,8,917.3,9.03,52,0,2,4.9,0
C11770,Blida,Postpaid,16,2394.88,29.76,36,1,1,22.5,0
C11771,Ouargla,Prepaid,36,1992.35,11.98,56,0,4,9.5,0
C11772,Oran,Prepaid,8,1495.05,46.88,56,0,2,85.0,1
C11773,Batna,Prepaid,3,1682.1,38.65,36,1,3,18.6,1
C11774,Oran,Prepaid,26,1840.51,4.25,41,0,5,30.3,0
C11775,Constantine,Postpaid,27,1845.78,0.86,39,0,1,24.4,0
C11776,Ouargla,Prepaid,69,1303.95,12.04,51,1,3,-3.5,0
C11777,Annaba,Prepaid,37,1465.88,0.56,77,1,5,11.3,0
C11778,Ghardaia,Prepaid,24,406.74,11.78,39,0,4,-20.0,0
C11779,Biskra,Postpaid,8,2135.93,7.73,79,0,1,54.5,0
C11780,Tiaret,Prepaid,15,1171.34,54.73,34,0,3,73.8,0
C11781,Biskra,Postpaid,18,2767.43,2.0,48,1,1,14.0,0
C11782,Tlemcen,Prepaid,5,2396.14,31.62,40,0,4,19.6,0
C11783,Ghardaia,Postpaid,37,3634.8,34.57,33,0,1,40.7,0
C11784,Ouargla,Prepaid,16,2365.32,2.91,51,0,4,18.8,0
C11785,Chlef,Prepaid,30,686.31,9.62,48,0,4,16.6,0
C11786,Blida,Prepaid,39,1388.83,0.5,38,0,2,-9.2,0
C11787,Oran,Prepaid,26,2216.82,11.31,65,0,4,7.5,0
C11788,Ouargla,Prepaid,14,1659.87,0.5,36,0,4,-11.1,0
C11789,Tlemcen,Prepaid,20,958.97,6.67,69,0,4,16.1,0
C11790,Algiers,Prepaid,10,1229.5,28.03,36,1,1,48.6,1
C11791,Setif,Prepaid,25,1964.3,11.02,26,1,1,2.1,1
C11792,Chlef,Postpaid,17,2589.69,48.9,6,0,1,69.9,0
C11793,Oran,Prepaid,26,1007.2,11.24,37,0,1,-20.0,0
C11794,Batna,Prepaid,21,1617.49,6.97,2,0,3,24.9,0
C11795,Blida,Prepaid,40,1262.62,10.29,48,0,3,23.9,0
C11796,Biskra,Postpaid,16,3955.9,10.84,33,1,1,56.9,0
C11797,Tiaret,Postpaid,11,2138.32,12.77,21,1,1,-20.0,0
C11798,Biskra,Prepaid,11,1050.79,0.5,75,0,1,64.2,1
C11799,Setif,Prepaid,35,1530.77,15.15,29,0,1,35.4,0
C11800,Bejaia,Postpaid,4,1497.12,9.39,74,0,1,7.3,0
C11801,Tlemcen,Postpaid,9,2308.47,10.55,14,2,1,37.1,1
C11802,Ghardaia,Prepaid,49,1573.76,36.54,53,0,6,15.3,0
C11803,Biskra,Prepaid,7,1243.78,1.44,29,1,6,13.4,1
C11804,Blida,Postpaid,36,2468.41,14.89,64,0,1,25.4,0
C11805,Oran,Prepaid,29,668.45,27.55,88,1,3,2.3,0
C11806,Biskra,Postpaid,5,3079.28,0.79,35,2,1,59.7,1
C11807,Annaba,Postpaid,14,2726.84,4.83,8,1,1,11.5,0
C11808,Batna,Prepaid,26,1725.92,1.6,60,0,4,31.2,0
C11809,Algiers,Prepaid,27,1960.06,13.17,51,0,3,36.0,0
C11810,Bejaia,Prepaid,25,1336.0,3.83,73,1,2,27.5,0
C11811,Tizi Ouzou,Prepaid,28,1310.54,3.95,40,0,3,-17.5,0
C11812,Chlef,Postpaid,28,1807.17,16.97,23,0,1,53.7,0
C11813,Blida,Prepaid,9,1815.93,6.57,79,0,4,12.2,1
C11814,Tizi Ouzou,Postpaid,12,2997.65,0.53,70,1,1,-20.0,0
C11815,Bejaia,Prepaid,43,1115.73,10.28,79,1,3,18.5,0
C11816,Annaba,Postpaid,29,2722.33,2.47,77,1,1,-20.0,0
C11817,Biskra,Prepaid,47,1246.61,31.01,43,1,3,-20.0,0
C11818,Oran,Postpaid,7,1900.8,6.66,63,1,2,-11.4,0
C11819,Biskra,Postpaid,21,3107.93,3.1,29,0,1,-20.0,0
C11820,Ghardaia,Postpaid,31,1289.41,3.91,28,1,1,67.6,0
C11821,Batna,Postpaid,21,3028.19,12.72,85,1,1,50.5,0
C11822,Tizi Ouzou,Prepaid,9,1418.55,14.82,38,1,2,-12.5,1
C11823,Tiaret,Postpaid,16,3058.43,1.19,2,1,1,15.4,0
C11824,Setif,Prepaid,5,1125.57,14.32,48,0,2,35.9,1
C11825,Biskra,Postpaid,13,3096.99,20.9,95,2,1,-3.4,0
C11826,Tlemcen,Prepaid,46,915.28,9.4,16,1,3,17.6,0
C11827,Oran,Prepaid,13,628.78,0.77,61,0,3,45.6,0
C11828,Constantine,Prepaid,13,776.58,7.95,52,0,1,27.4,0
C11829,Algiers,Prepaid,9,1002.25,6.86,15,0,3,36.8,0
C11830,Algiers,Prepaid,32,1689.04,10.36,4,0,1,10.0,0
C11831,Setif,Postpaid,21,3175.4,41.15,66,0,1,-6.7,0
C11832,Batna,Prepaid,37,1611.26,1.75,7,0,1,-12.2,0
C11833,Oran,Postpaid,20,2884.36,4.53,52,1,1,25.9,0
C11834,Oran,Postpaid,21,3600.25,1.59,29,2,1,8.7,0
C11835,Annaba,Prepaid,50,886.97,39.38,96,2,3,36.6,0
C11836,Tizi Ouzou,Prepaid,47,1377.41,24.28,55,1,4,24.0,0
C11837,Chlef,Postpaid,13,2914.81,17.37,58,0,1,5.2,0
C11838,Constantine,Prepaid,41,1891.74,0.5,48,0,2,18.5,0
C11839,Tlemcen,Prepaid,20,1790.67,7.99,23,0,2,29.7,0
C11840,Batna,Prepaid,52,1214.43,32.25,39,0,3,25.0,0
C11841,Blida,Prepaid,30,773.5,0.5,43,0,4,-12.8,0
C11842,Biskra,Postpaid,20,2752.49,1.58,24,1,1,10.5,0
C11843,Tiaret,Postpaid,22,2347.06,13.02,35,1,1,16.3,0
C11844,Tiaret,Postpaid,12,1776.97,48.37,34,1,1,1.0,0
C11845,Chlef,Prepaid,14,400.0,30.94,25,0,3,24.2,0
C11846,Tlemcen,Prepaid,19,1758.97,1.14,80,0,6,18.3,0
C11847,Bejaia,Postpaid,31,3003.65,0.5,51,0,2,28.2,0
C11848,Tiaret,Prepaid,42,2142.26,0.5,44,3,7,13.3,1
C11849,Tiaret,Prepaid,31,1617.13,3.76,59,2,3,-7.5,0
C11850,Constantine,Postpaid,5,1570.13,38.93,52,0,1,16.6,0
C11851,Tizi Ouzou,Prepaid,23,1360.18,14.62,81,1,3,24.1,0
C11852,Tlemcen,Prepaid,31,901.12,15.97,76,0,4,3.5,0
C11853,Biskra,Postpaid,39,1824.09,28.54,37,1,1,53.8,0
C11854,Oran,Prepaid,3,1244.84,13.57,72,0,4,31.5,0
C11855,Ghardaia,Prepaid,15,2030.36,3.54,34,1,5,7.2,0
C11856,Batna,Prepaid,14,1453.22,20.02,76,0,4,31.0,0
C11857,Bejaia,Prepaid,41,1743.14,0.5,53,1,4,44.0,0
C11858,Tlemcen,Postpaid,55,2161.82,19.03,5,0,1,29.7,0
C11859,Setif,Prepaid,7,2400.66,30.36,76,1,3,-20.0,0
C11860,Algiers,Postpaid,55,2942.26,16.8,20,0,1,78.5,0
C11861,Tiaret,Prepaid,18,1312.27,7.37,74,0,1,14.9,0
C11862,Blida,Postpaid,4,2563.99,13.18,65,0,1,25.3,0
C11863,Annaba,Postpaid,5,2858.85,0.5,64,0,1,26.9,0
C11864,Batna,Prepaid,5,1831.8,5.55,49,1,6,22.1,1
C11865,Batna,Postpaid,14,2958.47,5.28,56,0,1,68.2,0
C11866,Annaba,Prepaid,26,830.48,10.18,32,1,3,-2.8,0
C11867,Ghardaia,Prepaid,16,1577.2,3.4,57,2,4,20.0,1
C11868,Blida,Postpaid,23,1490.54,4.59,44,1,1,1.2,0
C11869,Oran,Prepaid,15,1858.76,20.14,20,3,3,10.9,1
C11870,Biskra,Postpaid,19,2341.47,6.39,2,0,1,-4.9,0
C11871,Blida,Prepaid,8,975.43,12.08,9,0,5,46.7,0
C11872,Chlef,Postpaid,9,2441.34,2.37,23,0,1,33.1,0
C11873,Tizi Ouzou,Prepaid,5,1503.41,1.46,66,1,4,-20.0,0
C11874,Biskra,Postpaid,10,1664.69,26.54,49,2,1,23.5,1
C11875,Blida,Postpaid,14,2610.34,8.4,81,0,1,9.3,0
C11876,Algiers,Postpaid,16,3204.19,5.58,69,0,1,-0.4,0
C11877,Tlemcen,Prepaid,28,730.89,21.46,52,1,4,37.5,0
C11878,Setif,Postpaid,14,2585.26,16.18,78,1,1,-20.0,0
C11879,Annaba,Prepaid,14,2102.34,8.76,28,1,3,15.6,0
C11880,Oran,Postpaid,23,2033.52,39.77,57,0,1,3.5,0
C11881,Ghardaia,Prepaid,11,2073.24,18.63,53,0,2,29.0,0
C11882,Ghardaia,Prepaid,35,1625.83,3.03,37,0,4,58.5,0
C11883,Batna,Prepaid,28,630.47,3.74,74,0,4,-5.3,0
C11884,Oran,Prepaid,5,869.26,11.99,54,1,5,65.5,1
C11885,Biskra,Prepaid,33,1862.58,18.06,35,2,3,42.6,0
C11886,Annaba,Postpaid,24,3459.29,20.92,70,0,1,-17.7,0
C11887,Biskra,Prepaid,28,851.51,36.38,30,1,3,1.8,0
C11888,Biskra,Postpaid,3,1961.43,12.91,29,2,1,34.7,1
C11889,Bejaia,Postpaid,14,2332.67,9.6,42,1,1,2.3,0
C11890,Algiers,Postpaid,18,2987.25,1.78,40,0,1,36.2,0
C11891,Algiers,Prepaid,4,2105.84,5.74,60,1,1,67.9,1
C11892,Ouargla,Prepaid,14,468.89,5.07,44,0,3,17.4,0
C11893,Blida,Postpaid,23,3357.35,25.98,2,0,1,54.4,0
C11894,Annaba,Postpaid,10,3150.37,24.02,67,1,1,18.3,0
C11895,Constantine,Prepaid,15,1091.25,0.5,30,0,4,-1.5,0
C11896,Ouargla,Postpaid,22,2963.86,4.62,50,0,1,4.0,0
C11897,Bejaia,Prepaid,15,1775.77,4.76,53,1,3,35.0,0
C11898,Annaba,Prepaid,24,834.46,3.5,34,0,2,34.6,0
C11899,Oran,Prepaid,9,955.02,19.41,44,1,2,35.4,1
C11900,Ghardaia,Prepaid,13,400.0,19.07,44,0,4,57.7,0
C11901,Ouargla,Prepaid,27,1271.56,10.22,41,0,2,43.8,0
C11902,Chlef,Prepaid,18,826.54,7.15,83,1,2,16.0,1
C11903,Annaba,Prepaid,24,2099.95,1.26,6,0,5,44.3,0
C11904,Bejaia,Prepaid,30,1359.04,17.06,37,0,3,64.9,0
C11905,Annaba,Prepaid,10,1630.48,21.95,58,1,4,7.8,0
C11906,Ghardaia,Postpaid,17,2080.18,20.58,77,0,1,2.5,0
C11907,Ghardaia,Prepaid,9,1271.36,25.62,53,0,4,8.1,0
C11908,Annaba,Postpaid,5,2733.09,4.23,43,0,1,39.6,0
C11909,Blida,Postpaid,4,2849.3,21.27,54,0,1,-20.0,0
C11910,Ouargla,Prepaid,17,1993.39,39.21,36,0,2,31.0,0
C11911,Constantine,Postpaid,18,2989.28,20.71,24,0,1,35.9,0
C11912,Ouargla,Postpaid,34,1847.3,12.74,85,0,1,6.0,0
C11913,Tizi Ouzou,Prepaid,33,1577.52,18.74,31,0,3,-7.5,0
C11914,Bejaia,Prepaid,10,794.76,14.22,52,0,2,10.9,0
C11915,Algiers,Prepaid,8,1763.08,2.21,45,0,6,-20.0,0
C11916,Setif,Prepaid,42,741.2,1.38,28,0,1,1.3,0
C11917,Ghardaia,Prepaid,18,1020.74,22.81,47,0,1,58.9,0
C11918,Constantine,Prepaid,25,1954.5,15.17,48,1,4,37.4,0
C11919,Constantine,Prepaid,15,1851.16,0.5,59,0,3,12.6,0
C11920,Chlef,Prepaid,11,1568.16,28.91,17,0,3,17.4,0
C11921,Setif,Postpaid,25,2111.05,5.65,53,1,1,19.4,0
C11922,Ouargla,Prepaid,26,1376.34,11.85,61,2,2,-6.4,0
C11923,Constantine,Prepaid,7,815.74,61.98,88,0,2,69.3,1
C11924,Oran,Prepaid,11,1546.08,11.35,76,0,5,-17.7,0
C11925,Biskra,Prepaid,9,1595.25,13.96,70,0,4,55.1,0
C11926,Ghardaia,Prepaid,23,1405.47,10.97,40,0,5,17.6,0
C11927,Algiers,Postpaid,26,3028.1,5.32,33,0,1,37.6,0
C11928,Constantine,Prepaid,11,1260.82,3.78,77,0,3,16.4,0
C11929,Algiers,Prepaid,8,1640.41,12.31,45,0,3,19.0,0
C11930,Blida,Postpaid,16,2803.72,18.19,67,2,1,-20.0,0
C11931,Ouargla,Prepaid,14,775.88,10.2,50,0,5,42.3,0
C11932,Ouargla,Prepaid,7,1597.66,26.94,62,1,5,-20.0,1
C11933,Annaba,Prepaid,40,1216.94,3.14,49,1,2,59.0,1
C11934,Bejaia,Prepaid,11,1306.04,10.22,72,0,3,3.5,0
C11935,Blida,Prepaid,36,873.1,22.84,31,0,4,-4.2,0
C11936,Algiers,Postpaid,13,1543.2,6.55,71,1,1,12.4,0
C11937,Constantine,Postpaid,17,2322.59,4.58,56,0,1,47.9,0
C11938,Setif,Prepaid,26,1677.32,3.4,47,1,3,12.5,0
C11939,Algiers,Postpaid,18,2771.53,0.64,68,0,1,-20.0,0
C11940,Constantine,Prepaid,72,1529.24,8.97,52,2,4,13.6,0
C11941,Tiaret,Prepaid,2,1012.32,1.62,45,0,3,24.5,1
C11942,Tlemcen,Prepaid,35,1314.94,3.29,38,1,1,2.3,0
C11943,Chlef,Prepaid,27,1297.61,6.93,49,1,3,27.8,0
C11944,Oran,Postpaid,27,2550.57,14.43,15,0,1,5.3,0
C11945,Tiaret,Prepaid,16,961.3,10.61,63,1,3,15.2,0
C11946,Oran,Prepaid,10,827.47,28.49,26,0,2,30.7,1
C11947,Batna,Prepaid,11,2245.23,1.64,79,0,5,-20.0,0
C11948,Batna,Postpaid,24,3037.27,15.94,35,2,1,31.1,1
C11949,Ouargla,Prepaid,2,1416.82,3.89,40,0,4,7.3,0
C11950,Blida,Postpaid,12,2294.47,8.97,60,0,1,7.1,0
C11951,Chlef,Prepaid,6,1098.52,21.99,2,0,1,32.4,1
C11952,Bejaia,Prepaid,21,2156.12,16.61,48,0,3,22.8,0
C11953,Oran,Postpaid,2,1508.51,3.53,32,1,1,14.0,1
C11954,Batna,Postpaid,4,3598.49,18.72,44,1,1,20.5,0
C11955,Chlef,Postpaid,19,2704.4,9.39,88,2,1,27.0,0
C11956,Annaba,Prepaid,13,1652.13,5.54,4,0,3,47.4,0
C11957,Bejaia,Postpaid,3,3433.37,19.92,38,1,1,48.0,0
C11958,Algiers,Prepaid,6,1975.54,2.84,48,0,3,38.4,1
C11959,Tiaret,Prepaid,8,1017.16,16.25,40,1,2,40.4,1
C11960,Ouargla,Prepaid,6,831.56,16.9,34,0,4,-20.0,0
C11961,Tizi Ouzou,Postpaid,28,2227.06,2.4,20,0,1,18.1,0
C11962,Ghardaia,Prepaid,9,1092.31,20.72,15,0,1,39.1,1
C11963,Biskra,Prepaid,3,848.35,5.2,36,0,3,-18.3,0
C11964,Chlef,Prepaid,17,753.52,16.18,37,2,2,45.1,1
C11965,Setif,Prepaid,34,1041.37,8.65,46,0,3,12.2,0
C11966,Batna,Postpaid,6,2813.21,5.44,24,2,1,-12.3,0
C11967,Biskra,Prepaid,20,1140.78,0.5,66,0,2,48.3,0
C11968,Algiers,Prepaid,31,1281.09,6.5,56,0,2,26.4,0
C11969,Algiers,Prepaid,46,1894.98,13.47,26,1,5,53.7,0
C11970,Batna,Prepaid,28,1980.18,7.89,20,0,2,42.1,0
C11971,Ghardaia,Prepaid,3,1315.31,2.06,91,0,2,81.8,1
C11972,Tlemcen,Prepaid,8,647.84,17.42,67,0,3,9.0,0
C11973,Tlemcen,Prepaid,8,1372.76,21.29,47,0,3,12.9,0
C11974,Biskra,Prepaid,9,1379.46,0.56,80,1,3,21.7,1
C11975,Oran,Prepaid,20,1981.13,13.19,59,0,8,-11.7,0
C11976,Batna,Prepaid,25,1382.84,3.57,50,0,4,8.8,0
C11977,Tiaret,Prepaid,20,1805.3,5.16,48,1,2,16.6,0
C11978,Tizi Ouzou,Prepaid,8,742.98,13.3,19,0,2,-11.6,0
C11979,Batna,Postpaid,12,2507.09,6.64,62,1,1,-16.8,0
C11980,Oran,Prepaid,21,1129.35,8.53,69,0,3,20.3,0
C11981,Tizi Ouzou,Prepaid,10,699.37,29.01,18,0,1,57.8,1
C11982,Oran,Prepaid,6,1695.96,7.79,2,0,3,29.5,0
C11983,Blida,Prepaid,4,1155.78,9.95,49,0,2,31.2,0
C11984,Bejaia,Prepaid,18,2044.11,1.29,33,0,4,25.4,0
C11985,Constantine,Postpaid,26,2128.32,13.93,67,0,1,-6.1,0
C11986,Oran,Postpaid,12,2769.91,5.24,28,0,1,31.1,0
C11987,Constantine,Prepaid,3,1792.09,4.29,61,0,3,-19.5,0
C11988,Setif,Prepaid,11,1514.42,0.5,77,0,5,33.1,1
C11989,Bejaia,Prepaid,16,1544.73,41.88,13,1,1,36.6,0
C11990,Biskra,Prepaid,21,1415.29,63.48,54,0,2,12.7,0
C11991,Bejaia,Prepaid,21,2098.43,13.37,65,0,4,19.5,0
C11992,Chlef,Prepaid,11,1498.23,3.89,55,1,2,-14.2,1
C11993,Tiaret,Postpaid,18,2043.53,31.57,58,0,1,75.2,0
C11994,Blida,Prepaid,33,1542.44,14.29,53,0,1,9.8,0
C11995,Tlemcen,Postpaid,18,2453.11,17.21,90,0,1,61.9,0
C11996,Bejaia,Prepaid,11,1592.38,13.23,85,0,3,-4.1,0
C11997,Chlef,Prepaid,33,1473.66,11.92,41,0,4,20.9,0
C11998,Setif,Postpaid,28,2324.8,16.13,27,0,1,-13.9,0
C11999,Batna,Prepaid,22,1347.5,14.52,45,0,3,-20.0,0
C12000,Chlef,Prepaid,24,400.0,17.66,75,0,2,12.3,0
C12001,Bejaia,Postpaid,23,3316.43,5.61,27,0,1,34.7,0
C12002,Tlemcen,Prepaid,17,1482.55,0.72,28,0,4,9.6,0
C12003,Oran,Prepaid,5,1324.29,12.29,43,0,2,11.4,0
C12004,Ouargla,Prepaid,26,434.58,2.48,39,0,5,-20.0,0
C12005,Tiaret,Prepaid,5,2753.34,0.5,54,0,4,11.4,0
C12006,Oran,Prepaid,11,2157.59,4.8,37,0,1,47.5,1
C12007,Ghardaia,Prepaid,20,1060.35,7.41,42,2,1,19.3,0
C12008,Biskra,Prepaid,7,1097.22,15.44,82,0,5,66.5,0
C12009,Biskra,Prepaid,9,1860.59,8.52,33,1,6,34.7,1
C12010,Tizi Ouzou,Prepaid,12,1199.35,12.51,66,0,2,27.1,0
C12011,Ouargla,Postpaid,25,1821.0,0.5,40,0,1,5.5,0
C12012,Chlef,Prepaid,21,1490.11,0.5,57,1,1,12.3,1
C12013,Tiaret,Prepaid,28,1756.4,1.53,75,0,4,-13.4,0
C12014,Ghardaia,Postpaid,27,2233.17,4.03,55,1,1,18.8,0
C12015,Annaba,Postpaid,17,1436.69,13.02,63,0,1,22.7,0
C12016,Tlemcen,Prepaid,23,756.24,4.63,21,0,3,75.3,0
C12017,Batna,Prepaid,4,1098.3,8.1,36,0,4,7.5,0
C12018,Tizi Ouzou,Postpaid,7,2331.32,13.83,49,0,1,36.7,0
C12019,Annaba,Prepaid,1,1706.14,14.42,51,1,2,57.4,1
C12020,Tlemcen,Postpaid,18,2109.69,27.47,39,1,1,30.3,0
C12021,Blida,Prepaid,12,1442.53,16.51,54,1,3,9.7,0
C12022,Ghardaia,Prepaid,33,874.81,9.38,46,3,2,-20.0,1
C12023,Batna,Postpaid,11,1923.23,0.57,73,0,1,11.9,0
C12024,Tlemcen,Prepaid,3,1071.1,23.81,54,0,5,-1.3,0
C12025,Tlemcen,Prepaid,38,1732.2,4.85,34,0,5,14.8,0
C12026,Tiaret,Prepaid,13,1209.6,16.89,40,0,4,24.9,0
C12027,Oran,Prepaid,4,1252.97,26.56,32,0,4,15.2,0
C12028,Blida,Prepaid,22,1436.34,25.21,86,2,2,-18.7,0
C12029,Tlemcen,Prepaid,48,1497.42,9.49,71,1,2,16.2,0
C12030,Blida,Prepaid,5,1840.11,12.32,77,0,5,13.2,0
C12031,Biskra,Prepaid,26,1276.19,2.94,32,1,3,33.2,0
C12032,Setif,Prepaid,13,1114.46,25.34,18,1,3,2.5,0
C12033,Blida,Prepaid,32,1195.42,1.68,30,0,3,4.6,0
C12034,Constantine,Prepaid,20,1563.82,11.88,46,0,3,30.7,0
C12035,Biskra,Prepaid,16,1370.99,10.02,14,0,2,33.0,0
C12036,Tizi Ouzou,Prepaid,14,1168.58,3.04,37,2,4,-20.0,0
C12037,Batna,Prepaid,4,984.26,15.42,72,0,4,28.2,0
C12038,Oran,Prepaid,25,1863.26,13.98,42,0,4,50.1,0
C12039,Oran,Prepaid,22,2002.0,10.95,47,0,2,8.3,0
C12040,Ghardaia,Postpaid,10,3155.87,44.8,50,0,1,-17.8,0
C12041,Oran,Postpaid,16,4504.71,49.88,19,0,1,38.7,0
C12042,Oran,Prepaid,11,1566.31,12.39,27,0,3,-20.0,0
C12043,Tlemcen,Prepaid,32,1050.34,4.61,83,1,1,-1.5,0
C12044,Oran,Postpaid,39,2604.88,2.29,49,1,1,11.3,0
C12045,Tiaret,Prepaid,54,862.77,4.38,8,1,4,-20.0,0
C12046,Tiaret,Prepaid,9,2320.28,7.54,66,0,3,24.9,0
C12047,Blida,Prepaid,42,525.34,6.84,14,0,5,31.7,0
C12048,Ouargla,Prepaid,6,1916.74,5.38,34,1,1,12.6,1
C12049,Constantine,Postpaid,12,2102.66,15.01,56,1,1,52.2,0
C12050,Chlef,Prepaid,12,1868.66,0.5,109,0,2,39.5,0
C12051,Algiers,Prepaid,10,1000.49,10.26,82,0,3,27.5,0
C12052,Bejaia,Postpaid,3,2394.68,6.5,45,1,1,15.4,0
C12053,Chlef,Prepaid,8,1441.52,17.82,27,0,4,24.9,0
C12054,Chlef,Prepaid,7,1725.16,1.2,46,0,4,-20.0,0
C12055,Blida,Prepaid,20,1370.2,13.46,55,0,6,28.8,0
C12056,Biskra,Prepaid,21,1421.12,5.18,112,0,2,19.4,0
C12057,Oran,Prepaid,21,1792.26,18.07,45,0,2,18.1,0
C12058,Tlemcen,Prepaid,17,1082.35,9.45,81,1,2,-12.3,0
C12059,Blida,Prepaid,19,1269.75,15.93,31,0,4,-6.2,0
C12060,Ghardaia,Prepaid,8,1455.73,9.46,10,1,7,29.7,1
C12061,Biskra,Prepaid,11,662.06,34.64,74,1,3,-7.7,0
C12062,Ouargla,Postpaid,10,2105.58,0.62,48,1,1,37.9,1
C12063,Tlemcen,Postpaid,10,2721.23,1.1,60,0,1,-12.7,0
C12064,Ghardaia,Prepaid,3,1248.48,10.8,68,2,2,51.0,1
C12065,Tizi Ouzou,Prepaid,4,1453.99,10.48,11,0,4,-10.5,0
C12066,Tiaret,Prepaid,30,1315.73,10.06,82,0,4,3.4,0
C12067,Algiers,Prepaid,23,1426.19,3.81,60,0,5,1.3,0
C12068,Setif,Postpaid,32,3132.29,9.32,56,0,1,74.6,0
C12069,Bejaia,Postpaid,6,2222.4,32.74,15,0,1,9.6,0
C12070,Setif,Postpaid,12,2656.96,0.5,51,0,1,-20.0,0
C12071,Blida,Prepaid,1,1438.1,30.18,71,1,3,1.7,0
C12072,Oran,Prepaid,17,1720.14,6.27,46,1,4,50.3,1
C12073,Bejaia,Postpaid,54,4154.99,37.23,62,1,1,20.3,0
C12074,Chlef,Prepaid,7,2227.12,18.27,60,0,4,-15.0,0
C12075,Annaba,Prepaid,48,742.18,25.98,42,0,5,12.7,0
C12076,Constantine,Prepaid,55,1549.24,33.69,5,1,4,29.6,0
C12077,Biskra,Prepaid,16,1381.72,8.96,79,0,3,18.5,0
C12078,Batna,Prepaid,2,1245.07,0.5,81,0,1,-0.8,1
C12079,Annaba,Prepaid,37,1762.0,40.74,47,0,4,24.6,0
C12080,Ghardaia,Postpaid,43,2518.51,4.24,47,0,1,31.0,0
C12081,Oran,Prepaid,39,2137.35,50.05,30,0,5,-6.1,0
C12082,Blida,Prepaid,27,400.0,46.02,32,0,4,-12.6,0
C12083,Ghardaia,Postpaid,33,2987.29,4.85,101,0,1,57.1,0
C12084,Chlef,Prepaid,5,1526.16,8.14,69,0,1,4.2,1
C12085,Blida,Postpaid,38,2085.03,5.59,58,0,2,32.3,0
C12086,Oran,Prepaid,9,605.75,13.04,32,0,4,33.9,0
C12087,Ouargla,Prepaid,36,780.2,3.47,45,1,4,39.0,0
C12088,Setif,Prepaid,28,1684.24,12.02,53,0,4,5.6,0
C12089,Bejaia,Prepaid,8,1412.04,11.67,2,1,1,1.6,1
C12090,Annaba,Prepaid,9,1721.15,7.68,37,1,3,44.9,1
C12091,Ouargla,Prepaid,6,1939.97,30.82,69,0,1,27.8,0
C12092,Tlemcen,Prepaid,25,859.45,22.71,67,1,5,37.6,0
C12093,Ghardaia,Prepaid,22,2256.76,0.8,56,0,1,33.9,0
C12094,Chlef,Prepaid,9,1284.23,16.73,40,0,6,25.0,0
C12095,Ouargla,Prepaid,15,920.65,42.29,48,1,6,39.3,0
C12096,Ghardaia,Prepaid,32,1328.14,14.85,46,1,4,3.8,0
C12097,Bejaia,Prepaid,23,1846.53,32.52,44,0,3,3.1,0
C12098,Bejaia,Prepaid,15,993.2,3.43,29,0,4,-11.7,0
C12099,Biskra,Prepaid,12,1686.72,0.5,28,0,4,56.8,0
C12100,Biskra,Prepaid,11,534.85,19.98,81,1,1,24.2,1
C12101,Chlef,Prepaid,17,1187.87,0.5,42,0,4,11.0,0
C12102,Algiers,Postpaid,26,1079.5,16.51,24,1,1,11.6,0
C12103,Bejaia,Prepaid,8,1699.76,14.71,59,0,4,12.9,0
C12104,Tizi Ouzou,Prepaid,27,445.21,13.09,27,0,2,31.0,0
C12105,Biskra,Prepaid,23,594.11,3.24,70,0,3,7.6,0
C12106,Ghardaia,Prepaid,14,1643.36,6.76,52,1,1,-7.2,0
C12107,Tiaret,Prepaid,63,1932.7,12.38,38,0,5,2.5,0
C12108,Setif,Prepaid,19,1274.53,5.48,63,1,5,50.9,0
C12109,Algiers,Prepaid,6,1177.51,6.42,62,1,1,52.3,1
C12110,Constantine,Prepaid,11,1357.91,15.52,64,0,3,21.6,0
C12111,Setif,Prepaid,13,1757.16,10.66,45,0,4,40.1,0
C12112,Tiaret,Prepaid,28,2162.74,4.22,67,1,5,33.6,0
C12113,Ouargla,Prepaid,28,1205.72,4.94,26,0,3,13.4,0
C12114,Setif,Postpaid,13,1075.77,3.0,56,0,1,3.6,0
C12115,Tizi Ouzou,Prepaid,31,400.0,10.95,39,1,1,-20.0,0
C12116,Blida,Prepaid,14,1333.49,29.98,65,1,3,24.1,0
C12117,Blida,Postpaid,13,2538.12,8.81,117,0,1,-1.6,0
C12118,Algiers,Postpaid,54,1531.88,2.39,26,0,1,-15.2,0
C12119,Constantine,Prepaid,30,1397.29,46.85,8,0,5,15.7,0
C12120,Ghardaia,Prepaid,52,1475.72,6.96,98,0,5,34.0,0
C12121,Constantine,Prepaid,8,1256.28,6.54,44,0,3,20.1,0
C12122,Bejaia,Prepaid,9,856.48,4.45,47,0,3,51.1,1
C12123,Biskra,Prepaid,2,922.81,13.44,73,0,4,-20.0,0
C12124,Tlemcen,Postpaid,31,2823.19,6.47,58,0,1,2.8,0
C12125,Oran,Postpaid,2,1570.47,3.2,43,0,1,21.5,0
C12126,Constantine,Prepaid,36,866.29,0.5,39,0,4,24.7,0
C12127,Tiaret,Postpaid,24,3533.23,5.85,76,0,1,-5.9,0
C12128,Biskra,Postpaid,10,3840.21,9.97,54,1,1,-12.2,0
C12129,Algiers,Prepaid,28,2175.85,2.24,54,0,2,54.7,1
C12130,Oran,Prepaid,16,653.29,19.58,24,0,3,-8.8,0
C12131,Tiaret,Prepaid,19,2294.57,5.44,50,1,2,45.2,1
C12132,Chlef,Prepaid,17,1352.61,10.94,35,0,1,49.6,0
C12133,Annaba,Postpaid,28,2197.66,2.78,55,1,1,48.1,0
C12134,Tlemcen,Postpaid,16,2975.71,5.98,99,0,1,31.4,0
C12135,Tlemcen,Prepaid,37,773.05,5.26,43,1,4,-10.1,0
C12136,Batna,Prepaid,19,1885.86,0.56,38,0,3,-6.6,0
C12137,Blida,Postpaid,21,1632.36,14.09,39,0,1,4.7,0
C12138,Constantine,Postpaid,65,3142.64,3.74,53,0,1,-4.2,0
C12139,Blida,Prepaid,10,758.65,9.21,63,0,5,33.0,1
C12140,Setif,Prepaid,2,1666.19,18.62,83,0,3,7.7,0
C12141,Tiaret,Prepaid,7,1501.3,27.02,63,1,1,27.8,1
C12142,Blida,Postpaid,14,2139.9,41.6,75,0,1,7.0,0
C12143,Ouargla,Postpaid,3,2405.18,6.84,25,1,1,-5.4,0
C12144,Bejaia,Prepaid,32,1274.36,42.52,70,1,2,35.3,0
C12145,Bejaia,Prepaid,4,1330.87,25.74,51,1,2,-13.4,1
C12146,Oran,Prepaid,17,2028.62,0.5,39,0,5,-0.4,0
C12147,Tizi Ouzou,Prepaid,13,958.28,8.71,37,0,3,27.5,0
C12148,Algiers,Prepaid,3,1810.0,6.83,61,0,1,69.8,1
C12149,Constantine,Prepaid,3,762.86,4.15,35,1,3,-20.0,1
C12150,Constantine,Postpaid,5,2852.45,6.68,56,0,1,19.5,0
C12151,Ouargla,Prepaid,24,1666.77,1.8,70,0,4,-2.7,0
C12152,Bejaia,Prepaid,25,1331.04,3.66,67,0,4,4.2,0
C12153,Algiers,Prepaid,1,1766.43,17.41,81,0,1,1.0,0
C12154,Biskra,Prepaid,13,1809.31,7.44,75,0,1,27.5,0
C12155,Oran,Prepaid,12,2508.87,12.82,43,0,3,17.7,0
C12156,Setif,Postpaid,8,2443.62,1.54,57,1,1,-20.0,0
C12157,Batna,Prepaid,11,1402.94,11.0,78,0,3,-10.8,0
C12158,Biskra,Postpaid,8,1332.0,1.26,37,1,1,2.5,1
C12159,Tlemcen,Prepaid,31,1769.22,12.83,27,0,5,38.5,0
C12160,Batna,Prepaid,11,1497.27,18.44,49,0,3,13.5,0
C12161,Bejaia,Prepaid,19,2228.51,8.3,31,0,3,67.9,0
C12162,Batna,Prepaid,22,443.44,0.5,34,0,2,41.5,0
C12163,Tlemcen,Prepaid,1,2209.7,17.86,35,1,2,7.8,1
C12164,Setif,Postpaid,18,3090.4,0.54,39,0,1,21.7,0
C12165,Annaba,Prepaid,30,1450.78,48.61,22,0,3,31.6,0
C12166,Ouargla,Prepaid,37,2032.6,11.15,26,0,1,-8.4,0
C12167,Chlef,Prepaid,12,996.46,9.04,82,2,3,-2.5,0
C12168,Oran,Prepaid,25,1678.0,5.65,15,1,3,26.3,0
C12169,Blida,Prepaid,6,2100.13,1.2,40,0,6,65.7,1
C12170,Tlemcen,Prepaid,12,1004.12,12.89,10,1,3,34.6,0
C12171,Oran,Prepaid,5,1283.16,5.8,18,0,5,27.4,0
C12172,Setif,Prepaid,24,2072.94,26.69,59,1,3,-20.0,0
C12173,Biskra,Prepaid,8,1460.74,11.63,83,1,2,-18.1,0
C12174,Biskra,Prepaid,6,1105.6,5.62,54,0,5,22.1,0
C12175,Bejaia,Prepaid,11,734.33,2.78,81,2,3,3.7,1
C12176,Batna,Prepaid,9,1067.94,7.85,42,1,2,44.1,1
C12177,Chlef,Prepaid,6,593.81,8.2,2,0,7,13.1,0
C12178,Biskra,Prepaid,29,1908.56,0.5,28,0,6,9.2,0
C12179,Setif,Postpaid,39,2041.06,13.4,43,0,1,48.2,0
C12180,Algiers,Prepaid,12,2003.25,10.32,83,1,4,34.9,0
C12181,Annaba,Postpaid,7,1853.02,1.78,45,0,1,30.9,0
C12182,Tlemcen,Prepaid,40,1560.23,9.08,19,0,1,-4.8,0
C12183,Bejaia,Postpaid,3,3117.6,19.39,62,1,1,-15.8,0
C12184,Algiers,Prepaid,20,883.78,16.93,2,0,1,27.0,0
C12185,Algiers,Prepaid,20,1498.66,39.8,80,0,3,-3.0,0
C12186,Annaba,Prepaid,16,1081.33,14.48,49,0,1,5.6,0
C12187,Setif,Prepaid,22,1948.53,0.5,52,2,5,-9.7,0
C12188,Annaba,Prepaid,15,1397.43,1.41,62,0,5,10.6,0
C12189,Ouargla,Prepaid,8,1557.87,8.82,44,1,1,18.5,1
C12190,Constantine,Postpaid,42,2386.02,13.72,45,1,1,41.6,0
C12191,Ouargla,Prepaid,1,1528.93,4.02,42,1,4,30.0,1
C12192,Setif,Prepaid,23,1193.97,16.6,61,1,4,-5.2,0
C12193,Setif,Prepaid,4,1678.72,8.61,24,0,3,21.5,1
C12194,Blida,Prepaid,28,1005.11,9.72,44,1,3,17.1,0
C12195,Oran,Postpaid,24,1759.92,29.23,55,1,1,-9.6,0
C12196,Algiers,Prepaid,22,1281.2,12.95,41,2,8,1.9,0
C12197,Batna,Prepaid,36,1564.82,2.59,70,1,4,36.9,1
C12198,Tiaret,Prepaid,33,1548.39,9.62,48,0,4,12.1,0
C12199,Tlemcen,Prepaid,38,1858.73,15.03,32,1,1,-20.0,0
C12200,Constantine,Prepaid,12,535.92,5.37,90,0,2,-0.7,0
C12201,Constantine,Prepaid,27,1110.55,9.46,88,2,4,-7.7,0
C12202,Tlemcen,Prepaid,10,1779.57,49.43,26,0,5,75.6,1
C12203,Chlef,Prepaid,36,658.21,16.46,84,0,5,9.4,0
C12204,Tiaret,Postpaid,42,2504.39,10.92,20,1,1,-3.1,0
C12205,Annaba,Prepaid,25,605.94,28.65,40,0,6,35.6,0
C12206,Chlef,Prepaid,6,2007.74,38.87,26,0,1,26.0,1
C12207,Chlef,Prepaid,18,1703.33,17.77,49,0,6,1.5,0
C12208,Ghardaia,Prepaid,5,1892.34,1.34,23,0,5,21.1,0
C12209,Biskra,Postpaid,15,2973.64,72.75,70,1,1,10.1,0
C12210,Ouargla,Prepaid,16,1696.54,0.53,34,0,2,20.7,0
C12211,Blida,Prepaid,31,2029.37,6.98,42,1,4,-14.9,0
C12212,Oran,Postpaid,11,2316.98,9.17,32,1,1,-20.0,0
C12213,Tlemcen,Prepaid,10,1983.71,12.57,59,1,4,27.0,1
C12214,Ghardaia,Prepaid,21,2004.64,0.7,85,0,3,43.9,0
C12215,Tiaret,Prepaid,41,1321.83,14.1,22,0,3,33.6,0
C12216,Algiers,Prepaid,19,2357.45,0.5,33,0,1,44.8,0
C12217,Tlemcen,Prepaid,24,1845.79,5.77,70,2,1,7.5,1
C12218,Algiers,Prepaid,30,911.53,23.22,62,0,3,28.8,0
C12219,Batna,Prepaid,6,811.08,4.31,64,0,2,26.2,1
C12220,Tizi Ouzou,Prepaid,17,1793.43,9.0,43,0,4,20.1,0
C12221,Oran,Prepaid,12,1058.15,0.64,60,0,3,59.8,0
C12222,Ghardaia,Prepaid,10,619.33,49.28,24,0,3,19.7,0
C12223,Blida,Postpaid,9,2237.45,20.12,57,1,1,-18.5,0
C12224,Bejaia,Postpaid,33,2536.96,14.75,43,1,1,16.7,0
C12225,Tlemcen,Postpaid,17,1612.65,9.15,39,0,1,29.4,0
C12226,Bejaia,Prepaid,24,1523.06,36.11,26,0,4,29.1,0
C12227,Tlemcen,Postpaid,13,3637.46,4.86,71,0,1,22.8,0
C12228,Tiaret,Prepaid,6,675.82,5.0,52,1,3,-20.0,1
C12229,Biskra,Postpaid,11,2514.98,1.08,40,0,1,-16.7,0
C12230,Tlemcen,Prepaid,1,475.74,6.11,43,1,4,75.5,1
C12231,Setif,Prepaid,39,1130.37,13.73,46,0,1,3.9,0
C12232,Oran,Prepaid,2,1186.62,4.17,57,1,3,23.7,0
C12233,Tlemcen,Prepaid,29,1047.34,4.5,56,1,3,8.2,1
C12234,Algiers,Prepaid,18,1325.02,27.48,40,0,4,44.5,0
C12235,Blida,Prepaid,9,2402.88,38.42,72,0,5,30.9,0
C12236,Constantine,Prepaid,27,1938.71,8.82,68,0,5,-20.0,0
C12237,Ouargla,Prepaid,2,1460.5,30.13,93,0,4,37.9,0
C12238,Bejaia,Prepaid,6,1908.71,50.22,41,1,3,-11.6,0
C12239,Batna,Postpaid,10,900.0,10.86,53,0,1,-20.0,0
C12240,Ghardaia,Prepaid,21,1182.96,24.49,49,0,3,-4.6,0
C12241,Tiaret,Postpaid,29,2958.82,3.15,6,1,1,47.8,1
C12242,Tizi Ouzou,Prepaid,10,1414.72,0.5,63,0,6,19.8,1
C12243,Blida,Prepaid,25,2124.71,2.45,58,0,3,39.7,0
C12244,Oran,Prepaid,17,911.26,0.62,38,0,3,13.5,0
C12245,Tlemcen,Postpaid,3,1531.64,0.5,43,1,1,-11.9,0
C12246,Ghardaia,Prepaid,19,1448.29,5.95,26,1,2,9.1,0
C12247,Oran,Prepaid,11,1735.59,63.26,44,0,2,4.5,0
C12248,Annaba,Postpaid,39,2716.36,29.41,50,2,1,-5.2,0
C12249,Tlemcen,Prepaid,6,1544.88,43.07,60,4,2,14.0,1
C12250,Bejaia,Prepaid,25,822.46,30.22,75,0,3,-10.8,0
C12251,Tlemcen,Prepaid,16,1430.37,34.68,57,0,2,-2.6,0
C12252,Chlef,Prepaid,15,1813.15,13.44,27,0,3,46.0,0
C12253,Oran,Prepaid,3,1911.72,2.52,65,0,4,44.0,1
C12254,Tlemcen,Prepaid,11,1749.13,13.51,27,0,3,39.6,0
C12255,Ghardaia,Prepaid,6,1308.5,25.92,72,1,2,4.8,1
C12256,Setif,Prepaid,15,899.32,3.85,70,2,6,10.2,0
C12257,Tiaret,Postpaid,16,3132.34,10.47,20,0,1,21.4,0
C12258,Blida,Prepaid,28,1810.78,0.61,59,1,1,74.8,1
C12259,Annaba,Prepaid,43,1474.27,5.42,104,0,1,49.0,0
C12260,Blida,Prepaid,41,1892.18,2.06,38,0,1,19.2,0
C12261,Ouargla,Prepaid,24,1485.83,54.57,66,0,6,55.2,0
C12262,Constantine,Prepaid,24,1237.17,24.47,25,1,2,26.7,0
C12263,Oran,Postpaid,19,2418.0,17.59,24,0,1,28.5,0
C12264,Chlef,Prepaid,35,1070.77,3.01,64,0,5,29.9,0
C12265,Biskra,Prepaid,13,2526.66,22.52,99,0,5,30.2,0
C12266,Oran,Prepaid,23,1229.3,5.99,40,0,5,33.2,0
C12267,Chlef,Prepaid,1,1179.67,6.09,60,0,5,9.4,0
C12268,Chlef,Postpaid,12,1501.76,30.7,61,0,1,-14.8,0
C12269,Annaba,Prepaid,24,830.33,12.97,45,1,2,25.7,0
C12270,Tizi Ouzou,Prepaid,24,1891.06,9.14,37,0,4,15.6,0
C12271,Ouargla,Prepaid,2,924.04,20.59,54,0,4,2.4,0
C12272,Blida,Prepaid,10,1929.05,6.72,50,0,3,-20.0,0
C12273,Blida,Prepaid,14,1266.95,16.75,55,0,1,-20.0,0
C12274,Tiaret,Prepaid,20,1973.29,23.93,55,2,1,19.8,1
C12275,Ghardaia,Prepaid,4,1350.44,3.57,59,0,4,21.5,1
C12276,Biskra,Prepaid,23,1797.27,8.43,29,0,4,41.3,0
C12277,Ghardaia,Prepaid,6,2045.08,1.07,60,0,5,-20.0,0
C12278,Constantine,Prepaid,10,1341.61,10.48,62,1,4,2.3,1
C12279,Annaba,Prepaid,9,1066.61,0.75,85,0,1,11.2,1
C12280,Oran,Prepaid,9,1317.27,3.04,50,0,2,32.2,1
C12281,Constantine,Prepaid,41,1164.25,4.46,34,1,3,0.2,0
C12282,Setif,Postpaid,39,2401.33,6.52,18,0,1,5.5,0
C12283,Annaba,Prepaid,17,880.51,3.94,73,1,4,-8.2,0
C12284,Constantine,Prepaid,6,1284.26,15.2,57,1,3,13.8,0
C12285,Bejaia,Prepaid,50,1161.2,14.56,26,0,3,24.3,0
C12286,Constantine,Postpaid,20,4097.46,7.24,67,0,1,-0.2,0
C12287,Ouargla,Postpaid,8,3043.29,5.53,2,0,1,59.6,0
C12288,Ouargla,Postpaid,29,2754.57,27.77,26,0,1,16.7,0
C12289,Biskra,Postpaid,16,1879.77,5.93,63,1,1,-3.1,0
C12290,Oran,Prepaid,10,1407.74,6.79,55,0,5,5.4,0
C12291,Constantine,Prepaid,9,1490.01,18.41,49,1,4,-1.5,1
C12292,Ouargla,Prepaid,19,1861.99,26.61,71,1,4,26.1,0
C12293,Biskra,Prepaid,24,834.95,2.6,82,2,1,11.1,1
C12294,Batna,Prepaid,32,1964.71,13.4,51,0,4,10.7,0
C12295,Batna,Prepaid,26,1273.93,33.22,56,0,1,31.5,0
C12296,Ouargla,Prepaid,6,1280.78,17.13,57,0,4,-5.7,0
C12297,Bejaia,Prepaid,8,2412.36,20.81,62,0,3,39.6,0
C12298,Ouargla,Prepaid,23,1162.33,37.1,49,0,1,-9.7,0
C12299,Bejaia,Prepaid,17,1682.14,21.6,27,0,3,-11.2,0
C12300,Batna,Prepaid,13,765.19,1.54,17,0,2,-9.0,0
C12301,Biskra,Prepaid,32,1379.83,5.19,53,1,3,15.7,0
C12302,Tizi Ouzou,Postpaid,35,3806.67,19.18,41,1,1,6.0,0
C12303,Tizi Ouzou,Prepaid,16,1721.78,4.7,18,0,3,11.8,0
C12304,Bejaia,Postpaid,28,2641.13,4.13,56,1,1,-14.6,0
C12305,Biskra,Prepaid,31,1547.3,10.19,62,0,1,-1.9,0
C12306,Biskra,Prepaid,24,867.81,0.5,47,0,6,3.2,0
C12307,Bejaia,Prepaid,45,2137.16,19.58,12,1,3,-7.9,0
C12308,Blida,Prepaid,11,2529.72,24.46,77,0,5,10.4,0
C12309,Ghardaia,Prepaid,21,1706.71,4.66,29,1,2,37.1,1
C12310,Biskra,Prepaid,7,1121.86,36.09,71,1,5,55.8,1
C12311,Blida,Postpaid,9,1329.21,32.88,2,1,1,-13.4,0
C12312,Constantine,Postpaid,13,2594.11,13.06,19,0,1,-2.2,0
C12313,Batna,Prepaid,8,1099.24,9.01,65,0,2,55.9,1
C12314,Oran,Prepaid,35,1587.16,1.83,74,0,2,30.7,0
C12315,Batna,Prepaid,17,933.29,25.81,67,1,2,18.8,1
C12316,Batna,Prepaid,10,1270.84,4.68,20,1,4,7.4,1
C12317,Biskra,Postpaid,23,3189.77,1.82,40,0,1,-20.0,0
C12318,Setif,Prepaid,2,1963.74,18.57,63,0,1,-11.6,1
C12319,Ouargla,Prepaid,11,1849.15,7.09,61,0,3,19.8,0
C12320,Setif,Prepaid,35,1276.46,7.87,13,0,4,8.6,0
C12321,Bejaia,Prepaid,5,761.2,3.77,22,0,4,-20.0,0
C12322,Algiers,Prepaid,12,1558.86,46.15,49,0,2,-20.0,0
C12323,Blida,Prepaid,6,1378.44,2.08,65,0,2,-0.8,1
C12324,Chlef,Prepaid,13,1518.93,2.15,38,2,3,38.3,1
C12325,Oran,Prepaid,30,1303.54,7.34,40,1,3,79.1,0
C12326,Setif,Prepaid,19,1394.45,10.87,51,0,1,42.9,0
C12327,Batna,Prepaid,13,1404.91,4.32,35,0,4,-2.5,0
C12328,Batna,Prepaid,16,1391.38,2.12,15,0,3,-1.0,0
C12329,Algiers,Prepaid,6,1004.38,2.42,74,0,5,20.0,0
C12330,Algiers,Prepaid,34,1074.16,28.06,76,0,2,-20.0,0
C12331,Blida,Postpaid,25,4036.06,3.39,45,0,1,-20.0,0
C12332,Ghardaia,Prepaid,11,925.87,19.8,52,0,3,-20.0,0
C12333,Setif,Prepaid,11,1789.05,14.3,61,0,2,21.6,1
C12334,Oran,Prepaid,9,2409.29,1.34,2,1,3,37.8,1
C12335,Biskra,Prepaid,30,1878.25,6.76,29,0,2,46.6,0
C12336,Ghardaia,Postpaid,6,2129.26,0.5,68,1,1,16.3,0
C12337,Ghardaia,Prepaid,40,1064.97,4.0,92,0,3,-0.4,0
C12338,Oran,Postpaid,24,2695.92,25.27,39,1,1,8.8,0
C12339,Bejaia,Prepaid,53,1431.76,13.19,46,0,3,20.6,0
C12340,Bejaia,Prepaid,22,1272.95,14.86,44,0,4,27.6,0
C12341,Chlef,Prepaid,9,1097.65,14.22,59,1,3,-20.0,1
C12342,Tlemcen,Prepaid,3,1208.54,6.1,23,0,2,23.1,1
C12343,Batna,Postpaid,8,1281.95,16.37,58,0,1,-14.1,0
C12344,Bejaia,Prepaid,11,1274.28,2.19,48,0,3,62.1,0
C12345,Chlef,Prepaid,9,533.45,25.14,34,0,4,6.7,0
C12346,Ouargla,Prepaid,11,1011.69,5.99,71,0,2,47.0,1
C12347,Tiaret,Prepaid,3,2093.51,7.77,32,1,2,-20.0,0
C12348,Tizi Ouzou,Prepaid,22,1588.33,6.78,51,2,4,-4.1,0
C12349,Algiers,Prepaid,5,1585.91,5.63,39,0,3,-4.8,0
C12350,Batna,Prepaid,14,1525.89,18.33,26,1,3,-17.3,0
C12351,Tizi Ouzou,Prepaid,35,2207.06,20.43,30,0,2,11.6,0
C12352,Ouargla,Prepaid,29,1353.73,6.97,55,1,2,-13.0,0
C12353,Bejaia,Prepaid,55,1534.27,1.79,48,0,3,14.5,0
C12354,Biskra,Prepaid,15,1644.33,9.67,30,0,2,66.7,0
C12355,Annaba,Prepaid,7,1730.57,1.24,52,0,1,43.7,1
C12356,Blida,Prepaid,16,1050.21,9.25,90,0,3,4.2,0
C12357,Bejaia,Prepaid,20,1938.94,11.2,58,0,4,20.9,0
C12358,Batna,Prepaid,15,2866.8,14.79,61,0,2,59.6,0
C12359,Chlef,Prepaid,41,1046.69,22.75,46,0,1,25.2,0
C12360,Constantine,Prepaid,6,2625.86,5.14,36,1,6,39.2,1
C12361,Algiers,Prepaid,27,1605.56,1.38,56,0,2,34.7,0
C12362,Batna,Prepaid,17,1152.95,3.77,41,0,4,22.3,0
C12363,Oran,Prepaid,18,2114.08,22.68,76,0,3,50.1,0
C12364,Ouargla,Postpaid,23,1715.92,2.02,42,1,1,43.2,0
C12365,Tizi Ouzou,Prepaid,31,1561.02,7.81,32,1,5,12.2,0
C12366,Ghardaia,Prepaid,60,1895.41,1.82,36,0,4,24.4,0
C12367,Blida,Prepaid,8,572.56,1.22,18,0,4,-4.4,0
C12368,Tiaret,Postpaid,72,2718.4,7.52,66,1,1,15.0,0
C12369,Oran,Postpaid,5,2464.4,6.64,41,0,1,19.2,0
C12370,Chlef,Postpaid,19,1674.41,19.73,60,1,1,-5.9,0
C12371,Biskra,Prepaid,21,1059.55,4.81,25,1,3,60.5,0
C12372,Constantine,Prepaid,37,1040.7,4.82,22,1,2,21.8,0
C12373,Algiers,Prepaid,66,1456.94,2.49,83,0,1,-20.0,0
C12374,Annaba,Postpaid,5,2313.73,9.22,11,0,1,-0.4,0
C12375,Tiaret,Postpaid,10,3311.88,11.4,21,0,1,0.7,0
C12376,Batna,Prepaid,21,1949.84,19.61,55,1,3,-20.0,0
C12377,Batna,Prepaid,31,1471.29,16.63,62,1,3,-15.3,0
C12378,Chlef,Prepaid,1,867.42,32.99,65,0,4,38.6,0
C12379,Chlef,Postpaid,21,2818.64,5.32,18,0,1,33.7,0
C12380,Bejaia,Prepaid,2,1921.45,1.5,50,0,4,-1.0,1
C12381,Constantine,Prepaid,60,1423.8,10.28,34,0,4,36.8,0
C12382,Blida,Prepaid,23,1878.68,3.75,64,1,3,-15.6,0
C12383,Blida,Prepaid,32,890.29,6.36,21,0,1,9.4,0
C12384,Tizi Ouzou,Prepaid,43,1531.49,1.94,84,1,5,63.7,1
C12385,Setif,Prepaid,24,1619.53,0.5,42,1,4,26.0,1
C12386,Tlemcen,Prepaid,12,1663.38,4.52,22,1,6,29.3,0
C12387,Tlemcen,Prepaid,34,1552.04,25.06,44,0,3,60.3,0
C12388,Ouargla,Postpaid,13,1474.68,4.49,51,0,1,-0.3,0
C12389,Blida,Postpaid,61,2597.15,6.11,42,0,1,-13.3,0
C12390,Biskra,Prepaid,72,1909.47,12.42,106,0,2,-3.5,0
C12391,Bejaia,Postpaid,13,2377.71,19.78,34,1,1,17.9,0
C12392,Algiers,Prepaid,33,1797.21,13.53,62,1,1,47.4,1
C12393,Ouargla,Postpaid,43,2406.26,3.75,58,0,1,17.3,0
C12394,Biskra,Prepaid,9,1269.61,36.4,24,0,3,1.4,0
C12395,Biskra,Prepaid,54,2443.4,2.96,71,0,2,76.1,1
C12396,Blida,Prepaid,10,1845.55,4.53,56,0,4,34.0,1
C12397,Oran,Prepaid,11,1666.97,13.12,17,0,6,20.4,1
C12398,Blida,Prepaid,19,1096.97,3.63,38,0,1,17.8,0
C12399,Oran,Postpaid,6,2772.2,0.5,69,0,1,-0.1,0
C12400,Chlef,Prepaid,6,400.0,38.7,74,1,3,20.4,1
C12401,Biskra,Prepaid,16,1327.15,18.62,45,0,2,25.1,0
C12402,Tlemcen,Prepaid,30,1191.92,26.29,45,1,1,32.0,0
C12403,Setif,Prepaid,17,1509.76,11.8,48,0,3,42.8,0
C12404,Setif,Prepaid,43,805.79,2.25,28,0,4,36.8,0
C12405,Tiaret,Prepaid,23,1327.73,39.06,28,0,4,-2.8,0
C12406,Ghardaia,Prepaid,18,1154.03,14.34,55,1,1,35.8,1
C12407,Biskra,Postpaid,21,3147.34,0.5,6,1,1,14.3,0
C12408,Tizi Ouzou,Postpaid,16,1559.18,6.4,48,0,1,14.3,0
C12409,Bejaia,Prepaid,40,1106.97,7.12,20,0,4,25.4,0
C12410,Ghardaia,Prepaid,31,1360.84,15.46,26,0,2,24.6,0
C12411,Constantine,Postpaid,1,2155.42,17.17,70,0,1,30.4,0
C12412,Blida,Prepaid,12,1348.54,44.44,35,0,2,12.4,0
C12413,Oran,Prepaid,22,669.67,1.34,9,0,3,-11.4,0
C12414,Bejaia,Postpaid,20,3964.03,44.05,22,0,1,21.3,0
C12415,Biskra,Prepaid,1,1627.83,12.62,14,0,2,39.4,0
C12416,Constantine,Postpaid,41,1992.61,16.92,34,0,1,38.6,0
C12417,Tizi Ouzou,Prepaid,42,887.94,20.25,66,1,3,-14.2,0
C12418,Blida,Postpaid,7,2866.95,23.78,78,0,1,-16.7,0
C12419,Setif,Postpaid,10,2633.31,7.5,41,0,1,-7.9,0
C12420,Biskra,Prepaid,1,1734.79,26.92,48,1,1,-20.0,1
C12421,Tiaret,Prepaid,5,1200.98,9.92,74,0,3,33.2,0
C12422,Biskra,Prepaid,9,2450.87,6.2,14,1,3,-4.8,0
C12423,Tlemcen,Postpaid,6,3033.9,1.09,70,1,1,56.7,1
C12424,Constantine,Prepaid,26,1485.56,18.87,60,0,2,-20.0,0
C12425,Bejaia,Prepaid,14,1768.97,0.61,14,0,1,-5.8,0
C12426,Tiaret,Postpaid,21,2813.24,39.95,42,0,1,85.0,0
C12427,Oran,Postpaid,49,1877.48,22.96,45,0,1,-8.0,0
C12428,Setif,Prepaid,9,1691.15,54.03,78,0,3,85.0,1
C12429,Chlef,Prepaid,16,1601.32,11.89,67,0,5,0.3,0
C12430,Tlemcen,Postpaid,5,3905.82,29.02,45,0,2,-0.0,0
C12431,Biskra,Prepaid,24,903.84,8.12,88,1,1,-6.5,0
C12432,Ouargla,Prepaid,4,1867.4,2.56,55,0,5,33.3,0
C12433,Blida,Prepaid,21,1344.44,2.29,79,0,3,42.6,0
C12434,Ghardaia,Postpaid,16,3139.83,3.96,53,1,1,-20.0,0
C12435,Constantine,Prepaid,32,1679.66,5.39,40,0,5,-18.1,0
C12436,Biskra,Prepaid,1,1368.66,19.18,2,0,1,9.0,1
C12437,Tiaret,Prepaid,24,1447.02,19.62,7,1,4,17.7,0
C12438,Ghardaia,Postpaid,30,2490.8,54.98,63,1,1,17.2,0
C12439,Tiaret,Prepaid,7,1716.74,5.24,46,0,4,62.5,1
C12440,Biskra,Prepaid,14,810.37,11.01,54,0,2,6.5,0
C12441,Tizi Ouzou,Postpaid,20,2948.86,17.51,22,3,1,37.1,0
C12442,Chlef,Prepaid,4,2382.0,8.92,55,0,5,18.0,0
C12443,Oran,Postpaid,9,2017.54,2.13,39,0,1,32.8,0
C12444,Biskra,Prepaid,15,1868.6,67.18,28,0,2,6.1,0
C12445,Biskra,Prepaid,22,1090.77,27.2,42,0,3,41.6,0
C12446,Tlemcen,Prepaid,27,2115.73,5.96,21,0,4,-7.2,0
C12447,Chlef,Prepaid,18,1025.81,22.54,6,0,1,45.1,0
C12448,Blida,Prepaid,24,1414.04,13.35,30,0,2,10.5,0
C12449,Algiers,Postpaid,8,1885.83,40.9,10,0,1,-9.7,0
C12450,Blida,Prepaid,9,1403.06,14.31,78,0,2,37.1,1
C12451,Setif,Postpaid,7,2014.25,35.59,34,0,1,1.7,0
C12452,Constantine,Prepaid,17,688.42,4.06,49,0,2,56.4,1
C12453,Annaba,Prepaid,21,1501.83,14.41,53,1,4,28.5,0
C12454,Blida,Postpaid,25,2400.17,7.2,22,1,1,15.6,0
C12455,Ouargla,Prepaid,10,1609.94,28.13,51,0,4,22.2,0
C12456,Batna,Prepaid,15,1350.19,0.5,61,0,4,18.9,0
C12457,Annaba,Prepaid,8,1212.41,8.82,54,1,2,40.0,1
C12458,Annaba,Prepaid,32,1569.53,23.84,39,0,1,19.0,0
C12459,Constantine,Prepaid,9,966.92,15.73,63,1,3,33.0,1
C12460,Constantine,Prepaid,9,1691.53,9.65,33,0,3,12.3,0
C12461,Oran,Prepaid,4,1484.34,5.42,48,0,2,27.3,1
C12462,Setif,Prepaid,13,1678.89,22.35,46,1,4,45.0,0
C12463,Ghardaia,Prepaid,13,1401.23,25.73,38,0,4,-19.5,0
C12464,Ouargla,Postpaid,9,3429.36,6.63,22,0,1,24.2,0
C12465,Oran,Prepaid,21,400.0,5.32,84,1,2,-20.0,0
C12466,Chlef,Prepaid,9,900.41,8.55,72,0,4,7.4,0
C12467,Ouargla,Prepaid,9,1396.52,7.0,18,0,2,-3.5,0
C12468,Chlef,Prepaid,11,1293.8,1.89,25,0,1,-20.0,1
C12469,Ghardaia,Prepaid,9,1600.86,53.2,93,1,4,20.1,1
C12470,Tiaret,Prepaid,8,1134.02,33.14,72,0,2,51.7,1
C12471,Tizi Ouzou,Prepaid,9,1790.07,12.09,52,1,4,33.4,1
C12472,Chlef,Prepaid,11,873.79,2.79,27,1,2,-18.3,1
C12473,Algiers,Prepaid,19,878.55,21.88,54,2,1,24.8,1
C12474,Biskra,Prepaid,15,1701.48,0.5,60,0,3,5.1,0
C12475,Blida,Postpaid,35,2765.83,0.93,64,0,1,42.6,0
C12476,Tizi Ouzou,Prepaid,16,1423.84,13.9,43,0,3,34.2,0
C12477,Ouargla,Prepaid,12,694.47,1.82,13,1,1,-16.8,0
C12478,Bejaia,Prepaid,22,1724.42,1.33,77,0,5,9.2,0
C12479,Constantine,Prepaid,4,1096.3,3.46,46,0,4,37.1,1
C12480,Bejaia,Prepaid,6,1938.29,24.01,79,0,2,22.4,0
C12481,Tlemcen,Prepaid,15,1700.89,9.04,64,0,5,-2.9,0
C12482,Constantine,Prepaid,9,1518.67,2.2,47,0,3,14.0,0
C12483,Constantine,Prepaid,2,1472.5,20.37,57,0,2,9.3,1
C12484,Constantine,Postpaid,22,2642.14,0.76,60,0,1,21.9,0
C12485,Ghardaia,Prepaid,12,1481.2,52.43,17,0,4,6.0,0
C12486,Tiaret,Postpaid,2,2363.48,5.66,15,2,1,20.1,0
C12487,Ouargla,Prepaid,24,2142.03,16.16,31,0,4,29.1,0
C12488,Bejaia,Postpaid,21,3151.63,0.72,45,1,1,13.3,0
C12489,Ouargla,Prepaid,24,900.81,3.05,51,0,1,-18.2,0
C12490,Tizi Ouzou,Prepaid,24,1734.12,1.86,57,0,2,10.9,0
C12491,Constantine,Postpaid,23,2433.74,28.13,65,1,1,55.9,0
C12492,Tiaret,Prepaid,14,1446.03,4.19,33,1,2,28.8,1
C12493,Batna,Prepaid,9,1036.74,42.74,42,0,3,27.8,0
C12494,Algiers,Postpaid,20,2813.4,7.49,46,0,1,28.1,0
C12495,Tlemcen,Prepaid,7,1357.9,0.86,84,0,1,29.2,1
C12496,Blida,Prepaid,23,818.56,10.32,59,2,5,11.4,0
C12497,Biskra,Postpaid,31,2802.76,2.68,57,1,1,-2.9,0
C12498,Tiaret,Prepaid,10,1411.81,3.95,37,1,3,-20.0,0
C12499,Annaba,Postpaid,27,2859.41,24.4,86,0,1,-1.2,0
C12500,Batna,Prepaid,30,1216.7,2.3,60,1,3,22.3,0
C12501,Bejaia,Prepaid,20,1903.77,43.22,2,0,1,64.8,0
C12502,Setif,Prepaid,7,895.87,9.85,40,0,4,-6.3,0
C12503,Ouargla,Postpaid,20,2563.75,1.11,63,0,1,-20.0,0
C12504,Tiaret,Prepaid,10,1757.61,24.62,74,0,3,-13.8,0
C12505,Ouargla,Postpaid,36,2357.55,2.73,44,0,1,40.9,0
C12506,Batna,Prepaid,4,1079.15,10.46,50,0,2,6.9,0
C12507,Annaba,Postpaid,20,2698.59,55.97,64,0,1,-8.6,0
C12508,Chlef,Prepaid,12,598.48,17.26,42,0,2,-20.0,0
C12509,Annaba,Postpaid,28,2670.82,10.34,18,0,1,-11.3,0
C12510,Setif,Prepaid,26,1944.75,2.76,27,0,4,5.3,0
C12511,Ouargla,Prepaid,25,1048.1,7.64,55,1,4,59.8,0
C12512,Ouargla,Prepaid,12,2099.02,3.46,27,1,1,20.6,1
C12513,Batna,Postpaid,51,2940.82,12.48,55,0,1,28.0,0
C12514,Tizi Ouzou,Prepaid,7,1065.5,22.85,27,1,3,9.0,1
C12515,Ghardaia,Prepaid,35,1607.46,1.6,51,1,3,9.3,0
C12516,Annaba,Postpaid,39,3007.03,85.0,33,1,1,19.2,0
C12517,Blida,Prepaid,10,1834.44,6.0,36,0,1,17.1,0
C12518,Biskra,Prepaid,14,1285.18,3.59,66,0,4,33.2,0
C12519,Bejaia,Prepaid,6,808.78,48.43,45,0,5,27.6,0
C12520,Batna,Prepaid,15,2041.29,0.5,74,0,4,27.3,0
C12521,Batna,Prepaid,43,1526.7,6.63,83,0,2,1.7,0
C12522,Ouargla,Prepaid,31,657.17,3.33,10,0,2,-20.0,0
C12523,Setif,Prepaid,50,1234.93,5.19,46,0,1,-13.2,0
C12524,Ouargla,Prepaid,3,1663.42,14.24,17,0,3,19.9,0
C12525,Tlemcen,Postpaid,31,2272.34,1.35,43,1,1,15.4,0
C12526,Chlef,Prepaid,16,1280.75,7.6,57,0,2,11.6,0
C12527,Chlef,Postpaid,10,1455.53,19.05,38,1,1,10.9,0
C12528,Tlemcen,Prepaid,14,1458.31,7.44,67,4,4,34.4,1
C12529,Constantine,Postpaid,11,2867.81,23.3,35,0,1,45.5,0
C12530,Ghardaia,Prepaid,16,1076.19,0.94,74,0,2,27.0,0
C12531,Annaba,Prepaid,7,1031.34,0.5,70,0,1,-13.0,1
C12532,Ouargla,Postpaid,18,1711.41,28.95,69,0,1,38.9,0
C12533,Bejaia,Prepaid,30,2464.35,60.39,37,0,3,40.2,0
C12534,Constantine,Prepaid,9,1046.83,7.1,29,0,3,-10.7,0
C12535,Ghardaia,Prepaid,26,916.99,2.1,53,0,4,-5.9,0
C12536,Setif,Prepaid,12,1433.69,58.95,16,0,4,-20.0,0
C12537,Algiers,Postpaid,9,2083.98,6.88,49,1,1,-15.7,0
C12538,Biskra,Postpaid,10,2146.28,53.22,88,0,1,64.1,0
C12539,Batna,Prepaid,24,1099.78,42.16,57,0,1,52.7,0
C12540,Ghardaia,Postpaid,12,2154.13,0.5,14,0,1,21.6,0
C12541,Blida,Postpaid,49,2002.85,4.28,19,1,1,25.8,0
C12542,Chlef,Postpaid,5,2299.66,11.8,67,2,1,15.4,1
C12543,Tizi Ouzou,Prepaid,25,753.76,15.65,16,0,3,-12.0,0
C12544,Oran,Prepaid,18,988.83,20.01,18,0,2,30.6,0
C12545,Tiaret,Prepaid,39,1192.73,19.63,45,1,5,-18.0,0
C12546,Ghardaia,Prepaid,44,1176.85,76.55,58,1,2,-3.9,0
C12547,Chlef,Prepaid,9,1350.92,6.84,53,0,6,12.1,0
C12548,Ghardaia,Prepaid,17,1924.68,27.1,34,1,2,-20.0,0
C12549,Oran,Postpaid,20,1965.06,4.4,40,0,1,-20.0,0
C12550,Setif,Prepaid,43,1798.79,2.51,63,0,6,-11.9,0
C12551,Oran,Prepaid,12,1979.13,12.3,49,0,4,-20.0,0
C12552,Ouargla,Prepaid,20,418.79,1.4,72,1,4,18.4,1
C12553,Constantine,Prepaid,6,2396.25,29.3,39,0,3,43.1,0
C12554,Setif,Prepaid,25,1943.29,21.0,32,1,5,17.0,0
C12555,Batna,Prepaid,26,1781.76,85.0,88,1,5,6.1,0
C12556,Tizi Ouzou,Prepaid,16,1349.5,32.11,26,1,3,-6.9,0
C12557,Chlef,Postpaid,23,977.06,11.4,45,0,1,-20.0,0
C12558,Constantine,Prepaid,6,1590.41,16.28,35,0,4,31.8,0
C12559,Ghardaia,Prepaid,12,813.9,15.86,29,1,3,48.9,0
C12560,Tlemcen,Postpaid,30,2438.05,1.84,37,0,1,-9.6,0
C12561,Oran,Prepaid,26,1311.39,0.6,57,1,4,52.5,0
C12562,Tizi Ouzou,Postpaid,26,3332.37,1.98,17,1,1,7.6,0
C12563,Annaba,Postpaid,4,2892.02,32.58,60,0,1,8.5,0
C12564,Ghardaia,Prepaid,52,1986.21,14.06,24,2,2,33.6,1
C12565,Batna,Prepaid,24,731.51,6.0,46,0,3,19.6,0
C12566,Tizi Ouzou,Prepaid,27,1362.03,12.28,78,0,4,-20.0,0
C12567,Blida,Prepaid,13,1490.99,50.62,44,1,1,60.7,1
C12568,Tizi Ouzou,Prepaid,6,1354.51,7.99,11,1,3,-0.2,1
C12569,Algiers,Prepaid,4,1346.84,32.9,64,1,5,18.2,1
C12570,Tlemcen,Prepaid,19,2185.44,1.17,31,1,4,41.6,1
C12571,Algiers,Prepaid,5,1321.72,45.29,70,0,4,33.1,0
C12572,Tlemcen,Prepaid,30,1842.97,2.75,30,1,3,7.7,0
C12573,Chlef,Prepaid,15,1917.64,3.72,66,0,6,22.9,0
C12574,Blida,Prepaid,32,2276.21,4.74,30,0,3,8.8,0
C12575,Annaba,Prepaid,22,748.77,7.14,36,2,5,6.4,0
C12576,Tlemcen,Prepaid,36,1590.72,26.65,61,0,4,24.0,0
C12577,Oran,Prepaid,35,1525.99,10.28,40,0,1,31.3,0
C12578,Blida,Prepaid,14,1096.68,5.79,29,0,1,35.9,0
C12579,Annaba,Prepaid,8,1612.7,7.82,44,1,4,5.6,0
C12580,Algiers,Prepaid,9,1265.21,0.5,15,1,5,46.7,1
C12581,Blida,Prepaid,9,1142.11,0.68,2,1,5,-0.4,1
C12582,Tizi Ouzou,Prepaid,37,1936.74,9.91,49,0,4,5.2,0
C12583,Oran,Prepaid,20,415.63,28.89,37,1,4,-4.7,0
C12584,Ghardaia,Prepaid,32,1838.0,3.41,72,0,3,8.9,0
C12585,Tiaret,Prepaid,37,1643.96,8.08,29,0,1,46.3,0
C12586,Biskra,Postpaid,3,2479.08,19.15,77,0,1,8.7,0
C12587,Blida,Prepaid,19,1952.56,1.73,32,1,3,-14.3,0
C12588,Ouargla,Postpaid,7,2135.68,33.04,58,0,1,21.1,0
C12589,Constantine,Prepaid,8,1196.03,16.95,28,2,4,32.4,1
C12590,Constantine,Prepaid,33,963.71,5.0,67,1,3,-4.1,0
C12591,Algiers,Prepaid,35,1425.99,0.61,48,0,4,37.7,0
C12592,Setif,Postpaid,12,2806.47,42.3,64,0,1,24.9,0
C12593,Tizi Ouzou,Postpaid,31,3003.06,0.5,56,1,1,19.4,0
C12594,Ghardaia,Prepaid,10,704.21,8.3,68,1,3,21.6,1
C12595,Batna,Postpaid,4,2594.75,4.04,44,0,1,-1.3,0
C12596,Tiaret,Prepaid,4,1389.51,7.02,6,0,3,56.8,1
C12597,Ghardaia,Prepaid,7,1250.98,3.05,69,0,3,-13.3,0
C12598,Constantine,Postpaid,18,1749.72,3.62,45,1,1,20.8,0
C12599,Ouargla,Postpaid,16,3180.42,9.66,69,1,1,46.2,0
C12600,Tiaret,Prepaid,23,1366.71,2.15,82,0,4,-7.0,0
C12601,Batna,Prepaid,12,1404.76,2.21,78,0,3,-5.4,0
C12602,Batna,Postpaid,11,2512.73,7.36,65,1,1,46.5,1
C12603,Bejaia,Prepaid,12,2501.83,8.73,49,0,3,-2.8,0
C12604,Algiers,Prepaid,21,962.21,5.25,68,0,3,28.4,0
C12605,Tizi Ouzou,Prepaid,17,1158.27,7.29,12,0,3,35.2,0
C12606,Oran,Prepaid,6,2186.7,4.85,51,0,2,34.0,1
C12607,Algiers,Postpaid,28,2311.68,42.79,57,0,1,49.8,0
C12608,Setif,Prepaid,5,2312.48,14.82,53,2,4,21.4,1
C12609,Annaba,Prepaid,21,626.19,5.22,41,2,2,-20.0,0
C12610,Ghardaia,Prepaid,42,838.6,3.55,40,0,3,-20.0,0
C12611,Constantine,Prepaid,27,635.19,35.23,62,0,6,2.0,0
C12612,Chlef,Prepaid,22,1021.67,5.54,62,1,3,6.6,0
C12613,Tiaret,Prepaid,39,1987.47,18.1,24,0,3,6.5,0
C12614,Bejaia,Prepaid,13,993.23,21.14,41,1,1,30.6,0
C12615,Chlef,Prepaid,16,1967.71,2.13,45,1,4,34.7,0
C12616,Tlemcen,Prepaid,27,861.54,6.99,63,0,2,-4.1,0
C12617,Oran,Prepaid,28,1232.82,1.3,55,0,2,16.3,0
C12618,Ouargla,Postpaid,16,2263.04,31.55,21,0,1,-3.4,0
C12619,Setif,Prepaid,3,1048.4,24.15,33,0,3,-6.8,0
C12620,Annaba,Postpaid,13,3792.1,6.53,27,1,1,12.6,0
C12621,Setif,Postpaid,4,2428.52,2.06,25,0,1,-12.2,0
C12622,Oran,Prepaid,7,1511.11,2.34,40,1,4,16.9,1
C12623,Algiers,Prepaid,23,1474.25,1.4,60,0,4,-11.1,0
C12624,Annaba,Prepaid,31,1687.89,13.85,58,0,3,-4.2,0
C12625,Tlemcen,Prepaid,10,1349.98,1.53,47,0,4,40.6,0
C12626,Biskra,Prepaid,5,1875.78,5.35,10,1,3,31.8,1
C12627,Ouargla,Prepaid,10,1411.93,2.91,69,0,4,1.7,1
C12628,Bejaia,Prepaid,27,1487.95,16.24,36,1,1,-4.3,0
C12629,Batna,Prepaid,16,958.47,7.04,63,0,5,22.7,0
C12630,Oran,Prepaid,17,1513.51,32.35,52,0,2,17.8,0
C12631,Oran,Prepaid,14,931.43,8.37,21,0,3,-8.8,0
C12632,Ghardaia,Prepaid,38,1361.62,1.59,54,1,3,15.6,0
C12633,Tizi Ouzou,Prepaid,11,1492.18,2.59,2,0,3,30.7,1
C12634,Batna,Postpaid,54,3175.57,16.82,43,0,1,32.6,0
C12635,Bejaia,Prepaid,1,847.34,8.28,46,0,2,7.2,0
C12636,Chlef,Prepaid,6,1233.34,20.77,30,2,3,20.9,1
C12637,Algiers,Prepaid,22,1377.51,6.23,63,1,5,-20.0,0
C12638,Biskra,Prepaid,2,1844.98,1.84,97,0,5,0.6,1
C12639,Chlef,Prepaid,34,1390.37,8.78,62,1,4,29.1,0
C12640,Bejaia,Postpaid,34,2507.43,14.77,27,0,1,-7.7,0
C12641,Annaba,Prepaid,22,1729.48,63.68,70,1,4,51.0,0
C12642,Tiaret,Prepaid,4,2003.06,20.15,52,0,5,44.7,0
C12643,Constantine,Prepaid,18,1141.8,8.44,38,1,4,6.8,0
C12644,Setif,Prepaid,26,1157.43,13.8,46,0,4,-0.7,0
C12645,Tlemcen,Prepaid,6,2203.72,31.72,85,0,2,27.8,1
C12646,Algiers,Postpaid,55,2680.41,7.99,65,0,1,17.3,0
C12647,Bejaia,Postpaid,55,2285.41,23.91,32,0,1,48.1,0
C12648,Blida,Prepaid,19,613.66,7.15,7,1,3,44.0,0
C12649,Annaba,Postpaid,7,3574.54,18.83,11,1,1,26.2,0
C12650,Bejaia,Postpaid,31,3509.92,9.31,44,0,1,61.6,0
C12651,Tlemcen,Prepaid,14,1352.55,35.23,58,1,2,-20.0,0
C12652,Constantine,Prepaid,3,465.54,1.52,58,0,2,-20.0,0
C12653,Biskra,Prepaid,12,1280.19,23.28,24,0,5,32.3,0
C12654,Biskra,Prepaid,26,1060.69,44.79,57,0,4,13.1,0
C12655,Oran,Prepaid,60,1501.39,10.42,82,1,1,35.9,0
C12656,Chlef,Prepaid,9,1262.09,28.72,82,0,1,41.1,0
C12657,Blida,Prepaid,24,1976.57,8.71,83,1,2,-20.0,0
C12658,Oran,Prepaid,62,864.76,0.5,39,0,5,38.2,0
C12659,Chlef,Prepaid,24,1184.66,20.06,39,0,3,72.0,0
C12660,Chlef,Postpaid,20,2233.2,16.76,38,0,1,28.6,0
C12661,Chlef,Prepaid,3,1481.48,6.44,15,1,2,0.1,1
C12662,Ouargla,Prepaid,23,753.79,0.75,94,1,3,30.7,0
C12663,Chlef,Prepaid,9,873.75,18.1,81,0,5,29.4,0
C12664,Chlef,Prepaid,37,703.1,2.64,57,1,2,3.0,1
C12665,Algiers,Prepaid,22,1444.28,1.65,92,0,4,1.9,0
C12666,Tlemcen,Postpaid,13,3775.76,22.87,86,1,1,78.2,0
C12667,Ghardaia,Prepaid,11,1091.62,11.89,72,2,5,-7.6,1
C12668,Batna,Postpaid,15,1888.91,4.4,27,1,1,49.2,0
C12669,Algiers,Prepaid,32,1532.56,26.41,50,3,4,-9.1,1
C12670,Biskra,Prepaid,14,2383.68,5.58,34,0,4,34.1,0
C12671,Tlemcen,Prepaid,19,970.45,28.59,25,1,2,10.7,0
C12672,Blida,Prepaid,16,594.2,61.1,85,0,5,10.4,0
C12673,Setif,Prepaid,46,3008.49,16.35,89,0,2,3.1,0
C12674,Tiaret,Postpaid,25,2984.2,0.5,60,0,1,57.3,0
C12675,Algiers,Prepaid,20,992.48,11.53,66,2,5,41.8,0
C12676,Blida,Postpaid,19,1930.33,14.91,67,0,1,37.5,0
C12677,Ouargla,Postpaid,32,2886.85,13.64,86,0,1,-9.0,0
C12678,Oran,Prepaid,9,886.12,34.64,40,0,5,-6.5,0
C12679,Blida,Prepaid,24,1963.08,3.62,59,0,1,28.1,0
C12680,Annaba,Prepaid,16,1387.59,9.05,27,1,3,4.1,0
C12681,Tiaret,Prepaid,12,1067.3,8.88,37,0,4,56.0,0
C12682,Biskra,Prepaid,24,3007.69,31.06,32,0,4,2.0,0
C12683,Biskra,Prepaid,15,1365.95,1.65,47,1,3,4.9,0
C12684,Oran,Prepaid,18,2202.97,15.21,46,0,3,36.4,0
C12685,Ouargla,Prepaid,24,2007.75,21.16,42,1,2,21.4,0
C12686,Bejaia,Prepaid,16,1319.11,70.37,28,1,3,0.1,0
C12687,Tiaret,Postpaid,19,2920.22,10.26,36,0,1,25.7,0
C12688,Ouargla,Prepaid,9,1698.88,0.5,21,1,1,-6.8,1
C12689,Blida,Prepaid,7,971.95,6.6,59,0,4,-20.0,0
C12690,Constantine,Prepaid,10,2055.07,4.73,71,3,2,-7.7,1
C12691,Algiers,Postpaid,10,2216.66,23.75,24,0,1,10.9,0
C12692,Blida,Postpaid,51,2758.68,5.6,48,1,1,22.1,0
C12693,Chlef,Postpaid,7,2899.41,23.92,58,0,1,2.9,0
C12694,Blida,Prepaid,2,1794.53,16.38,107,1,4,9.2,0
C12695,Ghardaia,Prepaid,20,2412.98,15.29,38,0,2,0.4,0
C12696,Biskra,Prepaid,12,1440.59,2.97,84,0,2,-15.2,0
C12697,Constantine,Prepaid,39,536.65,3.46,56,0,4,17.8,0
C12698,Ghardaia,Prepaid,11,740.39,37.79,22,0,3,34.8,0
C12699,Ouargla,Prepaid,26,1018.58,7.12,38,1,3,31.7,0
C12700,Biskra,Prepaid,18,1044.63,8.72,24,1,5,11.7,0
C12701,Batna,Postpaid,10,2985.01,11.85,28,0,1,20.3,0
C12702,Tiaret,Prepaid,18,2640.33,7.9,35,0,3,56.4,0
C12703,Batna,Prepaid,12,1158.06,18.89,57,1,5,40.4,0
C12704,Biskra,Prepaid,4,1312.33,16.49,38,0,1,11.0,1
C12705,Constantine,Prepaid,34,1124.93,1.5,56,1,4,24.8,0
C12706,Ouargla,Prepaid,8,1505.44,54.24,41,2,1,41.4,1
C12707,Constantine,Prepaid,19,1455.16,8.73,46,1,4,49.5,0
C12708,Oran,Prepaid,2,1469.48,42.45,60,0,3,51.0,0
C12709,Tiaret,Prepaid,10,400.0,3.09,43,0,2,1.2,1
C12710,Ouargla,Prepaid,17,1041.77,4.7,53,0,3,8.1,0
C12711,Batna,Prepaid,4,1364.46,8.7,75,0,6,55.2,1
C12712,Algiers,Prepaid,37,1409.05,16.99,61,0,1,-2.5,0
C12713,Setif,Prepaid,29,2076.02,17.19,87,0,7,-3.4,0
C12714,Annaba,Postpaid,21,1631.54,2.02,2,0,1,-20.0,0
C12715,Algiers,Postpaid,50,2881.09,2.1,55,0,1,-6.5,0
C12716,Ouargla,Prepaid,6,1731.95,1.78,67,0,4,-20.0,0
C12717,Annaba,Prepaid,18,1502.08,53.39,42,1,1,43.3,0
C12718,Tizi Ouzou,Prepaid,25,834.7,16.87,82,1,1,6.2,0
C12719,Algiers,Prepaid,10,1045.4,1.37,79,1,2,-20.0,1
C12720,Blida,Prepaid,32,1345.76,14.19,49,0,4,35.7,0
C12721,Tizi Ouzou,Prepaid,17,1943.09,13.0,61,0,3,29.8,0
C12722,Setif,Prepaid,29,1752.51,38.05,42,0,5,48.0,0
C12723,Chlef,Prepaid,14,1422.09,20.32,68,0,4,32.4,0
C12724,Tlemcen,Postpaid,20,3448.35,10.05,30,0,1,19.8,0
C12725,Ghardaia,Prepaid,1,1934.71,14.4,64,0,3,34.2,1
C12726,Chlef,Prepaid,19,501.18,1.29,41,1,1,24.2,0
C12727,Batna,Prepaid,17,1659.75,5.37,17,0,3,42.0,0
C12728,Setif,Prepaid,19,702.51,13.36,32,0,6,-20.0,0
C12729,Algiers,Prepaid,30,1781.43,20.12,3,1,1,3.3,0
C12730,Ouargla,Prepaid,34,934.68,6.1,39,1,4,12.8,0
C12731,Biskra,Postpaid,30,1986.73,19.16,63,0,1,8.1,0
C12732,Annaba,Prepaid,2,1171.71,5.07,111,0,2,-15.2,0
C12733,Setif,Postpaid,51,3490.76,4.63,8,0,1,-14.2,0
C12734,Blida,Prepaid,11,879.76,1.97,77,1,3,38.9,1
C12735,Ghardaia,Prepaid,25,1306.44,11.25,23,0,4,-4.9,0
C12736,Ouargla,Postpaid,4,2255.27,25.66,20,0,1,18.7,0
C12737,Algiers,Prepaid,12,1470.81,37.61,51,0,3,-8.8,0
C12738,Ghardaia,Prepaid,20,1081.37,13.92,85,1,4,-11.4,0
C12739,Biskra,Prepaid,32,1496.69,4.8,19,0,3,8.5,0
C12740,Blida,Postpaid,4,3039.08,6.18,43,0,1,33.9,0
C12741,Setif,Prepaid,19,1572.24,10.24,62,0,5,-6.1,0
C12742,Oran,Prepaid,8,2201.07,3.49,26,1,6,9.0,1
C12743,Ouargla,Postpaid,39,2688.6,1.25,67,0,1,17.2,0
C12744,Blida,Postpaid,12,3839.62,16.98,38,0,1,11.9,0
C12745,Tlemcen,Postpaid,26,2603.05,18.15,75,0,1,-4.0,0
C12746,Tizi Ouzou,Postpaid,42,1754.64,1.97,82,1,1,59.3,0
C12747,Tlemcen,Prepaid,13,1447.53,21.38,28,0,3,4.4,0
C12748,Tiaret,Prepaid,4,1894.64,3.03,29,0,5,46.9,1
C12749,Batna,Prepaid,15,1100.39,16.29,60,2,3,25.6,0
C12750,Tizi Ouzou,Prepaid,16,959.64,0.5,55,1,4,10.0,0
C12751,Tlemcen,Prepaid,15,925.67,0.5,61,0,2,6.7,0
C12752,Blida,Prepaid,19,1501.19,15.13,38,0,2,-15.6,0
C12753,Constantine,Postpaid,8,2235.82,2.1,55,1,1,15.2,1
C12754,Batna,Prepaid,49,1816.15,9.36,29,0,3,18.9,0
C12755,Tiaret,Prepaid,10,2198.85,3.22,83,0,1,40.1,1
C12756,Batna,Prepaid,19,1317.97,5.87,49,1,3,26.9,0
C12757,Blida,Prepaid,48,1697.92,3.96,40,1,4,32.9,0
C12758,Tizi Ouzou,Prepaid,11,616.87,26.43,77,1,4,36.7,1
C12759,Ouargla,Postpaid,7,2380.03,5.6,26,0,1,-20.0,0
C12760,Chlef,Postpaid,18,1851.54,0.71,41,0,1,-1.7,0
C12761,Setif,Prepaid,18,515.36,38.29,41,0,3,73.1,0
C12762,Ouargla,Postpaid,23,3786.62,27.51,31,1,1,59.6,0
C12763,Oran,Prepaid,13,1466.71,20.37,39,1,1,29.3,0
C12764,Tiaret,Postpaid,15,2338.15,11.9,43,0,1,39.5,0
C12765,Tlemcen,Prepaid,9,596.36,26.19,36,0,4,-12.8,0
C12766,Oran,Prepaid,25,1092.22,9.28,37,0,2,37.4,0
C12767,Tlemcen,Prepaid,12,1332.26,0.5,62,1,2,46.1,1
C12768,Bejaia,Prepaid,29,713.24,5.34,44,0,3,-6.5,0
C12769,Ghardaia,Postpaid,8,2806.81,16.48,43,1,1,-7.3,0
C12770,Constantine,Postpaid,54,3437.46,3.96,54,0,1,11.3,0
C12771,Chlef,Prepaid,4,1610.91,11.56,71,0,1,70.1,1
C12772,Setif,Prepaid,18,1373.19,5.55,2,1,1,17.5,0
C12773,Blida,Prepaid,20,1328.23,23.07,72,0,7,21.9,0
C12774,Oran,Prepaid,45,1427.25,4.55,83,0,1,25.4,1
C12775,Oran,Prepaid,21,728.95,1.6,2,0,3,33.3,0
C12776,Blida,Prepaid,11,1669.43,53.62,50,0,3,18.9,0
C12777,Biskra,Prepaid,6,1340.35,14.6,8,0,1,-20.0,0
C12778,Setif,Prepaid,21,556.95,3.16,4,1,3,45.5,0
C12779,Setif,Postpaid,12,2658.49,32.92,39,0,2,-13.7,0
C12780,Batna,Prepaid,35,2017.88,3.83,22,0,4,9.2,0
C12781,Bejaia,Prepaid,34,809.85,40.48,71,2,5,-20.0,0
C12782,Tiaret,Prepaid,2,1860.93,1.48,72,1,3,14.5,1
C12783,Tlemcen,Prepaid,19,1726.19,1.56,58,1,4,4.0,0
C12784,Constantine,Prepaid,19,1976.73,1.36,73,0,2,14.8,0
C12785,Tiaret,Postpaid,17,2092.59,5.04,105,1,1,12.7,0
C12786,Batna,Prepaid,6,2188.23,0.92,74,0,4,-14.0,0
C12787,Blida,Prepaid,19,1643.8,41.65,77,0,2,-4.8,0
C12788,Batna,Postpaid,10,2076.79,64.55,16,1,1,-19.6,0
C12789,Algiers,Prepaid,4,657.47,3.93,19,0,1,38.9,1
C12790,Tiaret,Prepaid,17,1475.83,15.64,56,1,2,-12.8,0
C12791,Ghardaia,Prepaid,15,1184.66,2.18,30,0,5,14.7,0
C12792,Tizi Ouzou,Prepaid,8,1687.62,3.11,15,1,2,34.5,1
C12793,Blida,Prepaid,8,1552.23,29.34,50,0,5,47.0,0
C12794,Bejaia,Prepaid,30,2084.06,15.92,46,0,5,12.3,0
C12795,Tlemcen,Prepaid,11,1418.74,4.34,38,0,7,12.8,0
C12796,Setif,Postpaid,8,1893.09,1.57,53,2,1,17.1,1
C12797,Biskra,Prepaid,18,665.91,15.58,65,0,2,-20.0,0
C12798,Ouargla,Prepaid,33,1658.69,2.99,32,0,5,-6.0,0
C12799,Algiers,Prepaid,21,1351.16,12.6,41,0,2,16.4,0
C12800,Oran,Prepaid,9,785.76,23.99,52,2,1,-19.2,1
C12801,Biskra,Prepaid,10,1555.36,20.8,51,0,3,46.4,1
C12802,Biskra,Prepaid,32,1201.56,33.47,58,1,3,-6.2,0
C12803,Tlemcen,Postpaid,31,3448.23,9.47,59,2,1,20.6,0
C12804,Blida,Postpaid,19,1704.67,6.84,43,1,1,32.3,0
C12805,Chlef,Prepaid,35,609.82,4.79,36,0,2,-11.1,0
C12806,Ouargla,Postpaid,8,1791.39,6.97,28,0,1,32.8,0
C12807,Tiaret,Prepaid,11,1345.0,10.34,23,0,2,16.2,0
C12808,Biskra,Prepaid,6,1424.15,42.22,49,0,6,13.4,0
C12809,Constantine,Postpaid,8,3073.77,5.42,64,0,1,32.3,0
C12810,Algiers,Postpaid,19,2948.54,3.73,29,0,1,29.8,0
C12811,Constantine,Prepaid,18,1970.75,25.96,55,1,3,26.5,0
C12812,Ghardaia,Prepaid,8,1480.12,17.13,13,0,3,-3.1,0
C12813,Bejaia,Prepaid,4,1152.34,17.04,64,0,3,27.9,0
C12814,Biskra,Prepaid,52,1746.25,12.63,45,0,3,23.1,0
C12815,Ouargla,Prepaid,25,935.08,9.75,48,1,3,34.2,0
C12816,Batna,Prepaid,16,1220.83,2.38,117,1,1,8.5,1
C12817,Algiers,Prepaid,18,1016.96,2.51,2,0,5,16.1,0
C12818,Constantine,Postpaid,23,2315.91,9.31,77,1,1,25.8,0
C12819,Oran,Postpaid,21,2906.85,1.27,39,1,1,76.1,0
C12820,Annaba,Prepaid,15,1698.27,13.41,56,0,1,13.4,0
C12821,Ouargla,Prepaid,2,504.07,8.29,42,0,2,10.9,0
C12822,Biskra,Prepaid,11,1348.91,15.3,56,0,3,4.4,0
C12823,Blida,Prepaid,2,1311.62,35.88,53,0,2,40.0,1
C12824,Blida,Prepaid,14,1254.44,1.89,21,1,5,9.6,1
C12825,Tlemcen,Prepaid,14,1079.54,12.41,30,0,3,44.1,0
C12826,Bejaia,Postpaid,28,3222.39,28.81,42,0,1,2.8,0
C12827,Algiers,Postpaid,27,2350.16,12.73,40,1,1,41.8,0
C12828,Bejaia,Prepaid,30,1179.97,32.34,27,0,3,35.1,0
C12829,Constantine,Prepaid,39,860.67,22.19,76,0,3,10.5,0
C12830,Biskra,Prepaid,11,1294.11,11.17,34,0,1,-18.7,0
C12831,Batna,Prepaid,1,650.41,85.0,52,0,2,-0.4,1
C12832,Blida,Prepaid,12,845.91,7.09,20,1,1,-20.0,0
C12833,Blida,Prepaid,12,1415.1,3.75,46,0,1,16.4,0
C12834,Batna,Prepaid,16,1394.27,3.24,70,0,2,60.3,1
C12835,Ouargla,Prepaid,20,1220.36,14.96,36,1,2,38.9,1
C12836,Oran,Prepaid,12,400.0,26.37,48,0,3,15.6,0
C12837,Bejaia,Prepaid,7,1492.38,0.5,80,0,2,42.4,1
C12838,Constantine,Prepaid,2,1907.91,8.23,69,2,4,3.9,1
C12839,Chlef,Prepaid,1,1488.25,11.23,21,0,3,59.7,0
C12840,Blida,Prepaid,27,610.99,9.26,89,0,3,5.0,0
C12841,Tlemcen,Prepaid,41,424.91,1.51,36,2,2,10.0,1
C12842,Blida,Postpaid,12,3080.7,4.19,23,0,1,21.2,0
C12843,Biskra,Prepaid,9,1231.1,5.63,32,0,4,-5.3,0
C12844,Setif,Prepaid,12,1346.57,3.65,27,0,2,-12.1,0
C12845,Annaba,Prepaid,11,1947.8,2.34,38,0,6,37.2,0
C12846,Oran,Prepaid,8,1611.55,5.16,25,0,3,47.9,1
C12847,Algiers,Prepaid,8,1407.85,9.52,40,1,4,22.0,1
C12848,Tiaret,Postpaid,58,1921.0,13.93,26,0,1,18.7,0
C12849,Constantine,Prepaid,35,1405.05,4.46,58,1,5,22.4,0
C12850,Batna,Postpaid,7,2693.22,16.21,62,0,1,-14.1,0
C12851,Chlef,Prepaid,5,1577.7,9.67,34,0,4,-13.3,0
C12852,Tlemcen,Prepaid,5,2096.37,14.93,40,0,3,-1.7,0
C12853,Tizi Ouzou,Postpaid,50,2215.16,3.39,87,0,1,31.8,0
C12854,Chlef,Postpaid,63,2228.61,30.76,76,0,1,-20.0,0
C12855,Oran,Postpaid,8,2547.21,1.35,13,1,1,43.3,1
C12856,Setif,Prepaid,16,778.27,2.21,23,2,2,-20.0,1
C12857,Ouargla,Prepaid,26,777.99,15.92,50,1,2,28.0,0
C12858,Setif,Prepaid,21,668.54,3.4,67,0,4,18.0,0
C12859,Tiaret,Prepaid,24,709.83,3.09,40,0,2,8.1,0
C12860,Batna,Prepaid,33,1868.72,20.15,31,1,3,7.4,0
C12861,Annaba,Prepaid,47,1863.51,27.22,88,0,2,-20.0,0
C12862,Bejaia,Postpaid,15,2808.67,9.53,54,0,1,35.2,0
C12863,Setif,Prepaid,19,1673.03,0.88,17,2,4,51.6,1
C12864,Tiaret,Postpaid,26,2192.75,2.69,29,0,1,45.7,0
C12865,Tizi Ouzou,Prepaid,22,1615.52,6.4,50,0,2,6.6,0
C12866,Batna,Prepaid,26,2167.39,9.37,80,0,3,-12.0,0
C12867,Annaba,Prepaid,16,972.53,1.44,67,0,2,7.0,0
C12868,Oran,Prepaid,6,847.42,1.85,57,0,2,33.9,1
C12869,Constantine,Prepaid,6,1898.45,18.7,47,1,1,9.4,0
C12870,Ghardaia,Prepaid,26,400.0,8.1,24,1,4,14.3,0
C12871,Oran,Prepaid,17,633.93,0.5,85,0,1,9.7,1
C12872,Batna,Prepaid,14,1685.0,9.09,104,0,4,12.4,0
C12873,Constantine,Prepaid,10,1498.54,20.7,51,1,6,0.0,1
C12874,Tizi Ouzou,Prepaid,13,1081.63,18.67,70,0,1,3.9,0
C12875,Tiaret,Prepaid,32,915.22,32.36,68,0,3,15.2,0
C12876,Batna,Prepaid,13,1173.93,10.58,35,1,3,14.9,0
C12877,Oran,Postpaid,16,2552.36,83.63,15,1,1,38.0,0
C12878,Ouargla,Prepaid,1,980.32,9.42,39,1,5,-3.1,0
C12879,Biskra,Prepaid,9,1173.19,31.1,65,1,3,40.9,1
C12880,Ghardaia,Prepaid,13,945.76,29.14,59,1,3,-6.8,0
C12881,Blida,Prepaid,22,2014.41,3.16,29,0,4,57.8,0
C12882,Biskra,Prepaid,40,815.99,40.32,113,1,4,33.7,0
C12883,Blida,Prepaid,7,1024.17,2.63,82,3,1,-7.5,1
C12884,Tiaret,Postpaid,25,3620.53,2.35,60,0,1,-20.0,0
C12885,Oran,Postpaid,44,3249.35,17.13,46,0,1,30.4,0
C12886,Chlef,Postpaid,24,2256.93,13.67,45,0,1,51.7,0
C12887,Chlef,Prepaid,29,1146.68,4.67,47,0,3,-4.2,0
C12888,Setif,Prepaid,10,1755.15,18.24,72,1,5,40.8,1
C12889,Tizi Ouzou,Prepaid,32,803.25,16.41,43,1,5,-20.0,0
C12890,Setif,Prepaid,9,1506.15,19.05,43,0,5,6.2,0
C12891,Ghardaia,Prepaid,10,1664.29,85.0,49,2,3,28.8,1
C12892,Constantine,Postpaid,1,1699.74,28.62,62,0,1,-3.3,0
C12893,Tiaret,Prepaid,12,797.96,6.55,21,0,3,30.1,0
C12894,Tiaret,Prepaid,5,1008.97,48.0,2,1,6,17.7,0
C12895,Tizi Ouzou,Prepaid,8,2165.05,8.64,62,0,3,-15.5,0
C12896,Tiaret,Prepaid,11,1207.34,14.96,88,0,4,-20.0,0
C12897,Biskra,Postpaid,15,2464.09,7.15,30,1,1,13.7,0
C12898,Constantine,Prepaid,30,1677.24,2.07,44,0,4,-3.1,0
C12899,Ouargla,Prepaid,25,1331.34,2.75,45,0,1,35.8,1
C12900,Blida,Prepaid,26,1750.0,13.2,65,0,1,4.2,0
C12901,Chlef,Prepaid,26,2124.42,7.88,39,0,3,-12.8,0
C12902,Annaba,Prepaid,11,1559.62,12.51,65,0,3,11.4,0
C12903,Oran,Prepaid,18,2089.14,28.24,44,0,3,-20.0,0
C12904,Annaba,Postpaid,18,2595.43,8.72,39,1,1,22.5,0
C12905,Ouargla,Prepaid,9,1384.96,4.51,60,0,6,30.9,1
C12906,Constantine,Prepaid,9,1520.73,35.12,79,0,4,16.9,0
C12907,Annaba,Prepaid,18,1161.83,19.2,45,0,3,39.7,0
C12908,Ouargla,Postpaid,30,3489.09,10.2,61,0,1,45.9,0
C12909,Batna,Prepaid,17,1981.93,8.22,60,0,2,-1.8,0
C12910,Algiers,Prepaid,26,599.38,27.91,63,0,1,-0.1,0
C12911,Blida,Postpaid,23,3627.98,20.67,69,1,1,4.8,0
C12912,Chlef,Prepaid,21,861.46,23.61,71,1,6,-3.9,0
C12913,Bejaia,Prepaid,14,2478.38,28.79,43,0,2,-0.1,0
C12914,Blida,Postpaid,17,900.0,9.33,57,2,1,31.4,0
C12915,Batna,Prepaid,39,1719.46,11.43,28,0,2,53.9,0
C12916,Ouargla,Prepaid,6,1608.44,6.61,74,0,1,15.8,1
C12917,Chlef,Prepaid,17,1313.59,2.2,39,2,2,-2.4,0
C12918,Constantine,Prepaid,38,2289.72,11.16,31,0,2,17.8,0
C12919,Bejaia,Postpaid,19,2003.59,1.06,61,0,1,4.5,0
C12920,Tizi Ouzou,Prepaid,11,1510.2,32.46,49,0,4,-9.4,0
C12921,Oran,Prepaid,28,1403.77,12.43,52,0,2,13.9,0
C12922,Oran,Prepaid,10,2022.35,59.68,12,0,5,22.6,0
C12923,Setif,Postpaid,25,1830.61,14.12,52,0,1,11.6,0
C12924,Tlemcen,Postpaid,14,1507.49,3.03,32,1,1,31.3,0
C12925,Tiaret,Prepaid,16,883.82,9.59,43,0,5,17.6,0
C12926,Tiaret,Prepaid,27,2103.56,77.67,95,0,1,7.8,0
C12927,Batna,Postpaid,66,2587.19,2.91,64,1,1,5.8,0
C12928,Chlef,Prepaid,1,1136.65,4.8,58,0,3,-18.5,0
C12929,Tlemcen,Prepaid,30,1015.34,3.24,69,1,6,14.1,1
C12930,Ouargla,Postpaid,7,3586.26,1.34,46,0,1,18.0,0
C12931,Tlemcen,Prepaid,27,962.51,11.93,52,1,1,31.1,1
C12932,Ghardaia,Prepaid,8,1162.62,4.91,68,0,1,26.3,1
C12933,Bejaia,Prepaid,17,1992.87,7.66,28,1,4,0.1,0
C12934,Oran,Prepaid,19,1680.16,12.62,32,1,2,4.4,0
C12935,Constantine,Prepaid,27,1416.7,14.27,45,0,2,-1.8,0
C12936,Blida,Prepaid,18,1210.8,23.81,94,0,3,14.3,0
C12937,Biskra,Postpaid,4,1300.9,18.14,27,1,1,-20.0,0
C12938,Oran,Postpaid,36,2260.67,15.59,21,0,1,-3.6,0
C12939,Batna,Prepaid,11,2117.1,36.77,58,0,3,-20.0,0
C12940,Batna,Prepaid,4,1652.3,12.53,47,1,3,10.6,1
C12941,Biskra,Postpaid,28,2796.51,8.65,49,1,1,-20.0,0
C12942,Chlef,Prepaid,10,1005.83,20.63,61,0,4,-3.1,0
C12943,Blida,Prepaid,6,1227.38,6.28,12,1,4,42.8,1
C12944,Constantine,Postpaid,4,1974.37,25.46,9,0,1,2.7,0
C12945,Tizi Ouzou,Prepaid,6,993.03,0.5,66,0,3,47.7,1
C12946,Ghardaia,Postpaid,3,2514.48,23.07,29,0,1,62.1,0
C12947,Ouargla,Postpaid,35,3566.25,13.42,16,0,1,-3.6,0
C12948,Chlef,Prepaid,50,1343.73,10.43,65,0,3,34.5,0
C12949,Biskra,Prepaid,20,581.58,6.76,54,1,1,68.0,0
C12950,Bejaia,Prepaid,9,1691.93,0.5,36,0,1,20.1,1
C12951,Constantine,Prepaid,41,1729.81,12.73,46,0,2,-20.0,0
C12952,Ouargla,Prepaid,2,2247.32,20.55,54,1,4,20.3,0
C12953,Constantine,Prepaid,15,1181.08,1.87,40,1,2,6.8,0
C12954,Tlemcen,Prepaid,4,1490.1,5.55,26,1,1,6.2,1
C12955,Chlef,Postpaid,5,2100.04,5.98,60,1,1,70.3,1
C12956,Tizi Ouzou,Postpaid,15,2609.92,3.21,7,0,1,-1.9,0
C12957,Ghardaia,Prepaid,11,1912.97,10.87,68,0,4,-20.0,0
C12958,Algiers,Prepaid,9,1590.29,0.61,69,1,2,37.0,1
C12959,Ghardaia,Prepaid,11,1575.91,0.53,48,0,4,37.1,1
C12960,Oran,Prepaid,1,1264.23,33.3,58,1,4,-11.1,0
C12961,Chlef,Prepaid,32,1594.7,3.45,27,0,3,6.5,0
C12962,Constantine,Prepaid,22,1804.52,6.63,40,1,4,-7.8,0
C12963,Setif,Prepaid,8,784.71,0.59,56,1,5,27.6,1
C12964,Constantine,Prepaid,19,1033.98,18.46,48,1,7,-13.7,0
C12965,Constantine,Prepaid,26,1060.15,2.13,29,2,4,-8.6,0
C12966,Blida,Prepaid,27,1482.8,5.46,2,2,3,9.7,1
C12967,Tizi Ouzou,Prepaid,27,933.21,2.26,17,1,3,29.0,0
C12968,Tiaret,Prepaid,4,1561.21,27.12,31,0,3,-0.6,0
C12969,Annaba,Prepaid,34,1513.59,1.52,34,0,1,-2.7,0
C12970,Blida,Postpaid,10,3292.76,5.24,64,0,1,66.1,0
C12971,Chlef,Prepaid,27,1792.38,1.77,24,0,1,34.5,0
C12972,Tizi Ouzou,Prepaid,8,1641.42,0.5,51,2,4,-10.1,1
C12973,Setif,Prepaid,15,1376.26,28.49,43,0,3,-18.2,0
C12974,Ghardaia,Prepaid,39,1999.62,9.29,55,0,2,17.5,0
C12975,Oran,Postpaid,14,1294.67,3.85,60,2,1,-19.6,0
C12976,Setif,Prepaid,11,1307.34,6.23,93,0,5,0.0,0
C12977,Annaba,Prepaid,18,1855.37,1.54,29,0,3,-13.4,0
C12978,Biskra,Prepaid,14,868.01,11.05,48,0,3,18.3,0
C12979,Chlef,Prepaid,54,549.06,1.51,49,0,3,-15.5,0
C12980,Setif,Prepaid,10,2202.55,6.34,86,1,4,14.3,1
C12981,Constantine,Prepaid,17,1231.87,10.36,45,0,3,24.7,0
C12982,Biskra,Prepaid,23,2315.95,7.59,17,0,5,-0.9,0
C12983,Setif,Postpaid,16,2291.59,0.5,18,0,1,26.2,0
C12984,Bejaia,Prepaid,15,1211.85,7.02,27,0,1,42.7,0
C12985,Chlef,Prepaid,18,1084.44,2.62,37,1,4,52.5,0
C12986,Oran,Prepaid,18,730.12,41.06,28,2,4,3.7,0
C12987,Chlef,Prepaid,10,1155.54,30.75,49,2,4,0.6,1
C12988,Biskra,Prepaid,10,1358.89,24.84,20,1,2,9.8,1
C12989,Constantine,Prepaid,24,3245.81,3.57,2,0,3,72.1,0
C12990,Bejaia,Prepaid,26,400.0,3.34,50,1,3,14.4,0
C12991,Bejaia,Prepaid,25,2231.94,8.45,90,1,4,20.9,0
C12992,Constantine,Prepaid,22,704.95,26.32,33,1,6,-15.3,0
C12993,Constantine,Prepaid,26,1310.33,6.15,50,0,2,11.8,0
C12994,Biskra,Prepaid,4,1540.46,0.5,70,1,4,13.8,1
C12995,Bejaia,Postpaid,18,3639.3,6.74,48,0,1,-13.2,0
C12996,Tiaret,Postpaid,5,3309.24,11.21,26,0,1,-20.0,0
C12997,Tizi Ouzou,Postpaid,18,3072.12,13.15,28,1,1,37.4,0
C12998,Bejaia,Prepaid,23,1602.64,11.41,61,0,5,25.8,0
C12999,Blida,Postpaid,19,2444.21,40.73,2,0,1,-12.4,0
C13000,Ghardaia,Prepaid,12,1248.6,23.43,62,0,2,14.2,0
C13001,Tizi Ouzou,Prepaid,48,1274.73,3.55,39,1,2,7.9,0
C13002,Bejaia,Prepaid,19,801.42,2.15,75,1,2,13.7,1
C13003,Algiers,Prepaid,22,1393.6,7.04,2,0,4,21.0,0
C13004,Ghardaia,Prepaid,40,910.55,3.37,26,0,3,43.3,0
C13005,Ghardaia,Prepaid,21,1840.49,9.22,79,0,4,9.2,0
C13006,Algiers,Prepaid,7,982.38,31.78,87,0,1,-20.0,0
C13007,Oran,Postpaid,16,2777.44,6.44,58,0,1,-10.9,0
C13008,Algiers,Prepaid,13,1540.77,4.06,5,0,1,15.8,0
C13009,Biskra,Prepaid,16,1433.03,15.99,29,0,1,13.0,0
C13010,Ouargla,Postpaid,11,3605.36,23.66,18,0,1,12.7,0
C13011,Bejaia,Prepaid,6,1578.64,15.09,26,1,3,5.2,1
C13012,Setif,Prepaid,21,1900.93,11.31,59,0,3,52.6,0
C13013,Biskra,Postpaid,13,2333.39,4.14,96,1,2,5.2,0
C13014,Annaba,Prepaid,29,1509.84,9.04,26,0,7,12.5,0
C13015,Ouargla,Prepaid,12,1742.14,23.9,21,1,2,-11.8,0
C13016,Bejaia,Prepaid,7,1298.56,10.88,80,0,4,9.8,0
C13017,Tlemcen,Prepaid,26,1795.21,31.61,82,0,1,-20.0,0
C13018,Bejaia,Prepaid,7,1147.7,12.07,37,1,4,-9.9,0
C13019,Biskra,Prepaid,25,1323.58,27.09,42,0,3,12.9,0
C13020,Algiers,Prepaid,7,1555.46,10.22,75,0,3,10.7,0
C13021,Batna,Prepaid,16,2195.76,19.94,35,0,4,25.7,0
C13022,Tizi Ouzou,Prepaid,42,1642.47,3.58,54,2,1,25.4,1
C13023,Biskra,Prepaid,12,842.16,0.5,28,2,3,-20.0,0
C13024,Chlef,Prepaid,2,1220.01,4.19,45,0,4,14.2,1
C13025,Setif,Postpaid,14,1771.54,47.06,38,0,1,-7.5,0
C13026,Biskra,Postpaid,22,2622.4,18.7,23,1,1,18.5,0
C13027,Setif,Postpaid,7,3342.06,30.78,48,1,1,28.7,0
C13028,Batna,Prepaid,13,2118.95,21.31,37,1,2,38.3,0
C13029,Annaba,Prepaid,18,1592.84,23.72,48,0,4,-3.1,0
C13030,Ouargla,Prepaid,16,1487.33,5.37,112,0,1,7.1,0
C13031,Ouargla,Prepaid,7,1079.63,1.41,15,2,1,26.1,1
C13032,Biskra,Prepaid,7,1126.1,3.75,53,1,6,-11.6,0
C13033,Tlemcen,Prepaid,24,775.24,1.82,40,1,4,-20.0,0
C13034,Setif,Prepaid,17,1118.34,20.06,36,0,1,53.4,0
C13035,Batna,Postpaid,4,3436.08,3.91,15,0,1,11.5,0
C13036,Oran,Prepaid,25,1676.74,10.32,28,1,3,10.0,0
C13037,Tiaret,Postpaid,14,3149.97,3.1,63,1,1,-19.3,0
C13038,Algiers,Postpaid,9,1764.39,0.99,64,0,1,-14.4,0
C13039,Constantine,Prepaid,13,1208.62,4.87,66,1,3,29.4,0
C13040,Batna,Prepaid,8,1602.82,1.11,56,0,1,38.7,1
C13041,Tlemcen,Prepaid,9,1670.47,11.12,24,1,2,10.4,1
C13042,Batna,Prepaid,19,1144.11,11.01,19,0,4,46.4,0
C13043,Batna,Prepaid,7,1711.21,3.93,66,0,3,5.8,0
C13044,Annaba,Prepaid,30,2015.53,1.08,52,0,4,37.2,0
C13045,Blida,Prepaid,23,1128.71,16.42,51,1,4,2.4,0
C13046,Bejaia,Prepaid,2,1496.66,2.84,33,0,1,-0.5,1
C13047,Constantine,Prepaid,14,780.82,20.88,42,0,2,17.0,0
C13048,Blida,Postpaid,14,2828.31,22.41,47,1,1,6.4,0
C13049,Ghardaia,Prepaid,5,1776.26,1.3,46,0,3,50.6,1
C13050,Tiaret,Postpaid,4,2963.29,24.52,56,1,1,33.7,0
C13051,Blida,Prepaid,23,2375.37,18.08,59,0,1,-2.8,0
C13052,Tiaret,Prepaid,17,1647.08,11.72,29,0,4,14.8,0
C13053,Ghardaia,Prepaid,20,1617.27,11.7,68,0,3,-20.0,0
C13054,Blida,Prepaid,7,581.99,19.47,76,1,6,31.2,1
C13055,Tlemcen,Prepaid,29,983.05,13.88,56,2,1,60.1,1
C13056,Constantine,Prepaid,22,1254.77,58.81,48,0,3,12.7,0
C13057,Ouargla,Postpaid,18,2068.82,6.78,60,1,1,-1.7,0
C13058,Blida,Prepaid,15,1335.9,19.52,62,0,5,46.2,0
C13059,Chlef,Prepaid,36,1149.55,8.11,24,0,2,37.9,0
C13060,Chlef,Prepaid,40,1274.29,18.32,11,0,5,-5.3,0
C13061,Oran,Postpaid,34,2559.94,14.25,72,1,1,8.9,0
C13062,Blida,Prepaid,9,1236.99,20.22,51,1,3,14.8,1
C13063,Annaba,Postpaid,33,3796.26,2.7,50,0,1,37.6,0
C13064,Batna,Prepaid,15,2211.71,19.87,40,0,3,-12.6,0
C13065,Oran,Postpaid,25,3533.27,6.21,27,0,1,57.9,0
C13066,Setif,Prepaid,28,1097.24,34.44,68,0,2,2.6,0
C13067,Batna,Postpaid,34,1671.47,7.0,70,0,1,26.9,0
C13068,Annaba,Postpaid,61,2926.57,11.33,74,1,2,-0.5,0
C13069,Constantine,Postpaid,26,2619.95,6.6,70,1,1,57.3,0
C13070,Oran,Prepaid,14,1259.97,0.5,72,0,2,28.6,0
C13071,Algiers,Prepaid,24,1591.33,27.68,83,0,4,17.5,0
C13072,Setif,Postpaid,34,2111.52,0.67,20,0,1,-20.0,0
C13073,Tlemcen,Prepaid,13,994.45,2.5,11,0,5,6.3,0
C13074,Ghardaia,Prepaid,21,1737.47,44.38,54,1,2,5.4,0
C13075,Bejaia,Prepaid,18,775.11,8.43,52,1,1,42.2,0
C13076,Tlemcen,Prepaid,22,1837.76,2.55,75,2,2,-17.9,0
C13077,Annaba,Prepaid,28,1485.09,12.58,49,3,4,-8.1,1
C13078,Ghardaia,Prepaid,37,1326.7,4.06,44,1,1,18.1,0
C13079,Tizi Ouzou,Prepaid,12,1883.81,21.71,80,1,6,62.2,0
C13080,Constantine,Postpaid,21,3081.89,0.5,31,0,1,36.5,0
C13081,Ghardaia,Prepaid,9,1549.98,5.53,34,0,6,54.3,0
C13082,Blida,Prepaid,3,725.01,14.0,53,0,4,14.6,0
C13083,Tizi Ouzou,Prepaid,10,1594.31,21.9,64,0,4,25.2,0
C13084,Bejaia,Postpaid,25,3690.56,5.25,72,1,1,-20.0,0
C13085,Tiaret,Prepaid,26,1039.28,36.63,22,0,4,19.5,0
C13086,Blida,Prepaid,36,1368.46,9.07,72,0,3,-8.1,0
C13087,Annaba,Postpaid,7,2530.79,16.46,68,1,1,0.9,0
C13088,Ouargla,Prepaid,12,532.11,14.0,7,0,2,-20.0,0
C13089,Constantine,Postpaid,5,2272.01,9.9,35,0,1,-20.0,0
C13090,Batna,Prepaid,24,776.32,22.19,50,0,4,12.3,0
C13091,Chlef,Prepaid,6,1260.04,6.37,80,0,3,15.0,0
C13092,Batna,Prepaid,26,737.81,11.64,28,0,3,72.6,0
C13093,Batna,Prepaid,13,1229.59,7.87,90,1,3,-4.0,0
C13094,Tizi Ouzou,Prepaid,31,1710.97,5.94,58,0,4,-20.0,0
C13095,Setif,Postpaid,8,2303.83,23.08,37,0,1,77.8,1
C13096,Batna,Postpaid,1,2470.57,15.45,64,1,1,-12.9,0
C13097,Algiers,Postpaid,23,3232.06,11.47,51,0,1,-1.8,0
C13098,Oran,Prepaid,22,983.8,19.82,38,0,2,11.3,0
C13099,Tlemcen,Postpaid,23,1468.36,1.94,51,1,1,73.2,0
C13100,Chlef,Postpaid,7,2242.67,11.16,41,0,1,-4.9,0
C13101,Batna,Prepaid,25,834.22,12.93,33,0,4,44.7,0
C13102,Annaba,Prepaid,44,572.34,1.02,87,0,2,-18.4,0
C13103,Annaba,Prepaid,4,2211.52,27.58,58,0,4,34.4,0
C13104,Bejaia,Prepaid,12,1188.59,7.74,69,0,2,-13.4,0
C13105,Blida,Prepaid,21,400.0,9.93,63,0,2,64.8,0
C13106,Algiers,Prepaid,20,1903.43,5.72,54,1,2,35.7,0
C13107,Algiers,Prepaid,59,1211.87,17.26,12,0,4,-13.0,0
C13108,Setif,Postpaid,20,2580.84,11.35,38,0,1,28.8,0
C13109,Batna,Prepaid,7,416.77,15.35,38,0,1,-1.7,1
C13110,Bejaia,Prepaid,18,1359.91,1.21,30,0,2,-20.0,0
C13111,Tizi Ouzou,Postpaid,23,2256.36,16.72,74,1,1,45.3,0
C13112,Ghardaia,Prepaid,56,1747.33,11.6,59,2,3,18.1,0
C13113,Biskra,Prepaid,11,665.23,25.37,62,1,2,31.5,1
C13114,Biskra,Postpaid,17,2309.07,10.55,66,1,1,79.2,0
C13115,Batna,Postpaid,19,1325.97,9.18,61,0,1,14.6,0
C13116,Setif,Prepaid,4,1222.45,8.95,59,1,2,12.0,1
C13117,Chlef,Prepaid,13,1126.97,29.66,49,0,3,-9.0,0
C13118,Algiers,Postpaid,40,2467.37,0.5,84,0,1,-14.3,0
C13119,Ghardaia,Prepaid,2,1167.98,2.8,45,1,1,-7.0,1
C13120,Oran,Postpaid,14,2597.69,6.3,29,1,1,52.1,0
C13121,Tlemcen,Postpaid,19,2277.66,0.65,34,0,1,-2.0,0
C13122,Constantine,Prepaid,26,2147.1,6.22,11,0,3,-9.1,0
C13123,Tizi Ouzou,Prepaid,10,2206.54,3.23,33,1,5,9.9,1
C13124,Setif,Prepaid,45,400.0,0.5,72,0,5,-20.0,0
C13125,Tiaret,Postpaid,10,1962.93,0.5,3,2,1,-20.0,1
C13126,Blida,Prepaid,34,1564.58,9.45,56,1,5,-13.6,0
C13127,Ouargla,Prepaid,28,2426.28,33.27,59,0,4,41.1,0
C13128,Tlemcen,Prepaid,35,2182.25,24.22,2,0,2,7.3,0
C13129,Blida,Prepaid,26,1072.76,0.9,51,0,2,-3.8,0
C13130,Algiers,Prepaid,18,1767.9,7.21,39,1,2,1.6,0
C13131,Tlemcen,Prepaid,57,1297.34,0.5,33,0,5,11.0,0
C13132,Algiers,Postpaid,14,3207.53,2.69,53,2,1,8.6,1
C13133,Bejaia,Prepaid,7,1161.22,5.67,58,0,3,30.7,0
C13134,Chlef,Prepaid,4,1613.59,0.64,28,0,6,50.7,1
C13135,Annaba,Prepaid,13,1690.84,9.95,47,1,4,44.2,0
C13136,Blida,Postpaid,26,2877.94,8.81,95,0,1,-18.4,0
C13137,Chlef,Prepaid,3,1209.21,1.54,64,1,4,9.5,1
C13138,Setif,Prepaid,6,2135.95,9.04,36,0,5,-20.0,0
C13139,Oran,Prepaid,18,1222.57,0.5,39,0,1,8.3,0
C13140,Tlemcen,Prepaid,17,744.4,3.38,63,1,1,4.0,0
C13141,Chlef,Prepaid,34,1516.01,10.77,34,0,3,40.4,0
C13142,Batna,Postpaid,16,3063.98,0.6,87,1,1,13.2,0
C13143,Ouargla,Prepaid,16,1717.75,1.4,50,1,2,17.5,1
C13144,Chlef,Prepaid,9,1415.87,15.11,50,0,1,60.8,1
C13145,Setif,Prepaid,21,1852.34,13.07,45,2,3,18.2,1
C13146,Ghardaia,Prepaid,6,1311.73,5.99,76,0,4,40.4,0
C13147,Bejaia,Prepaid,13,1068.22,5.81,40,1,1,28.8,1
C13148,Biskra,Prepaid,21,2013.71,8.28,47,0,3,10.8,0
C13149,Bejaia,Postpaid,19,3411.01,22.3,61,0,1,41.7,0
C13150,Oran,Prepaid,30,2032.66,18.22,53,3,2,44.5,1
C13151,Constantine,Prepaid,19,965.39,4.17,67,0,3,21.8,0
C13152,Oran,Prepaid,40,1614.41,1.39,55,0,1,22.8,0
C13153,Tlemcen,Prepaid,52,2158.88,5.19,14,0,5,27.3,0
C13154,Blida,Prepaid,14,832.87,15.15,34,1,5,-20.0,0
C13155,Ouargla,Postpaid,64,2357.59,15.22,73,1,1,34.4,0
C13156,Blida,Prepaid,34,536.37,2.44,60,1,4,5.7,0
C13157,Chlef,Prepaid,27,1596.29,9.86,32,0,1,8.8,0
C13158,Blida,Prepaid,9,400.0,34.64,14,0,3,35.7,0
C13159,Ouargla,Prepaid,13,1398.71,7.49,42,1,4,-0.5,0
C13160,Constantine,Prepaid,33,1437.4,4.24,37,1,2,40.3,1
C13161,Annaba,Prepaid,18,855.39,8.51,2,1,2,8.3,0
C13162,Bejaia,Prepaid,32,1927.02,0.5,2,2,1,24.0,1
C13163,Chlef,Postpaid,15,3038.8,51.98,56,0,1,33.0,0
C13164,Tlemcen,Prepaid,4,1618.82,7.64,52,0,3,23.3,1
C13165,Chlef,Prepaid,9,1458.27,2.6,43,0,2,7.0,0
C13166,Algiers,Prepaid,11,567.1,2.4,33,0,4,-20.0,0
C13167,Algiers,Postpaid,18,2231.48,8.86,43,1,1,10.6,0
C13168,Algiers,Prepaid,16,1657.66,7.37,54,1,4,29.5,0
C13169,Constantine,Prepaid,28,740.3,14.75,43,0,3,53.0,0
C13170,Tiaret,Prepaid,23,1363.11,1.85,24,0,1,23.0,0
C13171,Blida,Postpaid,11,3311.03,7.74,72,1,1,15.3,1
C13172,Ouargla,Postpaid,8,2013.86,2.49,44,0,1,-20.0,0
C13173,Batna,Prepaid,38,1238.55,17.05,64,1,1,33.8,0
C13174,Chlef,Postpaid,20,2365.81,13.04,48,1,1,35.7,0
C13175,Batna,Postpaid,12,2897.59,3.02,61,0,2,35.1,0
C13176,Constantine,Postpaid,14,2877.44,4.45,50,0,1,25.3,0
C13177,Bejaia,Postpaid,9,3559.79,15.81,64,0,1,7.8,0
C13178,Tizi Ouzou,Postpaid,43,3179.12,5.3,64,0,1,7.5,0
C13179,Chlef,Prepaid,10,1532.93,12.06,44,0,3,6.7,0
C13180,Constantine,Postpaid,1,3264.5,5.37,54,0,1,-20.0,0
C13181,Blida,Prepaid,24,1041.64,25.13,64,1,3,42.3,0
C13182,Tizi Ouzou,Prepaid,13,756.75,6.43,22,0,3,48.6,0
C13183,Bejaia,Prepaid,23,1513.82,6.35,45,0,2,8.1,0
C13184,Blida,Prepaid,7,764.96,21.12,37,1,1,-18.7,0
C13185,Constantine,Prepaid,10,1348.41,19.57,39,2,3,48.3,1
C13186,Tlemcen,Postpaid,12,3318.67,5.1,27,0,1,13.6,0
C13187,Bejaia,Prepaid,9,563.63,0.86,46,1,3,40.5,1
C13188,Tiaret,Prepaid,15,400.0,22.94,46,1,3,14.8,0
C13189,Ghardaia,Prepaid,22,1342.67,18.38,38,0,2,7.3,0
C13190,Setif,Prepaid,22,1181.94,11.81,55,0,4,12.3,0
C13191,Bejaia,Prepaid,50,1676.38,22.14,41,0,3,48.9,0
C13192,Blida,Postpaid,42,2797.56,16.5,60,0,1,83.8,0
C13193,Chlef,Prepaid,9,1766.15,82.92,27,0,3,58.9,0
C13194,Ghardaia,Prepaid,15,1135.02,11.33,51,0,1,12.2,0
C13195,Chlef,Prepaid,40,1293.29,3.69,2,0,3,23.8,0
C13196,Chlef,Prepaid,7,862.61,22.72,25,0,1,15.9,1
C13197,Batna,Prepaid,29,1939.51,29.71,63,0,2,66.8,0
C13198,Tiaret,Prepaid,17,1155.2,7.49,60,1,4,85.0,0
C13199,Bejaia,Prepaid,5,400.0,12.27,57,1,5,2.9,0
C13200,Setif,Prepaid,54,1221.61,3.02,58,0,2,37.5,0
C13201,Batna,Postpaid,29,3819.79,3.26,29,1,1,-20.0,0
C13202,Ghardaia,Prepaid,13,1737.61,2.26,67,1,1,11.4,0
C13203,Algiers,Prepaid,8,2188.47,16.92,65,1,3,-2.4,1
C13204,Blida,Prepaid,19,1819.72,1.83,103,0,3,-20.0,0
C13205,Blida,Prepaid,60,1853.23,4.52,78,0,4,37.2,0
C13206,Biskra,Prepaid,40,1653.54,5.73,4,0,2,0.8,0
C13207,Oran,Prepaid,22,2383.83,5.96,80,0,3,-20.0,0
C13208,Tlemcen,Prepaid,12,786.42,6.63,65,1,3,-19.7,0
C13209,Bejaia,Prepaid,23,1513.1,1.71,55,1,1,25.3,1
C13210,Setif,Postpaid,12,1997.46,6.87,29,0,1,46.2,0
C13211,Ouargla,Prepaid,46,1235.93,15.66,96,1,7,17.0,0
C13212,Tizi Ouzou,Prepaid,44,2027.56,7.76,79,0,2,1.9,0
C13213,Tiaret,Prepaid,55,1148.35,6.95,89,0,2,-2.1,0
C13214,Ghardaia,Prepaid,35,1660.71,19.25,12,0,3,13.7,0
C13215,Tiaret,Prepaid,27,503.25,4.66,56,0,3,33.9,0
C13216,Biskra,Postpaid,32,1385.83,6.87,61,0,1,17.4,0
C13217,Algiers,Prepaid,32,1206.59,19.94,77,0,1,16.2,0
C13218,Bejaia,Postpaid,4,2888.73,5.13,64,1,1,-7.1,0
C13219,Batna,Prepaid,20,1383.02,7.76,14,0,4,20.4,0
C13220,Setif,Prepaid,7,1844.6,5.15,84,0,4,45.0,0
C13221,Biskra,Prepaid,4,400.0,13.76,51,1,1,9.4,1
C13222,Ouargla,Prepaid,24,1016.46,0.5,2,0,6,5.3,0
C13223,Ouargla,Prepaid,18,944.92,12.45,68,2,3,2.2,0
C13224,Bejaia,Prepaid,9,2188.98,0.62,77,0,5,-20.0,0
C13225,Bejaia,Prepaid,11,1882.01,7.82,61,1,2,19.9,1
C13226,Annaba,Prepaid,36,1049.05,6.7,50,0,4,41.4,0
C13227,Tiaret,Prepaid,17,1791.37,15.03,67,0,3,32.4,0
C13228,Algiers,Prepaid,36,1125.07,5.24,82,0,4,9.4,0
C13229,Bejaia,Prepaid,10,1740.44,9.15,30,0,2,20.4,0
C13230,Batna,Prepaid,27,2497.92,13.48,2,1,4,18.3,0
C13231,Constantine,Postpaid,27,1244.53,12.97,78,0,1,-6.9,0
C13232,Chlef,Prepaid,13,1619.18,0.93,51,0,3,-2.4,0
C13233,Biskra,Prepaid,13,1859.06,50.55,105,1,3,3.4,0
C13234,Tiaret,Prepaid,34,1599.42,37.95,67,0,3,2.5,0
C13235,Bejaia,Prepaid,36,1234.48,8.11,37,0,1,11.9,0
C13236,Ouargla,Prepaid,39,955.5,22.32,54,0,1,-20.0,0
C13237,Ghardaia,Prepaid,8,944.49,0.5,31,0,4,23.5,1
C13238,Tlemcen,Prepaid,8,2197.39,6.89,65,0,4,-13.2,0
C13239,Constantine,Prepaid,10,1097.1,10.97,2,1,2,5.4,1
C13240,Ghardaia,Prepaid,23,1380.0,5.52,48,1,2,47.7,0
C13241,Biskra,Prepaid,35,949.83,17.72,85,0,3,9.8,0
C13242,Annaba,Prepaid,15,740.26,16.91,2,2,4,71.4,0
C13243,Algiers,Prepaid,29,1423.08,6.52,37,0,2,-16.0,0
C13244,Bejaia,Postpaid,22,1991.99,6.74,30,0,1,52.1,0
C13245,Tiaret,Prepaid,13,1490.48,10.2,52,0,3,27.5,0
C13246,Oran,Prepaid,6,1647.07,5.71,62,0,5,7.4,0
C13247,Annaba,Prepaid,30,1688.43,26.4,103,0,1,-20.0,0
C13248,Algiers,Prepaid,1,1237.64,12.51,19,2,2,8.9,1
C13249,Batna,Prepaid,43,801.56,5.22,80,0,1,25.5,0
C13250,Blida,Postpaid,16,3428.18,8.74,68,0,1,-20.0,0
C13251,Tlemcen,Postpaid,4,3178.59,12.73,70,0,1,-20.0,0
C13252,Constantine,Postpaid,12,2588.7,13.12,27,0,1,22.3,0
C13253,Tlemcen,Prepaid,12,437.18,0.5,40,1,2,-18.3,0
C13254,Tiaret,Prepaid,10,1581.34,8.02,48,0,3,15.5,0
C13255,Annaba,Prepaid,33,1701.88,6.5,82,2,3,63.1,1
C13256,Tlemcen,Prepaid,17,1787.73,1.81,31,0,2,46.8,0
C13257,Chlef,Prepaid,5,2328.88,0.5,60,1,4,-18.1,1
C13258,Ouargla,Prepaid,15,852.78,42.42,40,1,3,42.7,0
C13259,Bejaia,Prepaid,24,1466.11,11.23,45,0,5,31.7,0
C13260,Tizi Ouzou,Prepaid,38,2216.24,15.08,46,1,5,25.6,0
C13261,Batna,Prepaid,9,1701.95,17.53,53,1,4,17.6,1
C13262,Ghardaia,Prepaid,23,1202.51,10.16,27,0,1,4.8,0
C13263,Ghardaia,Prepaid,35,1316.94,46.5,31,1,3,26.2,0
C13264,Tiaret,Prepaid,4,640.41,3.7,72,0,4,-16.6,0
C13265,Tiaret,Postpaid,4,2082.3,14.81,30,2,1,13.8,0
C13266,Algiers,Postpaid,9,2222.1,17.58,72,0,1,25.0,0
C13267,Tiaret,Prepaid,10,1856.93,6.63,76,0,3,1.2,0
C13268,Constantine,Prepaid,3,1401.66,10.84,40,0,4,58.4,1
C13269,Chlef,Prepaid,30,716.09,14.78,30,2,4,-6.9,0
C13270,Annaba,Postpaid,4,3484.68,5.03,33,0,1,60.3,0
C13271,Chlef,Prepaid,5,2555.65,12.68,61,1,2,10.6,1
C13272,Blida,Prepaid,8,1697.37,1.17,61,0,2,21.0,1
C13273,Biskra,Postpaid,25,2891.0,3.01,45,0,1,13.2,0
C13274,Batna,Postpaid,58,2706.43,30.59,46,0,1,51.2,0
C13275,Chlef,Prepaid,13,2206.76,16.9,60,0,4,-20.0,0
C13276,Tlemcen,Prepaid,12,1012.34,4.73,47,1,3,-18.5,0
C13277,Blida,Prepaid,20,2118.08,0.5,24,0,3,37.7,0
C13278,Constantine,Prepaid,20,1911.5,47.38,60,0,3,51.5,0
C13279,Batna,Prepaid,9,1291.69,7.72,2,0,3,3.4,0
C13280,Tizi Ouzou,Prepaid,67,1182.81,25.75,34,0,2,64.4,0
C13281,Chlef,Postpaid,9,2905.29,1.87,26,1,1,25.2,1
C13282,Blida,Prepaid,2,1194.42,27.38,36,0,1,-12.1,0
C13283,Chlef,Prepaid,4,964.83,13.81,6,0,3,35.2,0
C13284,Blida,Prepaid,5,1771.87,14.58,67,1,4,54.5,1
C13285,Biskra,Prepaid,12,1333.88,44.25,69,2,1,7.5,0
C13286,Ouargla,Prepaid,15,1920.85,4.17,12,1,3,28.6,0
C13287,Ghardaia,Prepaid,47,1954.02,16.04,16,0,2,7.4,0
C13288,Tiaret,Postpaid,8,2172.47,22.1,9,0,1,-20.0,0
C13289,Biskra,Prepaid,21,1193.87,3.51,20,0,2,28.2,0
C13290,Biskra,Prepaid,30,1602.16,1.59,30,0,4,-6.2,0
C13291,Ouargla,Prepaid,21,2144.91,6.75,93,2,2,9.1,0
C13292,Tiaret,Prepaid,27,1984.04,14.96,62,0,2,20.0,0
C13293,Setif,Prepaid,24,2024.34,4.19,47,0,3,-15.1,0
C13294,Bejaia,Prepaid,7,1206.45,20.8,76,0,3,13.0,0
C13295,Batna,Postpaid,7,2954.58,59.03,37,0,1,46.0,0
C13296,Annaba,Prepaid,7,522.97,8.91,62,1,2,-14.1,1
C13297,Annaba,Prepaid,9,1781.95,8.77,35,1,2,44.2,1
C13298,Setif,Prepaid,14,1134.23,15.97,51,0,2,9.7,0
C13299,Chlef,Postpaid,51,3841.8,20.25,51,0,1,1.7,0
C13300,Setif,Prepaid,11,1127.94,9.97,11,0,3,17.9,0
C13301,Annaba,Postpaid,3,1383.49,2.35,79,0,1,-7.0,0
C13302,Setif,Postpaid,8,1201.87,12.09,30,0,1,-20.0,0
C13303,Ouargla,Prepaid,30,2009.47,24.68,18,0,4,-5.4,0
C13304,Setif,Postpaid,15,2165.38,8.14,53,0,1,41.1,0
C13305,Tiaret,Prepaid,27,1698.98,7.8,72,2,1,22.4,1
C13306,Annaba,Postpaid,15,2733.63,31.3,72,0,1,6.6,0
C13307,Tiaret,Prepaid,7,1935.37,0.87,32,1,4,77.9,1
C13308,Tiaret,Prepaid,37,1827.07,3.9,73,2,1,8.6,1
C13309,Batna,Prepaid,23,1106.47,16.86,30,1,3,13.0,0
C13310,Blida,Postpaid,25,2422.49,0.7,31,1,1,41.2,0
C13311,Batna,Postpaid,18,2860.03,5.42,52,1,1,17.3,0
C13312,Blida,Prepaid,16,1830.35,3.82,64,0,1,14.1,0
C13313,Chlef,Prepaid,13,1545.72,5.07,29,0,2,13.8,0
C13314,Tizi Ouzou,Prepaid,17,1625.8,7.5,36,0,4,34.4,0
C13315,Tizi Ouzou,Postpaid,11,2854.98,21.72,44,0,1,18.1,0
C13316,Ouargla,Prepaid,38,1224.65,10.92,72,0,1,73.9,0
C13317,Tiaret,Prepaid,29,1911.0,8.66,45,0,2,4.5,0
C13318,Setif,Prepaid,4,1564.78,1.3,49,2,2,43.8,1
C13319,Setif,Postpaid,27,3543.64,22.72,27,0,1,29.3,0
C13320,Oran,Prepaid,56,1958.55,10.91,67,0,2,21.0,0
C13321,Bejaia,Prepaid,8,1477.71,29.29,82,0,4,9.7,0
C13322,Biskra,Prepaid,17,1164.42,12.41,70,2,3,69.2,1
C13323,Chlef,Prepaid,13,1113.14,3.46,39,1,2,-12.8,0
C13324,Tlemcen,Postpaid,29,900.0,5.14,62,0,1,67.0,0
C13325,Tizi Ouzou,Prepaid,14,1887.81,24.85,73,2,4,-7.7,0
C13326,Tlemcen,Postpaid,14,900.0,0.77,7,1,1,19.4,0
C13327,Ghardaia,Prepaid,9,1804.28,3.5,71,1,1,32.4,1
C13328,Blida,Prepaid,10,1243.44,21.25,83,0,3,15.0,0
C13329,Ouargla,Prepaid,8,1072.32,17.84,55,0,2,43.0,1
C13330,Ouargla,Prepaid,30,1253.15,3.26,73,0,3,-3.7,0
C13331,Constantine,Prepaid,28,960.02,15.14,62,0,2,36.7,0
C13332,Setif,Prepaid,28,1931.35,5.75,13,2,5,18.2,0
C13333,Algiers,Prepaid,10,2712.31,7.22,29,0,5,15.9,0
C13334,Setif,Prepaid,20,921.71,19.7,24,0,3,8.4,0
C13335,Tiaret,Prepaid,19,1516.01,1.04,44,1,6,33.9,0
C13336,Oran,Prepaid,17,1322.16,18.84,34,0,1,47.9,0
C13337,Blida,Postpaid,11,3680.8,30.72,56,2,1,33.5,1
C13338,Tizi Ouzou,Postpaid,17,3124.28,8.97,44,3,1,55.6,1
C13339,Batna,Prepaid,22,1257.48,40.98,34,2,3,30.9,0
C13340,Biskra,Prepaid,9,400.0,8.68,62,1,3,9.1,1
C13341,Setif,Prepaid,1,700.21,25.03,65,1,3,58.8,1
C13342,Tiaret,Prepaid,4,1985.58,3.01,18,0,2,46.9,1
C13343,Batna,Prepaid,8,1096.84,25.1,37,0,1,8.3,0
C13344,Annaba,Postpaid,16,1770.62,3.7,2,0,1,32.9,0
C13345,Annaba,Prepaid,11,2281.52,12.26,73,0,3,19.3,0
C13346,Ghardaia,Prepaid,19,1005.03,0.54,33,1,4,7.4,0
C13347,Chlef,Prepaid,59,958.2,26.32,65,1,2,-1.1,0
C13348,Setif,Prepaid,9,715.98,5.33,107,0,1,-19.0,0
C13349,Tizi Ouzou,Prepaid,1,2225.05,3.57,35,0,3,26.2,0
C13350,Chlef,Prepaid,9,1382.91,0.64,17,0,2,19.6,1
C13351,Tiaret,Prepaid,13,1032.04,15.77,30,0,2,-19.6,0
C13352,Setif,Postpaid,60,2741.63,17.18,59,1,1,-10.8,0
C13353,Constantine,Prepaid,19,1702.0,3.43,51,0,1,33.5,0
C13354,Oran,Prepaid,5,1443.89,41.17,89,1,1,18.0,1
C13355,Bejaia,Postpaid,8,2486.27,2.49,32,0,1,33.9,0
C13356,Tiaret,Postpaid,30,2815.85,33.18,37,0,1,38.6,0
C13357,Bejaia,Prepaid,65,848.37,5.26,70,0,2,-20.0,0
C13358,Annaba,Prepaid,9,993.71,10.75,43,1,2,15.6,1
C13359,Annaba,Prepaid,2,1511.15,12.44,50,1,2,-1.6,1
C13360,Algiers,Prepaid,16,655.42,5.49,50,3,1,17.4,1
C13361,Biskra,Prepaid,8,2045.77,15.02,56,0,5,0.3,0
C13362,Tizi Ouzou,Postpaid,18,2065.54,22.8,40,0,1,57.3,0
C13363,Chlef,Prepaid,62,1939.41,2.27,46,0,2,-12.9,0
C13364,Annaba,Prepaid,26,1296.11,11.74,34,0,4,-9.5,0
C13365,Biskra,Prepaid,16,1154.1,2.97,70,1,3,-2.0,0
C13366,Annaba,Prepaid,17,1335.4,8.11,77,1,3,41.9,0
C13367,Algiers,Prepaid,10,949.15,7.65,37,0,4,70.2,1
C13368,Oran,Prepaid,10,944.52,19.71,79,1,4,16.8,0
C13369,Tlemcen,Prepaid,21,1250.0,13.83,32,0,5,-20.0,0
C13370,Blida,Prepaid,36,1376.33,0.91,47,1,4,26.7,0
C13371,Tiaret,Postpaid,6,3365.34,9.54,36,1,1,-10.0,0
C13372,Batna,Postpaid,7,1974.78,12.29,42,0,1,12.4,0
C13373,Oran,Prepaid,33,1185.76,4.45,63,0,3,38.1,0
C13374,Biskra,Prepaid,17,1923.45,0.5,96,0,3,22.0,0
C13375,Ouargla,Prepaid,9,757.35,52.37,49,1,6,32.0,1
C13376,Constantine,Prepaid,36,903.12,29.75,26,0,4,68.3,0
C13377,Algiers,Prepaid,2,1828.36,29.76,21,0,5,-20.0,0
C13378,Chlef,Prepaid,28,1444.86,10.77,45,2,1,0.0,1
C13379,Tizi Ouzou,Prepaid,9,1301.6,4.3,2,0,3,22.1,1
C13380,Constantine,Postpaid,19,2581.68,26.01,41,1,1,40.3,0
C13381,Tlemcen,Prepaid,26,2431.42,3.37,42,0,3,20.9,0
C13382,Biskra,Postpaid,8,3054.31,9.65,8,1,1,-9.6,0
C13383,Tizi Ouzou,Prepaid,18,1736.84,24.68,30,0,4,25.6,0
C13384,Tizi Ouzou,Postpaid,54,2175.12,58.36,40,2,1,32.3,0
C13385,Tizi Ouzou,Postpaid,4,1793.89,74.16,45,0,1,85.0,1
C13386,Batna,Prepaid,6,1195.36,13.68,43,0,2,19.6,0
C13387,Batna,Prepaid,16,1113.14,4.65,55,0,5,13.6,0
C13388,Biskra,Prepaid,34,1443.21,6.67,37,0,2,9.7,0
C13389,Annaba,Prepaid,3,1866.54,7.34,18,1,3,67.9,1
C13390,Ouargla,Prepaid,22,1150.78,24.15,54,1,2,-20.0,0
C13391,Setif,Postpaid,5,3605.45,0.96,34,0,1,-12.2,0
C13392,Blida,Prepaid,20,1813.77,7.93,65,1,5,46.9,1
C13393,Setif,Prepaid,7,1908.51,1.43,65,1,3,28.9,1
C13394,Biskra,Prepaid,14,1241.08,11.15,41,1,4,17.1,0
C13395,Algiers,Postpaid,16,2210.99,19.12,32,0,2,12.2,0
C13396,Tizi Ouzou,Postpaid,7,1364.5,9.02,25,0,1,34.3,0
C13397,Ouargla,Postpaid,23,1942.93,0.5,39,2,1,9.6,0
C13398,Oran,Prepaid,6,2485.47,12.72,20,0,3,31.1,0
C13399,Biskra,Prepaid,10,1249.8,2.79,71,3,1,23.7,1
C13400,Bejaia,Prepaid,9,743.5,40.44,81,2,2,-8.1,1
C13401,Annaba,Prepaid,31,1175.89,4.92,62,0,4,-20.0,0
C13402,Chlef,Prepaid,21,565.46,6.43,53,3,4,42.9,1
C13403,Tiaret,Prepaid,26,1853.15,5.41,70,1,4,12.8,0
C13404,Tiaret,Prepaid,7,852.63,2.47,45,1,4,44.4,1
C13405,Ghardaia,Prepaid,5,1416.56,15.7,67,1,1,16.0,1
C13406,Tizi Ouzou,Prepaid,7,1376.64,35.85,37,2,2,33.9,1
C13407,Algiers,Prepaid,8,1730.36,21.29,61,0,4,-0.6,0
C13408,Tizi Ouzou,Prepaid,8,1373.98,4.9,7,0,3,-13.7,0
C13409,Tizi Ouzou,Prepaid,42,489.8,13.95,39,0,4,4.8,0
C13410,Constantine,Postpaid,10,3441.88,2.35,52,0,1,-1.7,0
C13411,Tlemcen,Prepaid,19,1546.62,17.13,61,2,3,-7.2,0
C13412,Tizi Ouzou,Postpaid,34,2805.06,23.95,65,0,1,-20.0,0
C13413,Ghardaia,Prepaid,10,1752.95,2.5,56,0,3,-20.0,1
C13414,Constantine,Postpaid,33,2096.6,6.55,45,1,1,-6.5,0
C13415,Tizi Ouzou,Prepaid,4,1667.54,12.28,10,1,4,16.3,0
C13416,Tizi Ouzou,Prepaid,27,1864.82,4.59,54,0,4,44.9,0
C13417,Algiers,Prepaid,32,1150.85,8.66,39,1,3,85.0,0
C13418,Ghardaia,Prepaid,31,1714.35,0.5,48,0,2,38.4,0
C13419,Tlemcen,Prepaid,9,2291.15,29.48,13,0,4,10.3,0
C13420,Ouargla,Prepaid,18,1665.29,8.53,94,0,1,12.9,0
C13421,Batna,Prepaid,6,1939.06,1.15,51,0,5,56.6,1
C13422,Constantine,Postpaid,38,2152.46,26.86,41,0,1,23.3,0
C13423,Tizi Ouzou,Prepaid,31,919.29,5.49,78,0,2,17.3,0
C13424,Tiaret,Prepaid,12,1050.87,3.09,51,0,4,41.0,0
C13425,Ghardaia,Prepaid,28,787.09,2.17,94,1,5,37.0,0
C13426,Tizi Ouzou,Postpaid,18,3056.38,23.29,78,2,1,38.6,0
C13427,Setif,Prepaid,22,2342.51,2.26,46,0,2,9.4,0
C13428,Tizi Ouzou,Prepaid,15,1613.63,15.0,15,0,1,12.9,0
C13429,Algiers,Postpaid,3,3466.23,70.19,69,1,1,38.4,1
C13430,Algiers,Postpaid,16,3929.54,3.48,50,0,2,-10.4,0
C13431,Setif,Prepaid,11,494.64,79.75,28,0,5,-18.5,0
C13432,Bejaia,Prepaid,8,1516.03,2.84,45,0,6,49.3,1
C13433,Bejaia,Prepaid,11,1207.94,14.17,51,0,1,40.5,0
C13434,Oran,Prepaid,22,1941.64,12.18,68,1,1,11.5,0
C13435,Tizi Ouzou,Postpaid,28,1609.57,14.86,52,0,1,9.2,0
C13436,Blida,Prepaid,64,720.89,1.08,36,0,4,-7.1,0
C13437,Setif,Prepaid,12,895.39,12.34,47,0,3,25.9,0
C13438,Batna,Prepaid,24,1598.21,15.56,45,0,4,-20.0,0
C13439,Biskra,Prepaid,17,1147.48,7.56,70,1,4,8.5,0
C13440,Chlef,Prepaid,9,1214.23,51.13,50,0,3,-20.0,0
C13441,Chlef,Prepaid,38,1475.07,23.0,40,0,4,0.3,0
C13442,Batna,Prepaid,24,427.09,0.5,50,1,2,-10.1,0
C13443,Tizi Ouzou,Prepaid,23,1001.57,41.28,20,0,1,43.9,0
C13444,Constantine,Prepaid,35,1392.87,2.32,12,0,4,26.9,0
C13445,Ghardaia,Prepaid,21,1770.32,26.37,68,0,5,2.3,0
C13446,Chlef,Prepaid,17,1936.57,5.65,45,0,1,51.3,0
C13447,Batna,Postpaid,14,1612.05,15.3,12,0,1,7.2,0
C13448,Setif,Postpaid,19,2915.44,6.58,52,1,1,22.1,0
C13449,Annaba,Prepaid,35,1283.38,21.39,50,1,4,13.3,0
C13450,Ouargla,Postpaid,24,1937.11,20.04,32,1,1,47.1,0
C13451,Oran,Postpaid,3,2559.66,1.05,45,0,1,85.0,1
C13452,Blida,Prepaid,35,1866.78,13.07,67,0,1,22.9,0
C13453,Constantine,Prepaid,42,1155.0,9.22,100,1,4,9.3,0
C13454,Tiaret,Prepaid,18,944.91,17.98,36,0,4,32.6,0
C13455,Batna,Prepaid,12,925.02,0.9,43,0,4,54.9,0
C13456,Biskra,Prepaid,15,1340.91,11.41,78,2,2,61.4,1
C13457,Setif,Prepaid,23,2148.43,12.31,48,2,5,-20.0,0
C13458,Tiaret,Prepaid,23,1111.74,20.39,56,0,4,54.0,0
C13459,Constantine,Prepaid,11,986.51,51.81,22,0,4,-20.0,0
C13460,Algiers,Postpaid,25,2144.51,30.78,54,1,1,-9.0,0
C13461,Tiaret,Prepaid,12,2040.58,41.05,42,0,6,24.1,0
C13462,Blida,Prepaid,22,2033.7,5.58,59,0,3,9.1,0
C13463,Ouargla,Prepaid,72,912.03,9.1,82,0,3,37.4,0
C13464,Setif,Prepaid,13,2184.68,17.1,51,1,2,-14.1,0
C13465,Bejaia,Postpaid,30,3562.3,8.92,31,0,1,-4.5,0
C13466,Biskra,Prepaid,16,1036.05,15.04,41,0,2,42.2,0
C13467,Ouargla,Prepaid,18,1229.69,3.8,22,1,3,37.8,0
C13468,Annaba,Postpaid,8,2500.13,24.21,41,4,1,41.7,1
C13469,Constantine,Postpaid,25,3157.04,17.65,41,0,1,42.8,0
C13470,Bejaia,Prepaid,54,2043.16,13.17,66,0,2,-14.6,0
C13471,Ghardaia,Prepaid,46,1982.65,0.59,69,0,2,47.5,0
C13472,Biskra,Prepaid,13,1076.75,69.43,13,1,3,-14.5,0
C13473,Tizi Ouzou,Postpaid,15,2742.17,0.89,66,0,1,42.8,0
C13474,Tlemcen,Prepaid,6,1516.98,5.53,41,0,4,54.1,0
C13475,Ghardaia,Prepaid,27,1078.52,30.06,9,1,3,27.8,0
C13476,Tlemcen,Prepaid,23,904.9,65.9,54,1,4,39.5,0
C13477,Chlef,Prepaid,35,1102.08,3.25,41,0,5,7.9,0
C13478,Blida,Prepaid,24,2042.74,62.5,39,0,2,19.0,0
C13479,Oran,Postpaid,43,1975.08,20.43,23,0,1,16.9,0
C13480,Tlemcen,Prepaid,16,416.02,11.68,90,1,3,6.5,0
C13481,Biskra,Postpaid,13,2421.7,12.08,59,1,1,-5.5,0
C13482,Oran,Prepaid,47,1773.54,25.58,62,0,5,46.5,0
C13483,Constantine,Postpaid,26,3000.48,1.31,53,0,1,39.0,0
C13484,Constantine,Prepaid,25,1791.44,4.6,61,0,3,29.6,0
C13485,Batna,Postpaid,13,2897.6,14.83,68,0,1,34.7,0
C13486,Blida,Prepaid,40,2623.49,11.59,31,0,2,42.5,0
C13487,Tizi Ouzou,Prepaid,10,1397.46,1.62,74,0,4,36.2,0
C13488,Annaba,Prepaid,23,1966.21,8.18,49,0,1,79.8,0
C13489,Algiers,Prepaid,10,1684.9,14.45,72,0,4,-10.2,0
C13490,Setif,Prepaid,8,2311.42,1.3,69,0,4,14.3,0
C13491,Tlemcen,Prepaid,12,1094.36,30.0,68,0,3,52.2,0
C13492,Annaba,Postpaid,12,2751.97,3.77,53,0,1,30.9,0
C13493,Batna,Prepaid,9,1660.38,0.57,91,0,2,-10.7,0
C13494,Ouargla,Prepaid,11,1209.85,1.21,68,1,3,9.2,1
C13495,Setif,Prepaid,18,893.59,13.65,86,0,2,52.9,0
C13496,Blida,Prepaid,9,634.11,7.7,52,0,3,-13.3,0
C13497,Setif,Prepaid,19,1842.17,9.2,15,1,5,23.0,0
C13498,Bejaia,Postpaid,16,2531.67,7.74,27,0,1,14.4,0
C13499,Tiaret,Prepaid,4,1726.33,42.26,43,0,5,35.3,1
C13500,Bejaia,Prepaid,16,1406.99,28.95,80,2,3,-19.7,0
C13501,Algiers,Prepaid,11,1267.32,23.35,87,2,2,7.5,1
C13502,Setif,Prepaid,38,822.77,8.11,41,0,3,27.4,0
C13503,Biskra,Prepaid,2,2016.08,5.31,47,0,2,37.6,1
C13504,Blida,Postpaid,26,2334.44,4.31,2,0,1,-0.3,0
C13505,Tiaret,Prepaid,51,1649.73,7.08,49,0,2,48.7,0
C13506,Annaba,Postpaid,26,3403.85,4.85,11,2,1,28.9,1
C13507,Algiers,Postpaid,49,2410.8,4.2,32,1,1,18.9,0
C13508,Biskra,Prepaid,37,1910.79,84.06,68,1,4,20.0,0
C13509,Oran,Postpaid,24,3013.33,11.61,63,0,1,-17.8,0
C13510,Batna,Postpaid,18,3616.14,11.21,52,0,1,10.4,0
C13511,Setif,Postpaid,9,2387.12,10.18,27,0,1,45.0,0
C13512,Constantine,Postpaid,7,1812.93,15.07,13,1,1,22.3,0
C13513,Tlemcen,Postpaid,32,2758.87,13.19,58,1,1,4.1,0
C13514,Biskra,Postpaid,20,2085.29,12.9,50,0,1,53.7,0
C13515,Chlef,Prepaid,37,2177.04,27.11,40,0,4,30.3,0
C13516,Tizi Ouzou,Prepaid,10,2179.58,5.75,22,0,4,8.8,0
C13517,Tizi Ouzou,Prepaid,5,1211.08,4.46,57,0,2,5.0,1
C13518,Tizi Ouzou,Prepaid,9,1042.57,16.33,33,0,2,45.8,1
C13519,Tiaret,Prepaid,57,1691.61,15.56,36,2,3,38.5,0
C13520,Ouargla,Prepaid,60,1877.32,15.1,35,0,6,8.8,0
C13521,Setif,Prepaid,8,1367.79,12.15,2,1,6,63.6,1
C13522,Tiaret,Prepaid,1,827.06,9.87,45,0,3,39.3,0
C13523,Oran,Prepaid,15,1906.26,1.0,35,1,4,29.3,0
C13524,Biskra,Prepaid,14,400.0,7.45,58,0,6,15.1,0
C13525,Tizi Ouzou,Prepaid,29,2134.11,5.36,101,1,2,2.9,0
C13526,Setif,Postpaid,22,1233.08,9.87,82,0,1,-20.0,0
C13527,Blida,Prepaid,5,400.0,6.41,49,0,5,-19.1,0
C13528,Bejaia,Prepaid,8,2251.01,9.36,55,1,2,22.9,1
C13529,Annaba,Prepaid,20,998.45,12.04,56,0,5,-8.6,0
C13530,Annaba,Prepaid,18,2361.08,0.85,79,2,3,28.5,1
C13531,Constantine,Prepaid,58,1639.67,4.86,29,1,2,18.2,1
C13532,Batna,Prepaid,18,444.96,13.77,37,1,5,2.1,0
C13533,Constantine,Postpaid,50,2469.87,1.91,17,0,1,22.1,0
C13534,Batna,Prepaid,8,1216.79,1.03,75,0,2,28.5,1
C13535,Tiaret,Prepaid,32,1397.57,0.98,39,0,6,-20.0,0
C13536,Bejaia,Prepaid,3,2058.73,2.69,23,2,3,18.2,1
C13537,Blida,Prepaid,44,1896.38,13.93,20,0,1,5.8,0
C13538,Tlemcen,Prepaid,45,1299.43,0.5,17,0,3,-20.0,0
C13539,Tiaret,Prepaid,20,1370.93,5.43,31,1,4,31.7,0
C13540,Chlef,Prepaid,12,465.84,1.21,58,0,4,33.1,0
C13541,Tizi Ouzou,Prepaid,53,1797.89,3.58,73,1,2,54.3,1
C13542,Batna,Prepaid,5,1494.2,28.47,49,0,2,-20.0,0
C13543,Ouargla,Postpaid,9,3941.81,6.2,2,0,1,2.0,0
C13544,Chlef,Prepaid,10,1045.13,5.81,50,0,4,29.6,1
C13545,Ouargla,Prepaid,50,2214.66,41.38,50,0,3,2.0,0
C13546,Biskra,Prepaid,17,709.63,6.84,60,1,4,19.9,0
C13547,Ghardaia,Prepaid,20,1906.66,1.46,47,1,2,26.9,0
C13548,Annaba,Prepaid,5,954.41,14.86,48,1,3,5.1,1
C13549,Ouargla,Prepaid,7,1695.39,0.5,41,0,3,24.2,0
C13550,Annaba,Prepaid,26,1013.57,12.36,52,1,1,-7.9,0
C13551,Biskra,Prepaid,6,1694.68,38.11,49,1,3,22.7,0
C13552,Ouargla,Prepaid,3,1617.52,30.13,50,0,1,35.4,1
C13553,Bejaia,Prepaid,14,1995.4,64.85,52,0,3,44.4,0
C13554,Ghardaia,Postpaid,25,2430.47,6.11,38,0,1,-20.0,0
C13555,Ouargla,Postpaid,15,2295.07,15.93,62,0,1,21.5,0
C13556,Oran,Prepaid,9,970.39,4.55,2,2,1,-8.3,1
C13557,Chlef,Prepaid,11,1444.35,2.93,60,1,6,-5.9,0
C13558,Batna,Prepaid,16,1606.43,83.1,25,0,4,8.1,0
C13559,Chlef,Postpaid,22,2750.81,25.5,56,0,1,33.8,0
C13560,Tiaret,Prepaid,14,400.0,8.13,42,0,4,40.8,0
C13561,Blida,Prepaid,18,1047.31,15.24,70,0,3,34.9,0
C13562,Oran,Prepaid,6,2147.53,0.5,56,0,2,32.0,1
C13563,Tizi Ouzou,Prepaid,31,1285.1,3.8,66,1,4,-4.3,0
C13564,Bejaia,Prepaid,9,1508.74,4.99,39,1,3,26.7,1
C13565,Oran,Prepaid,32,451.31,9.25,79,1,5,48.4,0
C13566,Algiers,Prepaid,5,1930.52,27.5,74,0,2,60.7,1
C13567,Ghardaia,Prepaid,23,1862.05,1.46,56,0,4,2.9,0
C13568,Chlef,Prepaid,23,2060.82,27.3,49,0,1,-6.2,0
C13569,Tizi Ouzou,Prepaid,22,1954.83,25.44,51,0,2,10.7,0
C13570,Chlef,Prepaid,16,1152.34,10.59,65,2,3,22.4,0
C13571,Annaba,Prepaid,2,2266.3,1.21,34,0,4,25.8,1
C13572,Bejaia,Prepaid,25,1072.43,17.41,61,0,3,-0.3,0
C13573,Chlef,Postpaid,16,1649.48,33.57,24,0,1,-20.0,0
C13574,Constantine,Postpaid,29,2660.04,20.7,2,0,1,46.7,0
C13575,Constantine,Prepaid,22,1047.62,5.4,140,0,2,-13.8,0
C13576,Blida,Postpaid,14,2354.84,17.91,12,0,1,-3.6,0
C13577,Ghardaia,Prepaid,43,2102.06,5.26,50,0,2,58.8,0
C13578,Chlef,Prepaid,23,1975.22,38.19,63,1,3,-20.0,0
C13579,Batna,Prepaid,12,1578.36,5.97,67,0,4,24.6,0
C13580,Oran,Postpaid,14,2458.88,27.49,36,0,1,17.0,0
C13581,Biskra,Postpaid,14,1799.88,18.38,65,0,1,31.9,0
C13582,Annaba,Prepaid,16,1786.21,9.34,85,1,3,-12.2,0
C13583,Tiaret,Prepaid,11,935.67,39.83,40,0,1,-12.0,1
C13584,Bejaia,Postpaid,21,2849.34,2.39,65,1,1,-13.9,0
C13585,Batna,Prepaid,12,2409.02,2.15,37,0,2,23.8,0
C13586,Oran,Postpaid,8,2653.04,7.52,19,2,1,12.8,1
C13587,Tizi Ouzou,Prepaid,18,1238.97,21.87,86,0,3,-20.0,0
C13588,Chlef,Prepaid,25,1523.06,11.45,37,0,3,6.0,0
C13589,Batna,Prepaid,23,1359.39,13.08,40,1,3,22.0,0
C13590,Ouargla,Prepaid,11,1161.08,1.13,43,1,1,18.3,1
C13591,Algiers,Prepaid,14,1238.8,60.51,55,1,2,6.7,0
C13592,Batna,Prepaid,28,636.87,17.24,34,0,5,30.4,0
C13593,Constantine,Prepaid,15,534.84,0.5,53,0,4,41.7,0
C13594,Chlef,Prepaid,25,1465.23,22.74,43,0,3,37.6,0
C13595,Tlemcen,Prepaid,20,980.22,11.25,44,0,3,13.6,0
C13596,Batna,Prepaid,22,1643.16,28.48,18,2,5,20.0,0
C13597,Bejaia,Prepaid,8,1413.11,16.21,19,0,4,-10.0,0
C13598,Algiers,Prepaid,5,400.0,3.69,47,0,3,24.3,0
C13599,Chlef,Prepaid,7,1851.51,11.89,32,0,4,5.8,0
C13600,Batna,Prepaid,40,1683.76,9.15,33,0,2,34.8,0
C13601,Biskra,Postpaid,7,1840.8,2.69,61,1,1,14.7,1
C13602,Ouargla,Prepaid,3,1625.91,42.35,92,0,3,37.2,1
C13603,Setif,Postpaid,12,2040.26,10.29,47,0,1,58.2,0
C13604,Tiaret,Prepaid,27,1499.71,14.32,31,1,2,46.9,1
C13605,Algiers,Postpaid,7,1815.53,1.64,42,3,1,25.4,1
C13606,Tlemcen,Prepaid,31,1594.3,20.77,26,0,3,9.4,0
C13607,Setif,Postpaid,23,3090.38,3.09,2,0,1,61.4,0
C13608,Ghardaia,Prepaid,66,1837.8,44.13,35,1,1,55.0,1
C13609,Algiers,Prepaid,7,1567.36,11.97,25,0,3,-20.0,0
C13610,Tiaret,Prepaid,2,849.69,3.32,49,0,3,-11.2,0
C13611,Annaba,Prepaid,3,1848.85,22.18,48,0,2,20.6,0
C13612,Bejaia,Prepaid,24,989.85,21.44,34,0,3,33.3,0
C13613,Oran,Prepaid,17,587.16,34.59,33,0,6,24.5,0
C13614,Algiers,Prepaid,20,2138.51,20.68,41,0,1,-20.0,0
C13615,Tlemcen,Prepaid,30,462.27,8.71,42,0,1,-7.9,0
C13616,Blida,Prepaid,15,1373.08,8.96,49,0,3,-4.6,0
C13617,Tiaret,Prepaid,13,1825.88,2.39,10,1,4,-13.5,0
C13618,Oran,Prepaid,25,1458.85,5.29,56,0,2,32.6,0
C13619,Chlef,Prepaid,27,1165.57,17.47,16,0,2,-16.7,0
C13620,Algiers,Prepaid,22,550.64,38.55,57,1,3,55.5,0
C13621,Tizi Ouzou,Prepaid,9,872.55,3.6,62,0,6,-17.8,0
C13622,Tizi Ouzou,Prepaid,12,2257.6,8.96,52,0,4,-3.5,0
C13623,Oran,Postpaid,33,3605.57,8.65,81,2,1,53.7,0
C13624,Tizi Ouzou,Prepaid,13,596.21,0.52,48,1,6,81.9,1
C13625,Batna,Prepaid,11,2139.98,5.67,90,0,3,5.9,0
C13626,Algiers,Prepaid,72,1053.1,7.72,66,0,3,55.3,0
C13627,Setif,Prepaid,20,1611.64,5.37,39,1,3,1.3,0
C13628,Tlemcen,Prepaid,8,1112.16,0.5,82,0,2,15.6,1
C13629,Constantine,Postpaid,24,2630.34,60.61,24,1,1,9.3,0
C13630,Ouargla,Prepaid,6,968.58,5.12,53,0,3,-8.7,0
C13631,Constantine,Prepaid,15,1720.32,3.41,44,0,1,24.4,0
C13632,Ouargla,Postpaid,45,2019.46,11.4,23,0,1,46.4,0
C13633,Biskra,Postpaid,25,2918.59,25.9,53,1,1,44.7,0
C13634,Tiaret,Prepaid,14,1957.4,4.33,77,2,5,59.6,1
C13635,Biskra,Prepaid,26,1004.49,14.62,29,1,3,14.4,0
C13636,Tlemcen,Postpaid,72,4083.69,7.79,31,0,1,-5.0,0
C13637,Blida,Prepaid,19,1579.15,14.88,66,1,1,-0.4,0
C13638,Tizi Ouzou,Prepaid,23,511.13,0.79,46,0,2,32.1,0
C13639,Tlemcen,Prepaid,19,1873.53,13.47,12,0,4,19.5,0
C13640,Batna,Postpaid,4,3247.25,7.21,17,0,1,-20.0,0
C13641,Ghardaia,Prepaid,16,2059.07,0.5,48,0,5,39.4,0
C13642,Tizi Ouzou,Prepaid,13,897.69,27.15,45,0,2,-9.6,0
C13643,Tizi Ouzou,Postpaid,28,3205.8,6.75,65,0,2,-19.0,0
C13644,Tlemcen,Prepaid,10,1041.64,12.49,42,0,2,19.3,1
C13645,Tlemcen,Prepaid,8,1571.19,2.09,46,0,5,16.8,1
C13646,Oran,Postpaid,23,2738.84,12.13,74,1,1,2.0,0
C13647,Biskra,Prepaid,37,1275.22,0.53,39,0,1,3.2,0
C13648,Biskra,Prepaid,29,1388.66,6.91,57,1,4,25.4,0
C13649,Ghardaia,Prepaid,24,2359.06,51.47,38,1,1,1.6,0
C13650,Chlef,Prepaid,11,1396.09,0.5,4,0,4,15.2,1
C13651,Constantine,Postpaid,28,2888.58,39.63,11,1,1,14.5,0
C13652,Biskra,Prepaid,11,2101.12,11.35,30,1,1,43.4,1
C13653,Ghardaia,Prepaid,2,2869.71,4.51,35,2,4,31.6,1
C13654,Blida,Prepaid,14,1356.77,17.82,25,0,3,3.4,0
C13655,Oran,Postpaid,12,2936.32,2.41,69,0,1,9.5,0
C13656,Constantine,Prepaid,22,1171.92,62.18,51,0,2,18.2,0
C13657,Chlef,Postpaid,1,1799.83,20.14,30,0,1,-20.0,0
C13658,Tlemcen,Postpaid,22,2003.28,13.96,63,0,1,13.2,0
C13659,Chlef,Prepaid,12,940.98,15.28,58,0,2,19.3,0
C13660,Constantine,Prepaid,21,1461.07,2.72,50,0,4,23.2,0
C13661,Tiaret,Prepaid,23,2407.44,39.66,41,1,2,52.0,1
C13662,Annaba,Postpaid,17,1687.9,1.65,45,0,1,-2.8,0
C13663,Ghardaia,Prepaid,22,2180.48,2.66,71,0,3,2.8,0
C13664,Algiers,Prepaid,40,780.74,18.77,18,0,1,47.4,0
C13665,Ouargla,Postpaid,5,2833.64,4.26,51,0,1,-20.0,0
C13666,Algiers,Postpaid,20,2891.99,13.12,29,0,1,22.3,0
C13667,Setif,Postpaid,13,2183.58,28.87,53,0,1,24.6,0
C13668,Batna,Postpaid,8,2633.03,3.1,79,1,1,1.7,0
C13669,Biskra,Prepaid,33,1176.25,1.15,14,1,4,23.5,0
C13670,Tiaret,Prepaid,25,1384.89,6.84,42,0,4,45.4,0
C13671,Chlef,Prepaid,2,1134.56,14.85,64,0,6,-2.1,0
C13672,Tlemcen,Prepaid,30,2212.24,1.9,70,0,3,-20.0,0
C13673,Chlef,Postpaid,29,2592.9,4.85,55,0,1,28.7,0
C13674,Tlemcen,Prepaid,39,1976.28,5.31,45,1,2,46.0,0
C13675,Ghardaia,Prepaid,14,824.24,27.62,56,1,3,-9.9,0
C13676,Annaba,Prepaid,12,1744.01,7.98,34,0,2,34.5,0
C13677,Annaba,Prepaid,26,2193.96,1.8,61,0,2,-9.3,0
C13678,Batna,Prepaid,22,1729.17,3.19,51,0,3,31.7,0
C13679,Blida,Prepaid,27,2414.6,0.5,44,0,4,-20.0,0
C13680,Constantine,Prepaid,13,1847.01,11.18,61,2,4,17.4,0
C13681,Setif,Postpaid,29,1626.41,5.29,17,1,1,3.3,0
C13682,Annaba,Prepaid,12,1925.98,2.28,28,0,3,21.7,0
C13683,Tizi Ouzou,Postpaid,16,1806.63,4.59,29,1,1,65.4,0
C13684,Tizi Ouzou,Postpaid,4,1973.06,8.59,34,0,1,53.1,0
C13685,Tiaret,Prepaid,32,1052.67,39.27,57,2,4,46.8,1
C13686,Ouargla,Postpaid,34,3100.19,2.46,66,1,1,0.5,0
C13687,Oran,Prepaid,19,991.97,23.23,29,0,6,-17.0,0
C13688,Algiers,Prepaid,16,993.56,5.13,90,0,1,28.4,0
C13689,Ouargla,Prepaid,15,2174.55,17.03,56,1,1,-20.0,0
C13690,Biskra,Prepaid,41,1109.35,8.6,21,0,1,-0.6,0
C13691,Tlemcen,Postpaid,22,1889.94,3.2,59,1,1,3.0,0
C13692,Bejaia,Prepaid,29,1370.64,5.73,72,0,1,-20.0,0
C13693,Ouargla,Postpaid,22,3420.42,19.85,53,0,1,18.1,0
C13694,Tizi Ouzou,Prepaid,9,1382.32,48.43,48,2,1,-20.0,1
C13695,Tizi Ouzou,Postpaid,21,3042.21,9.23,22,1,1,6.2,0
C13696,Tizi Ouzou,Prepaid,4,2079.71,35.33,60,1,2,9.0,1
C13697,Algiers,Prepaid,15,974.98,0.5,51,0,2,29.7,0
C13698,Annaba,Prepaid,13,1340.69,28.25,34,0,4,13.3,0
C13699,Annaba,Postpaid,19,2030.58,50.07,40,1,1,-16.2,0
C13700,Oran,Prepaid,3,1553.25,3.88,76,0,6,14.3,0
C13701,Oran,Postpaid,34,3808.26,8.55,45,0,1,37.4,0
C13702,Bejaia,Prepaid,39,400.0,9.45,10,0,2,14.4,0
C13703,Algiers,Prepaid,5,978.94,17.16,74,0,4,2.1,0
C13704,Batna,Postpaid,8,2386.74,37.13,35,1,1,42.4,1
C13705,Bejaia,Prepaid,12,1129.95,4.44,71,2,6,45.8,1
C13706,Biskra,Prepaid,2,2397.79,12.5,46,0,4,18.5,0
C13707,Tiaret,Prepaid,46,1738.77,28.16,35,0,2,7.5,0
C13708,Ghardaia,Prepaid,9,1709.65,5.91,35,0,1,12.0,0
C13709,Algiers,Prepaid,9,1793.9,1.97,63,0,2,-12.7,0
C13710,Annaba,Prepaid,21,1104.0,6.1,64,0,2,3.7,0
C13711,Tiaret,Prepaid,32,1149.54,14.23,64,1,4,34.1,0
C13712,Algiers,Prepaid,1,1624.68,33.41,49,1,2,-20.0,0
C13713,Tlemcen,Postpaid,22,1777.74,12.84,64,1,1,-3.4,0
C13714,Batna,Prepaid,38,1455.46,13.91,48,1,4,33.6,0
C13715,Annaba,Prepaid,19,1060.63,5.4,53,0,2,7.0,0
C13716,Chlef,Prepaid,16,1545.54,7.42,73,1,3,24.3,0
C13717,Annaba,Prepaid,13,1790.0,19.53,53,1,3,51.1,0
C13718,Ouargla,Postpaid,23,2125.92,37.25,46,0,1,13.8,0
C13719,Ghardaia,Postpaid,20,2464.84,8.5,27,0,1,1.7,0
C13720,Ouargla,Prepaid,18,761.26,2.38,61,1,5,3.1,0
C13721,Algiers,Prepaid,49,1604.41,32.39,47,0,3,2.5,0
C13722,Constantine,Prepaid,20,1521.64,0.5,60,1,3,-9.1,0
C13723,Chlef,Prepaid,22,400.0,17.77,14,0,4,38.3,0
C13724,Setif,Postpaid,14,2949.96,18.04,31,1,1,49.9,0
C13725,Annaba,Prepaid,13,1865.05,3.15,51,0,3,25.4,0
C13726,Ghardaia,Prepaid,15,1043.6,4.82,38,1,4,23.3,0
C13727,Tizi Ouzou,Postpaid,19,1029.04,3.96,63,0,1,47.4,0
C13728,Tiaret,Prepaid,19,1076.85,47.42,49,0,1,-7.7,0
C13729,Bejaia,Postpaid,32,2561.18,4.34,93,1,2,45.2,0
C13730,Blida,Prepaid,23,1652.2,6.83,26,1,4,5.2,0
C13731,Bejaia,Postpaid,14,2881.82,66.93,27,0,1,71.4,0
C13732,Bejaia,Prepaid,14,1528.21,1.88,57,0,3,50.9,0
C13733,Ouargla,Prepaid,17,1489.23,6.12,50,1,1,24.2,0
C13734,Biskra,Prepaid,19,2326.98,20.56,14,2,3,18.1,0
C13735,Ghardaia,Prepaid,34,1267.02,0.5,45,0,4,38.3,0
C13736,Blida,Prepaid,13,972.76,4.1,78,1,4,-16.6,0
C13737,Annaba,Prepaid,6,1664.61,25.45,64,2,3,37.4,1
C13738,Setif,Prepaid,13,768.16,14.66,64,0,3,13.5,0
C13739,Tizi Ouzou,Postpaid,35,2377.45,13.52,17,0,1,9.0,0
C13740,Constantine,Prepaid,4,1700.14,5.84,3,2,3,-15.1,1
C13741,Biskra,Postpaid,48,1674.55,14.68,76,0,1,-15.3,0
C13742,Chlef,Prepaid,26,1955.29,5.48,38,0,3,-20.0,0
C13743,Annaba,Postpaid,14,1875.28,21.92,89,0,1,34.7,0
C13744,Tlemcen,Prepaid,5,1879.7,6.53,36,0,4,10.9,0
C13745,Setif,Postpaid,22,2844.61,7.58,11,0,1,-7.4,0
C13746,Setif,Prepaid,8,939.54,13.4,2,0,1,1.1,0
C13747,Algiers,Postpaid,8,2900.67,7.57,43,0,1,42.8,0
C13748,Chlef,Prepaid,15,1229.75,32.98,26,1,2,17.1,0
C13749,Bejaia,Prepaid,26,1582.83,21.8,43,0,2,20.4,0
C13750,Tizi Ouzou,Prepaid,39,1678.46,0.56,63,0,4,49.5,0
C13751,Tiaret,Prepaid,9,1159.74,14.46,30,1,2,9.1,1
C13752,Tizi Ouzou,Prepaid,33,1623.11,0.78,66,0,2,12.6,0
C13753,Constantine,Prepaid,10,730.14,23.58,44,0,3,28.3,0
C13754,Biskra,Prepaid,37,1356.01,0.83,51,0,4,28.7,0
C13755,Biskra,Prepaid,9,1255.7,11.35,37,3,3,19.9,1
C13756,Tlemcen,Prepaid,7,1420.88,0.9,23,1,3,18.9,1
C13757,Chlef,Postpaid,19,1945.09,10.83,45,0,1,24.0,0
C13758,Batna,Prepaid,12,2329.58,13.77,27,0,4,44.8,0
C13759,Algiers,Prepaid,13,999.36,20.12,49,0,2,36.9,0
C13760,Blida,Prepaid,25,1510.07,3.52,62,0,4,-12.0,0
C13761,Biskra,Prepaid,39,1594.77,16.28,24,1,1,22.7,0
C13762,Biskra,Prepaid,17,2341.86,12.83,72,0,4,85.0,0
C13763,Tlemcen,Prepaid,40,1184.98,20.34,67,1,3,35.8,0
C13764,Ouargla,Prepaid,5,1541.52,4.02,5,2,4,43.1,1
C13765,Chlef,Prepaid,10,830.89,12.35,61,1,3,-1.7,0
C13766,Blida,Prepaid,7,1924.91,2.04,64,1,3,69.9,1
C13767,Tiaret,Prepaid,14,1758.96,10.73,39,0,2,-6.3,0
C13768,Tlemcen,Prepaid,23,1263.23,7.17,51,0,4,19.2,0
C13769,Tlemcen,Prepaid,8,1226.73,12.07,42,0,1,40.4,0
C13770,Constantine,Prepaid,17,839.03,31.45,16,0,4,20.2,0
C13771,Setif,Prepaid,61,1308.14,7.65,70,0,4,45.8,0
C13772,Tlemcen,Prepaid,19,1493.23,6.51,47,0,2,16.9,0
C13773,Constantine,Prepaid,21,2117.07,7.43,58,0,4,3.0,0
C13774,Ouargla,Prepaid,16,2208.24,3.17,39,0,3,-17.0,0
C13775,Chlef,Prepaid,14,1967.36,11.47,82,2,5,-4.8,0
C13776,Batna,Prepaid,31,1376.42,8.45,58,0,2,3.6,0
C13777,Annaba,Prepaid,12,1908.16,37.71,55,1,4,24.6,0
C13778,Ghardaia,Prepaid,36,835.44,3.02,38,2,3,48.7,1
C13779,Annaba,Prepaid,24,1184.23,5.79,33,0,2,47.3,0
C13780,Setif,Prepaid,42,712.52,19.52,29,0,1,48.1,0
C13781,Ghardaia,Prepaid,23,1247.37,13.73,20,0,3,5.6,0
C13782,Tiaret,Prepaid,3,1697.78,5.9,37,0,3,85.0,1
C13783,Constantine,Prepaid,20,1175.9,2.37,16,1,1,9.6,0
C13784,Ouargla,Postpaid,2,2256.43,15.5,16,1,1,48.7,0
C13785,Batna,Postpaid,14,2594.78,22.49,14,0,1,18.5,0
C13786,Tizi Ouzou,Prepaid,12,2013.39,0.5,51,1,2,67.1,1
C13787,Algiers,Prepaid,13,2229.36,40.72,44,0,3,9.5,0
C13788,Chlef,Prepaid,19,1240.71,15.89,61,0,2,28.7,0
C13789,Tlemcen,Prepaid,39,1102.37,14.83,66,0,6,-8.6,0
C13790,Tlemcen,Postpaid,2,3011.46,2.54,18,0,1,-5.9,0
C13791,Chlef,Prepaid,19,2434.67,10.03,75,1,3,3.1,0
C13792,Chlef,Prepaid,10,1231.91,7.9,84,0,2,8.8,0
C13793,Constantine,Postpaid,20,2871.64,6.48,36,1,1,11.8,0
C13794,Tlemcen,Prepaid,17,987.11,13.44,33,4,3,-20.0,1
C13795,Annaba,Prepaid,22,950.43,38.9,33,0,2,-18.3,0
C13796,Setif,Prepaid,22,739.09,12.66,78,0,1,31.7,0
C13797,Annaba,Prepaid,3,1364.23,0.5,51,0,2,3.9,1
C13798,Blida,Prepaid,4,400.0,0.5,29,0,3,34.2,0
C13799,Biskra,Prepaid,2,510.05,11.75,39,0,4,33.3,0
C13800,Oran,Prepaid,14,837.42,0.98,52,0,3,38.0,0
C13801,Tizi Ouzou,Prepaid,7,746.36,9.49,55,0,4,-20.0,0
C13802,Batna,Prepaid,11,1520.08,1.24,28,0,5,37.4,1
C13803,Ghardaia,Prepaid,51,771.38,10.96,53,2,2,53.4,1
C13804,Blida,Prepaid,16,1498.0,12.06,27,0,2,28.2,0
C13805,Oran,Prepaid,11,1784.71,22.25,5,1,5,-20.0,1
C13806,Chlef,Postpaid,12,3407.75,26.12,30,1,1,-0.3,0
C13807,Tiaret,Prepaid,37,993.38,18.15,61,1,3,12.7,0
C13808,Ghardaia,Prepaid,21,1703.56,3.7,52,0,1,35.8,0
C13809,Annaba,Prepaid,7,835.57,25.86,25,0,3,36.4,0
C13810,Algiers,Postpaid,19,3246.92,13.9,75,0,1,-20.0,0
C13811,Setif,Prepaid,13,958.86,22.0,66,0,1,-19.2,0
C13812,Tlemcen,Postpaid,31,2817.68,3.4,42,0,1,18.4,0
C13813,Biskra,Prepaid,38,566.97,5.76,58,2,1,-16.6,0
C13814,Bejaia,Prepaid,16,2132.59,0.5,79,2,5,-2.6,0
C13815,Bejaia,Prepaid,14,1242.78,12.27,73,0,6,-0.8,0
C13816,Algiers,Prepaid,20,616.94,20.5,49,1,2,6.2,0
C13817,Ghardaia,Prepaid,24,1131.6,1.71,43,1,3,11.9,0
C13818,Oran,Prepaid,12,1241.55,9.14,16,0,2,35.2,0
C13819,Annaba,Postpaid,12,2357.62,5.25,55,0,1,1.4,0
C13820,Ouargla,Prepaid,25,1393.64,17.52,52,2,1,74.3,1
C13821,Ouargla,Postpaid,4,3070.87,9.78,70,1,1,16.7,0
C13822,Bejaia,Prepaid,23,1373.71,2.19,52,2,2,-0.3,0
C13823,Tiaret,Postpaid,9,1978.08,3.67,72,1,1,15.2,0
C13824,Biskra,Prepaid,14,715.19,9.85,32,0,2,-20.0,0
C13825,Chlef,Prepaid,10,1541.06,9.09,79,0,4,16.9,1
C13826,Annaba,Postpaid,21,1068.97,0.5,39,0,1,-20.0,0
C13827,Batna,Postpaid,21,3281.67,15.56,56,2,1,15.2,0
C13828,Annaba,Postpaid,12,1710.69,5.96,36,0,1,19.3,0
C13829,Ghardaia,Prepaid,9,2000.5,12.8,36,0,4,19.5,0
C13830,Tizi Ouzou,Prepaid,17,1698.54,11.96,30,0,1,-6.2,0
C13831,Blida,Prepaid,43,1566.71,28.44,22,1,2,36.3,0
C13832,Setif,Prepaid,3,1033.34,8.52,46,2,3,13.8,0
C13833,Tizi Ouzou,Prepaid,15,895.52,19.3,63,0,2,33.0,0
C13834,Algiers,Prepaid,21,1599.52,0.73,45,1,3,-15.3,0
C13835,Annaba,Prepaid,26,1363.55,27.15,73,0,4,28.7,0
C13836,Tizi Ouzou,Postpaid,11,2421.94,27.55,44,1,1,-20.0,0
C13837,Annaba,Prepaid,19,1160.8,14.99,19,0,2,12.6,0
C13838,Tiaret,Prepaid,48,1215.97,3.41,43,2,5,33.7,1
C13839,Oran,Prepaid,14,952.98,13.19,80,1,2,25.9,0
C13840,Tiaret,Prepaid,37,1705.85,9.16,62,1,1,39.6,1
C13841,Ouargla,Prepaid,44,1568.18,3.5,67,1,4,14.5,0
C13842,Batna,Prepaid,16,1550.46,6.3,77,0,4,14.0,0
C13843,Tizi Ouzou,Prepaid,26,1057.05,13.74,38,0,1,20.4,0
C13844,Annaba,Postpaid,30,2168.46,12.49,37,0,1,26.3,0
C13845,Tiaret,Prepaid,47,1164.28,0.5,32,0,2,-13.9,0
C13846,Bejaia,Prepaid,28,848.22,18.83,31,1,3,56.7,0
C13847,Tiaret,Prepaid,22,1808.74,24.74,34,0,3,-3.0,0
C13848,Annaba,Prepaid,6,1690.77,0.5,46,3,4,41.9,1
C13849,Tlemcen,Prepaid,16,828.12,31.0,80,1,1,27.5,0
C13850,Tizi Ouzou,Prepaid,16,973.97,3.56,49,0,2,-6.3,0
C13851,Annaba,Prepaid,36,1162.05,5.28,53,0,3,38.2,0
C13852,Chlef,Prepaid,21,1974.44,2.79,41,0,3,7.8,0
C13853,Blida,Prepaid,21,943.44,4.04,28,0,2,43.8,0
C13854,Ouargla,Postpaid,46,1821.21,5.29,57,0,1,27.7,0
C13855,Setif,Prepaid,9,1765.93,2.77,72,0,3,30.7,1
C13856,Tlemcen,Prepaid,12,2443.31,3.19,47,0,6,4.7,0
C13857,Batna,Prepaid,3,1579.51,9.45,32,1,3,34.5,1
C13858,Chlef,Prepaid,20,1509.51,26.0,9,1,2,-13.4,0
C13859,Biskra,Prepaid,4,1500.99,36.43,62,1,1,19.9,1
C13860,Blida,Prepaid,30,1001.08,4.85,69,1,3,-8.9,0
C13861,Setif,Prepaid,21,1210.76,2.46,26,1,3,-2.5,0
C13862,Setif,Prepaid,25,1283.71,47.89,39,1,2,-13.2,0
C13863,Blida,Prepaid,21,412.07,0.73,88,1,4,-11.0,0
C13864,Chlef,Prepaid,22,1965.57,18.63,31,0,3,-12.3,0
C13865,Tizi Ouzou,Postpaid,43,3016.38,9.88,31,1,1,-18.1,0
C13866,Batna,Prepaid,50,1432.14,5.33,40,1,1,21.2,0
C13867,Batna,Prepaid,5,987.3,16.28,22,0,5,16.2,0
C13868,Oran,Prepaid,32,1221.62,6.9,42,0,2,54.5,0
C13869,Ouargla,Prepaid,61,1162.33,37.08,46,0,1,15.9,0
C13870,Tiaret,Prepaid,2,1427.07,0.5,41,1,2,-20.0,1
C13871,Batna,Postpaid,34,2860.41,11.5,34,0,1,-2.2,0
C13872,Ouargla,Prepaid,11,1646.37,4.26,37,0,4,58.1,1
C13873,Ghardaia,Prepaid,11,1633.49,2.98,50,0,4,-20.0,0
C13874,Blida,Postpaid,18,2270.82,36.55,80,0,1,13.3,0
C13875,Tizi Ouzou,Postpaid,27,2490.27,8.67,63,0,1,-19.9,0
C13876,Annaba,Prepaid,13,1573.16,20.33,31,2,3,-4.1,0
C13877,Blida,Postpaid,30,1744.84,11.5,2,0,1,-20.0,0
C13878,Blida,Prepaid,11,2483.73,10.73,45,0,3,-1.4,0
C13879,Tlemcen,Prepaid,58,1254.74,56.53,40,0,4,46.4,0
C13880,Algiers,Prepaid,22,984.47,3.11,46,0,5,49.1,0
C13881,Bejaia,Prepaid,12,1768.59,4.24,65,0,4,-10.0,0
C13882,Ghardaia,Prepaid,8,400.0,22.69,57,0,2,44.4,1
C13883,Annaba,Prepaid,12,1223.42,13.72,51,0,5,9.0,0
C13884,Tiaret,Prepaid,29,1292.27,17.16,57,0,4,-6.0,0
C13885,Constantine,Prepaid,35,661.49,6.77,24,1,5,27.5,0
C13886,Algiers,Prepaid,19,1092.31,1.75,31,1,4,34.0,0
C13887,Setif,Postpaid,37,3694.12,7.11,25,0,1,61.9,0
C13888,Chlef,Prepaid,8,1788.64,4.06,53,0,4,5.9,0
C13889,Tizi Ouzou,Prepaid,23,1338.83,22.88,39,0,3,17.9,0
C13890,Bejaia,Prepaid,17,799.06,18.91,68,0,2,30.4,0
C13891,Bejaia,Prepaid,45,1067.25,27.7,120,0,3,30.4,0
C13892,Tiaret,Prepaid,43,1284.56,0.5,55,0,3,27.5,0
C13893,Tlemcen,Prepaid,15,1913.82,1.41,61,0,3,10.4,0
C13894,Setif,Prepaid,9,1242.52,64.38,30,0,5,47.9,1
C13895,Constantine,Prepaid,30,1693.39,1.75,31,0,3,10.1,0
C13896,Annaba,Prepaid,8,1791.37,47.97,57,0,6,20.6,0
C13897,Blida,Postpaid,44,2096.73,3.46,44,1,1,-20.0,0
C13898,Annaba,Prepaid,11,1190.86,1.41,39,2,1,23.9,1
C13899,Tlemcen,Postpaid,14,2619.57,0.5,88,0,1,13.3,0
C13900,Bejaia,Prepaid,13,2139.76,7.07,82,2,4,71.2,1
C13901,Ghardaia,Postpaid,6,3540.81,7.4,48,0,1,34.1,0
C13902,Annaba,Prepaid,39,1629.66,4.98,58,0,2,-20.0,0
C13903,Batna,Postpaid,7,2915.56,17.86,96,0,1,-20.0,0
C13904,Chlef,Prepaid,20,787.78,7.67,36,0,2,8.4,0
C13905,Biskra,Prepaid,25,1773.95,0.5,63,0,5,0.4,0
C13906,Biskra,Prepaid,37,567.67,15.64,14,0,2,-15.7,0
C13907,Blida,Postpaid,17,2349.07,38.1,6,0,1,8.6,0
C13908,Setif,Postpaid,6,3685.73,7.02,51,0,1,15.6,0
C13909,Ouargla,Prepaid,13,1832.58,3.31,40,1,3,10.4,0
C13910,Ghardaia,Prepaid,58,759.53,7.67,30,0,3,11.0,0
C13911,Batna,Prepaid,32,647.59,10.66,27,0,4,-13.6,0
C13912,Tiaret,Prepaid,29,1624.71,1.21,34,0,1,22.1,0
C13913,Biskra,Prepaid,30,1726.03,0.5,42,0,2,7.2,0
C13914,Tiaret,Prepaid,11,2262.25,13.57,19,1,4,19.1,1
C13915,Batna,Prepaid,17,2238.74,7.35,14,1,4,5.6,0
C13916,Batna,Prepaid,18,1249.7,9.55,19,3,2,39.4,1
C13917,Constantine,Prepaid,8,1615.5,18.12,87,0,6,-0.0,0
C13918,Tiaret,Prepaid,15,1397.17,5.5,30,2,2,-7.2,1
C13919,Ouargla,Prepaid,31,1007.11,9.69,58,0,1,-0.6,0
C13920,Blida,Prepaid,17,1944.72,0.5,58,1,4,-2.8,0
C13921,Constantine,Prepaid,15,1824.73,2.27,57,3,3,53.6,1
C13922,Constantine,Prepaid,34,1190.27,28.23,18,0,3,-9.8,0
C13923,Tiaret,Prepaid,12,1336.6,25.63,70,1,3,-18.9,0
C13924,Chlef,Prepaid,5,1514.19,7.55,63,0,4,-2.3,0
C13925,Batna,Prepaid,24,1071.13,0.91,26,0,3,49.7,0
C13926,Constantine,Prepaid,22,1757.32,18.52,30,0,4,-14.4,0
C13927,Tizi Ouzou,Prepaid,28,1756.45,3.0,57,0,1,21.4,0
C13928,Tizi Ouzou,Prepaid,28,1796.95,5.6,37,1,4,-18.4,0
C13929,Chlef,Prepaid,13,1072.72,42.99,64,0,2,21.6,0
C13930,Biskra,Prepaid,11,1924.63,4.19,70,1,4,12.7,1
C13931,Algiers,Postpaid,12,1684.58,42.4,32,1,1,-5.6,0
C13932,Chlef,Postpaid,35,1816.7,6.58,22,0,1,56.3,0
C13933,Algiers,Postpaid,1,2696.0,4.87,94,0,1,48.7,0
C13934,Ghardaia,Prepaid,17,1775.77,6.4,69,0,7,-20.0,0
C13935,Ghardaia,Prepaid,69,1735.79,25.21,26,1,5,42.2,0
C13936,Oran,Postpaid,22,3485.78,23.88,43,2,1,10.5,0
C13937,Ghardaia,Postpaid,11,3229.54,1.26,74,1,1,-4.0,0
C13938,Biskra,Postpaid,9,3541.54,2.33,61,0,1,-12.2,0
C13939,Algiers,Postpaid,3,1996.98,6.94,29,0,1,18.6,0
C13940,Ouargla,Postpaid,21,2938.49,2.93,65,1,1,15.2,0
C13941,Algiers,Prepaid,21,1299.08,0.5,49,0,3,19.4,0
C13942,Tlemcen,Postpaid,30,3416.72,19.8,24,0,1,57.9,0
C13943,Constantine,Prepaid,13,936.27,0.5,49,1,3,37.9,0
C13944,Ghardaia,Prepaid,9,1751.86,21.65,33,1,1,-17.2,0
C13945,Biskra,Prepaid,20,2036.12,5.71,59,0,4,31.0,0
C13946,Annaba,Prepaid,35,770.81,31.51,29,1,1,17.2,0
C13947,Oran,Prepaid,19,1066.16,17.7,2,0,3,11.4,0
C13948,Tiaret,Prepaid,17,1407.5,3.71,35,0,2,-0.7,0
C13949,Constantine,Postpaid,20,3181.74,7.91,32,0,1,5.9,0
C13950,Algiers,Prepaid,10,1392.25,13.33,15,1,4,28.8,1
C13951,Annaba,Prepaid,4,1742.69,16.75,84,0,4,-20.0,0
C13952,Chlef,Prepaid,4,1712.24,4.31,36,2,1,21.1,1
C13953,Batna,Postpaid,5,1880.35,5.84,21,1,1,-7.5,0
C13954,Blida,Prepaid,40,1967.57,12.02,29,0,2,-6.8,0
C13955,Algiers,Prepaid,8,2252.4,4.11,63,0,5,23.1,1
C13956,Bejaia,Prepaid,26,1532.51,0.5,20,0,5,-5.9,0
C13957,Biskra,Prepaid,11,1333.68,14.61,54,1,5,3.0,0
C13958,Biskra,Prepaid,13,1619.14,3.38,44,0,4,27.3,0
C13959,Tizi Ouzou,Postpaid,34,3462.94,2.0,80,0,1,-1.3,0
C13960,Bejaia,Prepaid,6,1859.67,9.05,6,0,2,21.3,1
C13961,Tizi Ouzou,Prepaid,17,400.0,24.59,63,0,4,-6.1,0
C13962,Batna,Postpaid,5,2568.21,8.65,40,0,1,11.4,0
C13963,Biskra,Prepaid,15,1678.09,5.66,62,1,2,65.1,1
C13964,Batna,Prepaid,23,1592.79,0.7,36,1,1,11.9,0
C13965,Algiers,Postpaid,17,2144.27,40.15,43,0,1,38.2,0
C13966,Algiers,Postpaid,14,2203.96,8.73,46,0,1,-1.5,0
C13967,Chlef,Prepaid,11,1673.8,14.51,2,0,1,9.2,0
C13968,Chlef,Prepaid,50,1038.03,0.5,42,1,4,6.8,0
C13969,Tlemcen,Prepaid,7,1422.55,20.22,63,0,3,17.2,0
C13970,Algiers,Postpaid,18,3206.14,4.61,31,1,1,20.1,0
C13971,Algiers,Prepaid,17,457.71,19.71,99,1,4,48.5,0
C13972,Chlef,Prepaid,5,2099.39,3.01,26,1,4,36.1,1
C13973,Tiaret,Postpaid,23,2743.87,5.1,25,0,1,-11.9,0
C13974,Setif,Prepaid,5,1552.33,10.57,38,0,4,30.2,0
C13975,Chlef,Postpaid,15,2552.36,8.86,38,0,1,9.8,0
C13976,Setif,Prepaid,12,1481.26,13.36,54,0,2,-6.9,0
C13977,Algiers,Postpaid,13,3091.86,6.17,67,0,1,-20.0,0
C13978,Chlef,Postpaid,8,3212.44,5.58,43,0,1,-15.6,0
C13979,Ghardaia,Prepaid,7,1016.22,6.86,30,0,3,32.8,0
C13980,Tiaret,Prepaid,5,1085.34,13.87,19,0,5,23.1,0
C13981,Biskra,Postpaid,10,1587.89,3.96,75,1,1,6.4,0
C13982,Tlemcen,Prepaid,8,1947.95,10.23,64,0,2,33.3,1
C13983,Ouargla,Prepaid,19,865.4,10.3,45,0,5,37.1,0
C13984,Tizi Ouzou,Prepaid,9,848.88,6.34,10,0,1,42.3,1
C13985,Constantine,Prepaid,5,1326.82,4.51,40,1,1,-0.9,1
C13986,Oran,Prepaid,18,638.34,24.23,30,0,1,27.1,0
C13987,Tizi Ouzou,Prepaid,7,923.79,11.13,35,0,3,22.8,0
C13988,Oran,Postpaid,23,1392.82,17.4,41,0,1,-5.7,0
C13989,Chlef,Postpaid,36,2473.75,9.84,67,0,1,1.4,0
C13990,Constantine,Prepaid,10,1280.94,32.94,41,0,2,36.3,1
C13991,Annaba,Postpaid,23,2995.99,50.77,67,1,1,61.2,0
C13992,Annaba,Prepaid,13,1537.06,27.33,37,0,2,2.9,0
C13993,Bejaia,Postpaid,15,2067.91,12.82,18,1,1,37.2,0
C13994,Chlef,Prepaid,9,2197.63,17.8,77,2,1,-17.1,0
C13995,Setif,Prepaid,34,993.7,1.93,38,0,2,-20.0,0
C13996,Ghardaia,Postpaid,9,1294.48,9.58,65,0,1,34.8,0
C13997,Blida,Prepaid,10,842.1,19.89,91,0,1,36.7,1
C13998,Setif,Postpaid,23,1801.32,2.79,44,1,1,-1.4,0
C13999,Ouargla,Prepaid,11,1058.14,15.82,28,0,3,32.7,0
C14000,Tlemcen,Postpaid,17,2788.45,7.06,10,0,1,-0.7,0
C14001,Oran,Prepaid,7,748.38,1.9,92,0,4,23.0,0
C14002,Blida,Prepaid,40,698.59,18.53,21,0,4,2.3,0
C14003,Tlemcen,Postpaid,8,2411.33,9.57,44,0,1,39.9,0
C14004,Batna,Prepaid,7,1616.48,19.46,33,0,2,8.1,1
C14005,Bejaia,Prepaid,44,1926.94,13.23,76,1,3,3.5,0
C14006,Annaba,Postpaid,29,2551.73,6.07,46,1,1,-1.6,0
C14007,Tiaret,Prepaid,16,1812.96,21.61,41,2,4,22.3,0
C14008,Annaba,Prepaid,15,1175.94,0.5,99,0,4,11.0,0
C14009,Setif,Postpaid,12,3071.8,64.2,48,0,1,70.2,0
C14010,Biskra,Prepaid,10,1109.38,26.42,54,1,4,-14.8,0
C14011,Ghardaia,Prepaid,40,2132.56,17.61,43,2,2,-7.9,0
C14012,Ghardaia,Prepaid,9,681.98,45.64,68,0,3,16.3,0
C14013,Oran,Postpaid,46,2763.96,3.15,56,0,1,48.4,0
C14014,Biskra,Postpaid,19,1804.72,4.59,68,2,1,-11.9,0
C14015,Ghardaia,Prepaid,20,1939.38,9.44,38,2,3,32.0,1
C14016,Biskra,Prepaid,10,809.56,22.2,47,1,3,14.5,1
C14017,Ouargla,Prepaid,36,400.0,8.33,33,0,1,-20.0,0
C14018,Algiers,Prepaid,11,884.46,26.79,70,1,3,7.2,0
C14019,Oran,Prepaid,8,1504.91,1.09,12,0,3,18.8,1
C14020,Tlemcen,Postpaid,34,1428.56,4.93,28,0,1,38.0,0
C14021,Tlemcen,Prepaid,30,1266.3,66.05,26,0,6,5.0,0
C14022,Tlemcen,Postpaid,29,2043.11,7.62,64,0,1,-5.4,0
C14023,Chlef,Prepaid,17,1700.57,14.84,48,1,3,-18.6,0
C14024,Batna,Prepaid,37,1011.92,2.55,2,0,2,26.8,0
C14025,Algiers,Prepaid,16,400.0,7.27,48,0,2,55.1,0
C14026,Biskra,Prepaid,9,1080.68,3.78,6,1,1,43.9,1
C14027,Algiers,Prepaid,18,1248.7,4.59,20,0,3,-20.0,0
C14028,Tiaret,Prepaid,10,1203.72,18.01,43,0,3,-20.0,0
C14029,Constantine,Prepaid,8,1746.0,0.74,52,0,3,-3.8,0
C14030,Oran,Prepaid,44,2022.6,19.04,21,0,4,12.0,0
C14031,Batna,Prepaid,17,2222.74,10.24,30,0,2,-20.0,0
C14032,Ghardaia,Prepaid,37,589.42,1.82,81,1,3,23.5,0
C14033,Tlemcen,Prepaid,6,709.94,7.36,4,0,1,14.7,0
C14034,Biskra,Prepaid,2,1992.04,1.53,65,1,1,1.1,1
C14035,Ouargla,Prepaid,23,1479.84,4.12,42,0,3,-0.4,0
C14036,Blida,Postpaid,7,2719.4,27.49,54,0,1,27.4,0
C14037,Bejaia,Prepaid,23,1514.35,26.49,37,0,5,-12.4,0
C14038,Ghardaia,Prepaid,20,1572.08,3.04,55,0,2,23.5,0
C14039,Oran,Prepaid,56,1977.78,40.59,41,0,4,17.2,0
C14040,Tizi Ouzou,Prepaid,19,2024.65,18.7,52,0,2,60.2,0
C14041,Chlef,Postpaid,21,1574.32,1.26,72,0,2,-20.0,0
C14042,Tizi Ouzou,Prepaid,14,2166.77,28.61,87,0,4,-10.9,0
C14043,Algiers,Postpaid,46,2219.62,5.43,24,0,1,24.3,0
C14044,Annaba,Prepaid,16,531.39,2.88,28,2,1,14.7,1
C14045,Annaba,Prepaid,11,1698.52,8.92,54,1,6,32.4,1
C14046,Tizi Ouzou,Prepaid,53,400.0,33.29,59,0,4,44.9,0
C14047,Ghardaia,Prepaid,21,1837.51,1.3,34,1,3,16.1,0
C14048,Tiaret,Prepaid,7,1378.49,12.88,15,1,4,7.6,1
C14049,Tizi Ouzou,Prepaid,8,1228.03,46.1,54,1,4,41.8,1
C14050,Bejaia,Prepaid,23,949.5,14.8,52,2,4,5.8,0
C14051,Batna,Prepaid,46,1318.53,11.13,30,0,2,1.7,0
C14052,Setif,Prepaid,18,1676.94,3.05,16,0,2,-20.0,0
C14053,Algiers,Prepaid,3,1125.81,14.63,11,0,5,3.8,0
C14054,Tizi Ouzou,Prepaid,65,720.92,20.4,39,0,5,40.1,0
C14055,Oran,Prepaid,26,1779.58,11.79,47,0,4,-4.7,0
C14056,Biskra,Postpaid,17,3551.24,33.1,82,0,1,19.9,0
C14057,Tizi Ouzou,Prepaid,14,1927.14,9.47,45,0,1,18.3,0
C14058,Setif,Postpaid,7,3035.37,3.83,29,0,1,41.7,0
C14059,Tizi Ouzou,Postpaid,7,3479.06,1.76,60,0,1,58.8,0
C14060,Chlef,Prepaid,47,1228.16,5.25,59,0,1,29.5,0
C14061,Bejaia,Prepaid,4,1177.09,5.81,42,2,3,-3.9,0
C14062,Biskra,Prepaid,7,2072.43,3.98,62,0,4,-20.0,0
C14063,Algiers,Prepaid,9,1742.54,10.46,62,0,1,4.7,0
C14064,Constantine,Prepaid,12,2349.89,13.59,58,1,3,2.0,0
C14065,Tizi Ouzou,Postpaid,23,3713.61,35.69,25,0,1,17.7,0
C14066,Ghardaia,Prepaid,1,1884.2,0.5,64,0,3,42.5,0
C14067,Blida,Prepaid,22,1515.72,3.35,50,0,3,30.3,0
C14068,Algiers,Prepaid,64,1237.3,13.03,33,0,3,-9.9,0
C14069,Annaba,Prepaid,12,842.46,49.59,77,2,3,-20.0,0
C14070,Bejaia,Prepaid,13,1346.68,5.6,59,1,3,65.0,0
C14071,Constantine,Prepaid,7,1613.15,22.8,56,0,1,3.1,0
C14072,Ouargla,Prepaid,11,1010.18,10.35,34,0,3,42.1,0
C14073,Ghardaia,Prepaid,32,1552.95,2.97,45,0,7,23.4,0
C14074,Tiaret,Prepaid,28,1815.96,5.89,44,0,6,-6.1,0
C14075,Ghardaia,Prepaid,50,2331.43,13.27,73,1,1,45.3,1
C14076,Tlemcen,Prepaid,27,2409.69,85.0,26,1,3,-0.6,0
C14077,Tizi Ouzou,Postpaid,15,2543.69,49.57,49,0,1,16.3,0
C14078,Oran,Prepaid,5,1203.29,19.04,95,0,3,8.8,0
C14079,Setif,Prepaid,43,1695.89,3.44,52,1,3,22.0,0
C14080,Constantine,Prepaid,35,1103.08,35.55,69,0,1,-14.9,0
C14081,Bejaia,Postpaid,33,2244.82,16.8,88,0,1,13.2,0
C14082,Annaba,Postpaid,8,3274.26,12.95,75,0,1,10.4,0
C14083,Bejaia,Prepaid,44,665.83,31.5,56,0,2,-4.5,0
C14084,Ghardaia,Prepaid,5,1637.66,17.5,12,1,3,37.5,1
C14085,Ghardaia,Prepaid,12,802.02,30.67,45,1,3,10.0,0
C14086,Tlemcen,Prepaid,27,2145.64,46.06,63,0,6,9.2,0
C14087,Biskra,Prepaid,36,1373.39,13.26,89,0,3,2.5,0
C14088,Tizi Ouzou,Postpaid,11,1427.76,7.39,21,0,1,9.3,0
C14089,Chlef,Prepaid,8,1904.87,10.56,66,0,3,21.6,0
C14090,Blida,Postpaid,7,2961.67,1.05,65,0,2,-4.3,0
C14091,Tlemcen,Prepaid,28,400.0,14.87,42,1,2,16.9,0
C14092,Ouargla,Prepaid,53,1503.71,23.59,56,0,4,5.7,0
C14093,Tiaret,Prepaid,33,1293.88,0.5,53,1,2,41.0,1
C14094,Constantine,Postpaid,65,2202.83,5.01,34,0,1,-8.3,0
C14095,Ouargla,Prepaid,13,400.0,3.99,55,0,4,24.2,0
C14096,Tiaret,Prepaid,22,2174.45,5.43,24,0,4,33.4,0
C14097,Tiaret,Prepaid,9,1463.68,7.26,27,0,2,38.8,1
C14098,Oran,Prepaid,7,1471.99,1.54,67,1,4,61.8,1
C14099,Chlef,Prepaid,59,1859.04,38.66,34,0,3,6.3,0
C14100,Tiaret,Prepaid,12,1171.02,7.0,33,1,2,-20.0,0
C14101,Blida,Prepaid,26,737.23,49.48,47,0,4,65.0,0
C14102,Algiers,Prepaid,19,2455.56,9.7,8,0,5,44.4,0
C14103,Oran,Prepaid,47,1006.12,28.61,32,2,3,23.4,0
C14104,Tlemcen,Postpaid,10,2681.16,18.87,2,0,1,34.1,0
C14105,Annaba,Prepaid,26,1673.23,8.48,51,0,2,-14.2,0
C14106,Ghardaia,Prepaid,10,1143.33,14.84,24,0,5,31.1,0
C14107,Oran,Postpaid,18,946.53,20.24,47,0,1,61.0,0
C14108,Blida,Prepaid,8,1709.44,11.47,53,0,4,0.4,0
C14109,Bejaia,Prepaid,24,1308.52,9.08,5,0,3,-6.1,0
C14110,Ouargla,Postpaid,59,1618.99,13.9,61,0,1,-20.0,0
C14111,Bejaia,Prepaid,11,1360.96,4.61,43,1,4,-7.2,0
C14112,Bejaia,Prepaid,2,939.57,0.56,54,0,6,31.4,1
C14113,Tlemcen,Postpaid,37,3023.09,0.5,27,0,1,-20.0,0
C14114,Ouargla,Prepaid,24,1414.21,4.1,59,1,4,-3.9,0
C14115,Blida,Prepaid,1,1380.21,24.34,2,0,4,11.3,0
C14116,Algiers,Prepaid,37,1839.34,26.77,36,0,1,13.4,0
C14117,Biskra,Prepaid,18,1383.78,5.06,66,0,2,-20.0,0
C14118,Setif,Prepaid,8,2285.11,25.59,38,0,3,39.9,0
C14119,Ouargla,Prepaid,30,418.55,0.74,48,0,3,76.2,1
C14120,Batna,Postpaid,46,3250.19,28.02,28,0,1,66.7,0
C14121,Batna,Prepaid,22,1082.28,3.86,2,0,5,-17.6,0
C14122,Annaba,Prepaid,34,1432.91,18.68,47,0,1,-7.4,0
C14123,Blida,Prepaid,6,1929.47,1.54,30,1,5,43.7,1
C14124,Chlef,Prepaid,4,932.12,21.65,70,0,4,-20.0,0
C14125,Tlemcen,Prepaid,5,1823.69,7.04,49,0,4,3.2,0
C14126,Tlemcen,Prepaid,10,1381.08,11.39,33,1,5,-20.0,1
C14127,Constantine,Prepaid,7,2071.86,9.08,39,0,4,-20.0,0
C14128,Biskra,Prepaid,10,1457.27,28.46,30,0,3,18.9,0
C14129,Bejaia,Postpaid,41,2492.23,27.68,53,2,1,17.4,0
C14130,Biskra,Prepaid,26,814.62,38.41,47,1,3,-0.2,0
C14131,Tlemcen,Postpaid,20,2620.66,7.59,11,0,1,-3.1,0
C14132,Oran,Prepaid,6,869.68,7.28,69,1,1,4.1,1
C14133,Ouargla,Prepaid,18,1144.47,15.05,2,0,2,0.4,0
C14134,Bejaia,Prepaid,36,1338.48,0.5,50,0,3,-20.0,0
C14135,Setif,Prepaid,27,2047.29,7.77,46,0,4,27.6,0
C14136,Ouargla,Prepaid,13,809.54,30.51,93,0,5,39.6,0
C14137,Annaba,Prepaid,12,739.88,3.74,42,1,2,27.9,1
C14138,Tiaret,Prepaid,6,1148.14,3.47,29,1,3,5.8,1
C14139,Oran,Postpaid,47,2882.13,24.17,46,1,1,13.4,0
C14140,Oran,Prepaid,11,1048.85,17.46,30,0,3,11.1,0
C14141,Setif,Postpaid,29,3279.96,0.69,60,0,1,8.3,0
C14142,Constantine,Prepaid,23,2102.32,2.32,59,0,4,-20.0,0
C14143,Tlemcen,Prepaid,8,2007.69,4.87,52,2,3,-0.6,1
C14144,Tiaret,Prepaid,31,1796.72,21.51,87,0,2,-1.3,0
C14145,Ouargla,Postpaid,9,2594.26,9.15,25,2,1,28.9,1
C14146,Biskra,Prepaid,20,1348.82,9.72,33,0,4,-0.3,0
C14147,Constantine,Prepaid,12,967.48,3.66,37,0,4,44.5,0
C14148,Tiaret,Prepaid,7,1252.1,1.65,44,0,3,40.4,1
C14149,Tlemcen,Prepaid,17,1346.95,20.28,43,0,3,-11.6,0
C14150,Blida,Postpaid,13,1799.01,11.4,35,0,1,13.0,0
C14151,Blida,Postpaid,13,2100.78,10.66,64,0,1,85.0,0
C14152,Oran,Prepaid,42,1220.12,9.21,65,1,4,7.6,0
C14153,Oran,Prepaid,20,2001.53,2.94,64,0,4,19.3,0
C14154,Algiers,Postpaid,12,1884.89,9.86,65,1,1,-8.2,0
C14155,Setif,Prepaid,20,1103.55,13.48,2,0,3,-20.0,0
C14156,Batna,Prepaid,15,629.54,4.39,105,0,4,13.4,0
C14157,Blida,Prepaid,22,484.85,44.35,86,1,1,6.3,0
C14158,Ouargla,Prepaid,12,1938.15,2.12,23,0,4,22.7,0
C14159,Setif,Prepaid,3,2197.19,5.81,49,0,5,11.6,0
C14160,Oran,Postpaid,36,3361.68,20.94,49,0,1,15.0,0
C14161,Constantine,Prepaid,36,1562.83,8.37,42,0,5,17.1,0
C14162,Oran,Postpaid,7,1983.23,0.5,40,0,1,23.8,0
C14163,Constantine,Prepaid,10,1334.15,5.47,87,0,5,49.9,1
C14164,Tlemcen,Prepaid,33,1506.22,5.58,38,0,4,30.7,0
C14165,Batna,Prepaid,12,1699.19,17.79,22,0,3,61.6,0
C14166,Chlef,Prepaid,7,1861.09,53.55,51,1,2,29.2,1
C14167,Chlef,Postpaid,18,3417.09,12.67,52,1,1,-2.9,0
C14168,Chlef,Postpaid,21,2557.81,15.11,53,1,1,31.8,0
C14169,Tlemcen,Prepaid,13,1265.94,11.33,57,0,2,-9.0,0
C14170,Oran,Prepaid,12,1433.67,16.45,60,1,4,-6.3,0
C14171,Algiers,Prepaid,25,1685.22,41.35,52,0,3,19.6,0
C14172,Oran,Prepaid,15,1417.71,14.65,75,1,5,-20.0,0
C14173,Blida,Prepaid,17,822.14,0.78,32,2,4,1.3,0
C14174,Chlef,Prepaid,24,1162.41,17.82,48,0,3,20.4,0
C14175,Oran,Prepaid,5,1055.38,15.92,23,0,6,31.5,0
C14176,Bejaia,Prepaid,15,2067.18,3.49,33,0,2,28.7,0
C14177,Bejaia,Postpaid,7,2592.6,26.77,36,0,1,19.3,0
C14178,Ouargla,Prepaid,19,1518.66,23.38,18,1,1,-1.8,0
C14179,Blida,Prepaid,23,1849.04,9.85,90,0,3,22.6,0
C14180,Ghardaia,Prepaid,10,1476.75,32.24,79,2,5,-20.0,1
C14181,Tlemcen,Prepaid,8,2066.49,12.33,85,3,3,30.7,1
C14182,Algiers,Prepaid,28,1382.85,23.32,51,0,5,22.0,0
C14183,Setif,Postpaid,21,2793.36,48.35,47,1,1,29.6,0
C14184,Tlemcen,Prepaid,13,2391.45,1.73,24,1,3,-15.2,0
C14185,Tlemcen,Prepaid,35,1306.48,6.31,31,0,4,39.8,0
C14186,Ouargla,Prepaid,8,1056.45,3.9,49,0,2,51.7,1
C14187,Oran,Prepaid,29,1568.31,0.5,37,0,1,3.6,0
C14188,Tiaret,Postpaid,11,3037.54,15.42,68,1,1,50.6,0
C14189,Tizi Ouzou,Prepaid,8,1841.13,7.43,7,0,3,-20.0,0
C14190,Chlef,Prepaid,36,2310.99,30.74,47,0,6,39.1,0
C14191,Tizi Ouzou,Prepaid,16,1723.98,14.33,20,0,3,52.0,0
C14192,Annaba,Prepaid,32,2223.24,17.47,63,0,3,21.9,0
C14193,Bejaia,Prepaid,16,2343.43,17.07,53,0,2,-7.9,0
C14194,Chlef,Prepaid,10,1200.78,4.3,63,0,3,-8.5,0
C14195,Constantine,Prepaid,14,2215.77,10.24,90,1,3,54.6,1
C14196,Biskra,Prepaid,28,1982.01,29.23,37,1,5,40.3,0
C14197,Tlemcen,Prepaid,16,491.08,6.69,88,0,4,46.1,0
C14198,Constantine,Postpaid,16,2322.85,30.05,60,0,1,12.7,0
C14199,Constantine,Postpaid,10,1993.61,8.73,38,1,1,60.9,0
C14200,Setif,Prepaid,22,1029.79,0.63,42,0,2,-14.7,0
C14201,Setif,Prepaid,4,639.19,7.01,52,1,6,17.5,0
C14202,Setif,Prepaid,60,1836.48,0.64,64,0,4,28.3,0
C14203,Batna,Prepaid,10,1611.0,38.53,30,0,3,-20.0,0
C14204,Constantine,Prepaid,8,1406.74,3.23,74,0,5,14.9,0
C14205,Oran,Prepaid,15,1687.73,10.8,37,0,7,37.1,0
C14206,Constantine,Postpaid,26,2622.17,1.86,19,0,1,18.5,0
C14207,Tlemcen,Postpaid,36,2674.94,6.31,59,0,1,19.2,0
C14208,Setif,Prepaid,29,1651.2,20.81,26,2,1,48.1,1
C14209,Tlemcen,Postpaid,22,3245.98,3.92,62,1,1,-15.7,0
C14210,Setif,Prepaid,11,951.17,1.09,69,1,3,-20.0,1
C14211,Batna,Postpaid,35,2934.7,15.34,27,0,1,7.1,0
C14212,Ouargla,Postpaid,15,3256.36,8.09,18,1,1,-20.0,0
C14213,Oran,Prepaid,12,530.67,4.13,98,0,1,13.9,0
C14214,Blida,Postpaid,20,2163.6,16.25,21,1,1,-20.0,0
C14215,Setif,Prepaid,14,1159.24,4.32,75,0,1,31.1,0
C14216,Annaba,Postpaid,8,2644.31,13.57,99,0,1,47.4,0
C14217,Tiaret,Prepaid,49,1680.26,5.88,64,1,5,22.7,0
C14218,Biskra,Postpaid,7,2890.81,1.35,3,0,1,28.5,0
C14219,Batna,Prepaid,12,1901.28,10.32,45,0,4,7.7,0
C14220,Bejaia,Postpaid,49,3004.07,35.58,71,0,1,7.2,0
C14221,Bejaia,Prepaid,13,1330.84,9.44,64,0,1,-18.5,0
C14222,Annaba,Prepaid,4,958.25,5.06,59,0,3,-20.0,0
C14223,Batna,Prepaid,11,1117.54,1.82,67,0,3,-20.0,0
C14224,Oran,Prepaid,27,808.71,2.52,59,1,3,-4.7,0
C14225,Constantine,Prepaid,7,1356.6,5.66,32,0,5,-2.2,0
C14226,Setif,Postpaid,2,2019.21,1.73,28,0,1,36.2,0
C14227,Algiers,Prepaid,13,1159.91,43.31,20,1,3,15.8,0
C14228,Tlemcen,Prepaid,19,1618.38,30.98,62,1,5,47.7,0
C14229,Blida,Prepaid,16,400.0,5.64,40,0,4,1.9,0
C14230,Ghardaia,Prepaid,18,1509.02,25.44,60,0,4,61.2,0
C14231,Bejaia,Prepaid,3,2058.76,5.27,80,1,2,15.7,1
C14232,Tlemcen,Postpaid,30,1856.79,29.78,42,0,1,34.0,0
C14233,Ouargla,Prepaid,12,1273.09,6.06,67,0,3,34.0,0
C14234,Ghardaia,Prepaid,4,1310.43,11.56,69,1,3,-13.6,0
C14235,Blida,Prepaid,28,1298.82,6.71,44,0,3,-2.7,0
C14236,Batna,Prepaid,28,1439.38,5.54,31,0,3,22.4,0
C14237,Blida,Postpaid,28,3095.73,2.24,32,0,1,39.4,0
C14238,Tlemcen,Prepaid,53,1647.22,8.57,61,2,4,16.1,0
C14239,Ghardaia,Postpaid,18,2718.43,15.42,20,0,1,34.7,0
C14240,Ghardaia,Prepaid,33,2223.91,19.1,59,0,3,33.4,0
C14241,Ghardaia,Prepaid,10,1558.14,27.58,55,0,2,35.2,0
C14242,Biskra,Prepaid,28,1525.63,6.56,41,0,4,43.0,0
C14243,Bejaia,Prepaid,24,1704.96,6.09,42,0,4,8.3,0
C14244,Constantine,Prepaid,31,1741.8,17.81,59,2,5,-20.0,0
C14245,Setif,Prepaid,48,420.64,8.9,30,0,4,26.0,0
C14246,Blida,Prepaid,35,1469.2,27.36,40,1,5,57.7,0
C14247,Bejaia,Prepaid,44,1739.16,10.92,31,1,3,29.2,0
C14248,Tiaret,Postpaid,19,2638.28,40.85,48,0,1,2.6,0
C14249,Annaba,Prepaid,5,1496.92,28.16,54,2,1,26.3,1
C14250,Batna,Prepaid,30,1710.72,0.58,60,0,4,36.6,0
C14251,Blida,Postpaid,34,2965.13,17.07,58,0,1,45.6,0
C14252,Constantine,Prepaid,17,1760.91,8.25,58,0,4,20.2,0
C14253,Tlemcen,Prepaid,10,1311.28,31.13,43,1,2,12.6,1
C14254,Blida,Prepaid,38,1591.84,18.67,52,0,1,10.5,0
C14255,Setif,Prepaid,15,573.67,9.75,76,0,1,2.9,0
C14256,Tiaret,Prepaid,31,844.0,29.06,42,0,4,21.5,0
C14257,Tiaret,Prepaid,13,1941.15,15.11,63,0,5,22.5,0
C14258,Biskra,Prepaid,1,1188.66,8.71,29,1,2,-7.8,1
C14259,Batna,Postpaid,9,2770.85,33.0,64,0,1,14.8,0
C14260,Bejaia,Prepaid,26,1547.86,71.6,99,0,4,42.5,0
C14261,Ouargla,Postpaid,6,2816.6,14.62,60,2,1,58.3,1
C14262,Annaba,Prepaid,14,1430.07,3.77,2,0,4,55.9,0
C14263,Blida,Prepaid,34,400.0,14.22,30,1,3,-3.8,0
C14264,Tlemcen,Prepaid,23,1167.51,2.74,28,0,1,-3.7,0
C14265,Setif,Prepaid,5,1894.44,7.47,95,0,3,33.2,0
C14266,Ghardaia,Prepaid,38,1107.05,22.29,84,0,2,24.3,0
C14267,Ouargla,Prepaid,9,1534.54,17.64,33,0,3,30.6,0
C14268,Tlemcen,Prepaid,21,1001.51,3.61,2,1,6,18.4,0
C14269,Blida,Prepaid,18,2387.67,25.08,30,0,2,5.3,0
C14270,Oran,Prepaid,18,1444.39,4.74,42,1,3,27.7,0
C14271,Tizi Ouzou,Postpaid,12,2987.22,7.85,28,1,1,46.1,0
C14272,Bejaia,Prepaid,29,798.74,1.77,68,2,4,20.9,0
C14273,Annaba,Postpaid,17,2486.2,35.46,79,0,1,-5.2,0
C14274,Bejaia,Prepaid,6,1198.61,4.87,32,0,5,7.6,0
C14275,Chlef,Prepaid,22,690.73,31.19,44,0,2,-15.4,0
C14276,Constantine,Prepaid,1,1232.78,5.25,51,1,2,-13.2,1
C14277,Biskra,Postpaid,2,1669.78,16.94,83,0,1,-14.5,0
C14278,Ouargla,Prepaid,70,2008.47,9.57,44,0,2,21.1,0
C14279,Chlef,Prepaid,11,1497.53,9.64,39,1,4,22.8,1
C14280,Algiers,Prepaid,13,1303.08,19.39,61,0,4,2.4,0
C14281,Tiaret,Postpaid,15,1949.69,33.78,69,2,1,14.6,0
C14282,Batna,Postpaid,18,2618.44,17.42,27,1,1,46.5,0
C14283,Tiaret,Prepaid,42,400.0,11.05,24,0,3,50.8,0
C14284,Annaba,Prepaid,34,1794.85,3.27,29,0,6,21.8,0
C14285,Batna,Prepaid,48,1090.44,10.8,61,1,1,27.1,0
C14286,Ouargla,Prepaid,3,1438.29,0.66,44,2,5,22.8,1
C14287,Setif,Prepaid,28,1280.99,4.36,42,0,3,8.7,0
C14288,Ghardaia,Prepaid,26,400.0,39.77,28,3,5,45.9,1
C14289,Tiaret,Prepaid,25,687.43,1.19,85,0,2,18.1,0
C14290,Oran,Prepaid,6,899.12,12.92,56,0,1,0.8,0
C14291,Ghardaia,Postpaid,19,3001.87,14.14,58,0,1,23.7,0
C14292,Ghardaia,Prepaid,29,2398.94,19.91,56,2,1,17.1,0
C14293,Ouargla,Prepaid,19,2008.41,28.8,55,0,4,-20.0,0
C14294,Ouargla,Prepaid,33,1389.48,5.88,56,0,3,26.4,0
C14295,Tlemcen,Prepaid,19,1094.27,9.71,81,0,3,-9.4,0
C14296,Biskra,Prepaid,25,1597.82,8.5,4,0,2,30.8,0
C14297,Batna,Postpaid,17,2109.61,34.25,49,1,1,-10.9,0
C14298,Constantine,Postpaid,25,2818.8,0.5,17,0,1,16.0,0
C14299,Biskra,Prepaid,26,1197.4,12.35,74,0,3,-20.0,0
C14300,Setif,Prepaid,31,1528.94,34.61,33,0,1,-14.7,0
C14301,Annaba,Prepaid,11,1351.33,13.33,67,0,2,33.7,1
C14302,Setif,Prepaid,12,1580.91,1.83,60,0,2,6.1,0
C14303,Biskra,Prepaid,7,724.7,14.32,36,0,5,58.6,0
C14304,Constantine,Prepaid,11,1450.91,9.43,22,0,2,-6.1,0
C14305,Tiaret,Prepaid,23,1083.41,17.89,79,0,2,-10.0,0
C14306,Tlemcen,Prepaid,21,2179.73,8.64,18,0,4,-20.0,0
C14307,Ouargla,Prepaid,24,2299.84,26.22,34,0,3,44.7,0
C14308,Tlemcen,Prepaid,22,1295.6,2.3,102,0,3,58.4,0
C14309,Oran,Prepaid,23,2338.28,8.55,60,0,2,-20.0,0
C14310,Batna,Prepaid,37,2095.86,5.99,50,1,3,85.0,1
C14311,Bejaia,Postpaid,72,1639.4,20.66,63,0,1,36.4,0
C14312,Batna,Prepaid,9,1284.89,3.21,78,0,4,17.9,0
C14313,Bejaia,Postpaid,27,1979.08,1.55,84,1,1,-18.1,0
C14314,Tlemcen,Prepaid,34,1040.85,9.45,49,0,3,46.4,0
C14315,Chlef,Prepaid,23,1861.21,8.34,59,0,2,19.7,0
C14316,Chlef,Postpaid,20,1701.87,23.28,36,1,1,52.3,0
C14317,Tizi Ouzou,Prepaid,25,1734.95,12.02,63,1,2,41.1,0
C14318,Tizi Ouzou,Prepaid,14,1910.75,8.09,57,0,3,13.7,0
C14319,Ghardaia,Postpaid,33,2782.88,0.89,15,1,1,5.7,0
C14320,Tiaret,Prepaid,7,2420.82,5.94,65,0,1,25.7,0
C14321,Tlemcen,Postpaid,24,3293.82,41.6,2,1,1,47.5,0
C14322,Chlef,Postpaid,20,2230.13,5.64,34,1,1,40.1,0
C14323,Algiers,Prepaid,11,1486.88,15.5,51,0,2,-12.0,0
C14324,Ouargla,Prepaid,24,718.09,23.81,69,0,1,70.1,1
C14325,Blida,Prepaid,57,1730.17,44.0,44,1,2,16.4,0
C14326,Tiaret,Prepaid,35,2161.78,9.65,46,0,2,29.1,0
C14327,Tizi Ouzou,Prepaid,9,1607.63,24.75,44,0,2,55.0,1
C14328,Ouargla,Postpaid,7,2380.74,1.44,40,0,1,45.9,1
C14329,Chlef,Prepaid,2,1214.45,1.56,55,0,1,25.9,1
C14330,Bejaia,Prepaid,4,1615.97,0.68,38,0,4,55.1,0
C14331,Biskra,Postpaid,30,3140.32,0.5,65,1,1,-16.5,0
C14332,Tizi Ouzou,Prepaid,25,2275.67,1.7,70,1,4,-7.1,0
C14333,Oran,Prepaid,7,1667.5,17.13,55,0,3,21.4,0
C14334,Oran,Prepaid,14,1344.1,5.9,25,1,2,23.5,0
C14335,Ouargla,Prepaid,17,957.19,29.8,40,0,1,16.0,0
C14336,Annaba,Postpaid,8,2833.78,21.94,45,0,1,-13.5,0
C14337,Biskra,Prepaid,9,1462.01,1.26,23,0,3,-12.3,0
C14338,Biskra,Prepaid,20,1685.79,12.45,59,0,3,-2.1,0
C14339,Blida,Prepaid,41,1717.49,22.22,84,0,2,19.0,0
C14340,Constantine,Postpaid,17,2925.22,0.82,57,0,1,0.9,0
C14341,Biskra,Prepaid,9,2449.43,1.13,26,0,2,-20.0,0
C14342,Bejaia,Prepaid,4,1454.57,9.55,11,2,3,35.9,1
C14343,Algiers,Postpaid,25,2884.38,9.89,64,2,1,16.4,0
C14344,Bejaia,Prepaid,6,642.78,21.49,13,0,4,35.8,1
C14345,Biskra,Prepaid,28,1212.97,35.42,19,0,5,6.6,0
C14346,Biskra,Prepaid,17,1207.48,5.99,42,1,1,-16.9,0
C14347,Biskra,Prepaid,48,1616.23,19.93,70,0,2,24.0,0
C14348,Tlemcen,Prepaid,12,639.65,5.93,66,0,5,-3.1,0
C14349,Ouargla,Prepaid,63,1645.87,21.36,54,0,2,-9.7,0
C14350,Blida,Prepaid,12,1979.61,1.01,76,0,6,14.1,0
C14351,Ouargla,Postpaid,38,2264.41,6.14,72,1,1,3.5,0
C14352,Tlemcen,Prepaid,20,788.41,18.64,8,0,2,-1.3,0
C14353,Oran,Prepaid,4,1983.85,0.89,32,0,2,10.6,0
C14354,Algiers,Prepaid,10,1759.88,6.49,59,2,2,62.5,1
C14355,Oran,Prepaid,30,1855.21,0.98,79,0,5,2.2,0
C14356,Setif,Prepaid,23,865.79,11.27,18,0,1,0.4,0
C14357,Annaba,Prepaid,22,527.26,11.67,41,0,1,-18.3,0
C14358,Chlef,Prepaid,19,1624.66,18.22,39,0,2,67.9,0
C14359,Tiaret,Postpaid,55,2438.55,1.98,74,1,1,14.4,0
C14360,Chlef,Prepaid,9,1021.53,11.31,18,0,1,6.4,0
C14361,Chlef,Prepaid,54,1411.34,6.13,36,1,3,30.4,0
C14362,Bejaia,Postpaid,30,2737.85,51.3,35,1,1,8.4,0
C14363,Tiaret,Prepaid,29,926.66,19.53,40,2,3,-1.5,0
C14364,Bejaia,Prepaid,7,1606.49,12.28,79,0,2,41.8,1
C14365,Annaba,Prepaid,9,1559.62,77.18,15,0,5,8.9,0
C14366,Batna,Prepaid,17,1198.43,6.42,22,1,3,15.7,0
C14367,Blida,Postpaid,46,2002.04,1.32,63,0,1,69.1,0
C14368,Tlemcen,Prepaid,36,1880.84,2.55,48,0,3,34.0,0
C14369,Batna,Prepaid,2,1343.65,21.73,70,0,6,30.7,0
C14370,Ouargla,Prepaid,7,1501.11,16.38,68,0,3,20.0,0
C14371,Biskra,Prepaid,4,916.86,1.35,36,0,1,-20.0,1
C14372,Bejaia,Postpaid,20,900.0,6.32,112,1,2,-17.2,0
C14373,Tiaret,Prepaid,13,2004.56,16.54,50,0,4,12.6,0
C14374,Chlef,Postpaid,19,2335.27,8.94,63,0,1,48.7,0
C14375,Constantine,Prepaid,10,1017.37,1.27,57,2,4,80.9,1
C14376,Blida,Prepaid,17,2608.86,18.87,46,0,3,6.4,0
C14377,Algiers,Prepaid,13,1608.81,2.96,55,0,3,22.1,0
C14378,Batna,Prepaid,15,1890.87,2.66,8,0,3,1.4,0
C14379,Oran,Prepaid,16,1117.19,20.04,64,2,5,67.1,1
C14380,Setif,Prepaid,7,835.59,3.98,2,0,4,10.6,1
C14381,Tlemcen,Prepaid,29,1229.04,6.87,61,1,3,4.4,0
C14382,Tizi Ouzou,Postpaid,26,2513.08,3.08,52,0,1,62.2,0
C14383,Oran,Postpaid,28,2780.25,3.27,42,0,1,47.5,0
C14384,Oran,Prepaid,2,2232.59,0.5,70,1,3,27.1,1
C14385,Ghardaia,Prepaid,70,1437.69,18.51,66,1,4,35.6,0
C14386,Tiaret,Postpaid,38,900.0,12.63,73,0,1,2.7,0
C14387,Constantine,Postpaid,13,2825.46,19.8,57,1,1,20.0,0
C14388,Blida,Prepaid,7,1008.25,28.48,62,0,2,7.5,0
C14389,Setif,Postpaid,8,3631.3,61.55,82,1,1,-8.2,0
C14390,Blida,Postpaid,8,2598.72,8.64,44,1,1,37.8,0
C14391,Batna,Prepaid,27,1260.85,1.03,33,0,5,15.6,0
C14392,Ouargla,Prepaid,15,400.0,5.0,52,0,3,-20.0,0
C14393,Annaba,Prepaid,14,2122.53,5.93,58,0,1,14.4,0
C14394,Chlef,Prepaid,10,2028.24,37.63,66,0,4,-11.5,0
C14395,Batna,Prepaid,22,2024.22,3.72,47,0,2,64.9,1
C14396,Blida,Postpaid,13,3002.07,4.7,74,0,1,4.4,0
C14397,Batna,Prepaid,32,2522.71,8.38,10,2,4,8.8,0
C14398,Oran,Prepaid,9,2329.3,1.5,51,0,2,37.1,1
C14399,Batna,Prepaid,14,2069.62,3.18,24,0,2,14.5,0
C14400,Tiaret,Postpaid,3,3236.93,30.35,53,0,1,-9.9,0
C14401,Tiaret,Prepaid,4,1014.44,0.95,28,0,5,-7.6,0
C14402,Batna,Postpaid,3,1472.01,0.5,36,0,1,14.7,0
C14403,Blida,Prepaid,10,1235.9,48.49,35,1,3,-5.4,1
C14404,Oran,Prepaid,13,1954.94,7.24,53,1,4,15.9,0
C14405,Setif,Prepaid,10,2061.06,6.41,29,1,2,-20.0,0
C14406,Algiers,Prepaid,44,1559.24,22.31,61,0,3,54.3,0
C14407,Ouargla,Prepaid,6,542.54,30.47,52,1,4,31.4,1
C14408,Tiaret,Postpaid,7,2439.77,60.41,33,1,1,46.6,0
C14409,Oran,Prepaid,16,1569.19,7.8,72,2,3,-19.9,0
C14410,Algiers,Prepaid,40,549.05,16.64,59,1,1,12.2,0
C14411,Ghardaia,Prepaid,38,1350.65,2.3,29,1,2,30.6,1
C14412,Blida,Prepaid,38,1035.05,8.85,52,0,4,1.6,0
C14413,Biskra,Prepaid,35,1391.06,35.11,57,0,5,35.3,0
C14414,Oran,Prepaid,16,1353.79,36.08,70,1,3,48.7,1
C14415,Biskra,Prepaid,24,1148.15,3.15,66,0,3,10.4,0
C14416,Ouargla,Prepaid,19,1648.26,26.0,79,0,4,-3.3,0
C14417,Constantine,Prepaid,13,1295.77,3.99,45,0,5,-3.7,0
C14418,Tizi Ouzou,Prepaid,16,1068.04,25.56,31,0,2,56.8,0
C14419,Tiaret,Prepaid,25,1393.01,4.61,31,0,4,0.1,0
C14420,Annaba,Prepaid,12,977.56,39.46,85,1,2,17.6,1
C14421,Chlef,Prepaid,36,1118.07,0.5,29,0,5,6.9,0
C14422,Constantine,Postpaid,10,2421.22,1.53,37,0,1,47.4,0
C14423,Chlef,Prepaid,30,1280.67,29.45,75,1,4,51.8,0
C14424,Constantine,Prepaid,8,1399.22,7.23,33,1,5,38.2,1
C14425,Blida,Prepaid,8,896.36,11.54,49,0,6,19.9,1
C14426,Chlef,Prepaid,4,2347.65,6.8,46,1,4,-20.0,0
C14427,Tlemcen,Prepaid,16,1385.35,36.18,71,0,2,32.2,0
C14428,Batna,Postpaid,6,2517.58,25.18,89,0,1,-20.0,0
C14429,Annaba,Prepaid,29,1520.78,33.43,35,0,2,-1.7,0
C14430,Ouargla,Prepaid,8,1650.15,0.5,52,0,2,49.2,1
C14431,Tlemcen,Prepaid,60,2413.07,4.44,59,0,3,28.0,0
C14432,Biskra,Prepaid,28,1412.09,34.34,67,0,3,63.9,0
C14433,Constantine,Prepaid,15,2367.13,2.99,25,0,3,-20.0,0
C14434,Constantine,Prepaid,25,2069.76,64.18,66,1,7,21.2,0
C14435,Biskra,Prepaid,14,1267.86,19.41,26,0,5,43.3,0
C14436,Biskra,Prepaid,33,1878.95,46.01,48,1,2,32.0,0
C14437,Tlemcen,Postpaid,34,2769.46,3.85,23,0,1,0.7,0
C14438,Tlemcen,Postpaid,11,2414.13,9.74,43,0,1,26.3,0
C14439,Algiers,Postpaid,24,2586.24,6.33,61,0,1,35.6,0
C14440,Tiaret,Prepaid,13,2460.78,3.22,59,0,1,8.7,0
C14441,Bejaia,Prepaid,15,1022.1,11.52,58,0,2,22.7,0
C14442,Tizi Ouzou,Prepaid,6,1193.25,14.34,21,1,2,45.2,1
C14443,Annaba,Postpaid,27,2553.34,30.16,79,0,1,6.9,0
C14444,Batna,Postpaid,8,2566.69,7.04,64,1,1,-9.1,0
C14445,Bejaia,Prepaid,13,1257.62,0.58,72,0,4,44.3,0
C14446,Tlemcen,Postpaid,31,2143.83,15.89,34,0,1,48.9,0
C14447,Tlemcen,Postpaid,14,2725.81,15.51,64,2,1,-20.0,0
C14448,Algiers,Prepaid,23,1389.81,1.18,12,0,6,47.4,0
C14449,Tiaret,Postpaid,8,1827.75,1.75,47,0,1,-13.6,0
C14450,Annaba,Prepaid,8,1011.13,18.47,40,0,5,43.4,0
C14451,Annaba,Prepaid,15,1187.02,11.27,39,0,3,33.9,0
C14452,Setif,Prepaid,30,2013.74,14.35,26,1,2,27.8,0
C14453,Ouargla,Prepaid,17,1025.36,8.73,43,1,3,30.9,0
C14454,Tiaret,Prepaid,32,659.54,5.92,33,1,1,11.2,0
C14455,Ouargla,Prepaid,16,1477.84,2.33,63,0,1,28.9,0
C14456,Ouargla,Prepaid,44,1297.37,11.74,30,1,2,46.6,1
C14457,Oran,Prepaid,15,1523.6,46.06,31,0,1,40.8,0
C14458,Bejaia,Prepaid,17,1623.32,5.94,77,1,5,2.9,0
C14459,Oran,Prepaid,42,1961.37,13.46,56,1,2,41.8,1
C14460,Ouargla,Prepaid,15,1607.96,36.84,27,0,1,-20.0,0
C14461,Ghardaia,Postpaid,21,3566.44,7.1,56,0,1,30.0,0
C14462,Chlef,Postpaid,22,2097.73,16.27,69,0,1,55.1,0
C14463,Constantine,Postpaid,35,2070.19,8.35,73,1,1,53.0,0
C14464,Blida,Prepaid,15,1460.93,4.71,3,1,5,31.9,0
C14465,Blida,Prepaid,31,1095.15,48.89,69,1,2,67.0,1
C14466,Annaba,Prepaid,19,1589.9,8.43,65,1,3,-20.0,0
C14467,Batna,Prepaid,51,1963.09,11.55,99,0,2,23.6,0
C14468,Oran,Prepaid,11,805.22,0.5,37,0,3,-1.4,0
C14469,Setif,Prepaid,1,1333.41,3.47,69,1,2,-9.7,1
C14470,Biskra,Prepaid,13,1924.46,21.14,102,0,1,10.6,0
C14471,Ghardaia,Postpaid,8,3674.01,14.97,5,1,1,47.7,0
C14472,Batna,Postpaid,18,3147.2,18.48,32,0,1,41.2,0
C14473,Chlef,Prepaid,14,1680.86,28.7,61,0,4,-14.1,0
C14474,Biskra,Prepaid,42,1741.91,10.23,45,2,4,60.3,0
C14475,Blida,Prepaid,23,1900.04,0.91,69,0,2,42.0,1
C14476,Bejaia,Prepaid,29,2363.32,21.63,42,0,5,46.0,0
C14477,Tlemcen,Postpaid,10,2537.12,7.07,32,1,1,51.4,1
C14478,Bejaia,Postpaid,5,2263.05,1.37,72,0,1,2.5,0
C14479,Tlemcen,Prepaid,8,785.93,52.88,54,1,2,-7.3,1
C14480,Bejaia,Prepaid,47,1084.68,7.85,46,0,1,-16.8,0
C14481,Oran,Prepaid,13,1192.61,31.18,34,1,1,30.1,0
C14482,Blida,Prepaid,20,1556.9,1.54,46,0,3,-20.0,0
C14483,Blida,Prepaid,7,2037.21,3.01,85,1,2,23.7,1
C14484,Ghardaia,Prepaid,4,2058.93,0.5,11,2,4,-16.3,1
C14485,Batna,Prepaid,23,2050.61,27.52,66,0,2,13.9,0
C14486,Bejaia,Prepaid,19,1482.5,24.24,10,0,4,74.5,0
C14487,Constantine,Prepaid,3,2111.72,49.33,25,0,2,37.7,1
C14488,Ghardaia,Prepaid,31,1489.25,6.83,38,1,5,-5.9,0
C14489,Biskra,Prepaid,14,447.22,24.52,70,1,3,14.7,0
C14490,Tiaret,Postpaid,30,2723.76,15.86,2,0,1,-14.4,0
C14491,Ouargla,Postpaid,35,3522.84,4.82,63,0,1,16.1,0
C14492,Setif,Postpaid,55,1350.93,4.76,63,0,1,29.1,0
C14493,Tizi Ouzou,Prepaid,12,579.24,20.22,48,0,4,-9.4,0
C14494,Bejaia,Prepaid,10,2004.38,5.45,53,2,1,55.8,1
C14495,Bejaia,Prepaid,27,1585.12,26.24,36,0,5,-16.1,0
C14496,Oran,Postpaid,8,3073.48,31.31,49,0,1,76.1,0
C14497,Biskra,Postpaid,21,1908.26,17.87,62,0,1,28.7,0
C14498,Constantine,Prepaid,30,1753.71,23.88,38,0,2,41.9,0
C14499,Blida,Prepaid,15,1038.85,0.5,45,3,1,27.9,1
C14500,Oran,Postpaid,22,2234.22,2.72,14,2,1,-20.0,0
C14501,Annaba,Postpaid,16,2448.32,1.03,77,0,1,6.3,0
C14502,Setif,Prepaid,16,400.0,1.92,4,0,6,11.2,0
C14503,Oran,Prepaid,5,1272.42,9.03,53,0,1,5.9,0
C14504,Constantine,Prepaid,49,1570.5,1.65,23,0,2,34.9,0
C14505,Blida,Prepaid,32,2074.56,3.1,68,1,3,1.0,0
C14506,Tiaret,Prepaid,63,1501.27,19.34,31,1,2,26.6,0
C14507,Constantine,Postpaid,11,2739.34,0.5,86,1,1,56.2,1
C14508,Chlef,Prepaid,28,2148.88,12.81,78,0,5,-1.8,0
C14509,Tlemcen,Postpaid,12,1828.62,17.27,56,0,1,12.0,0
C14510,Tlemcen,Prepaid,12,1812.82,18.24,54,2,6,26.9,1
C14511,Bejaia,Prepaid,30,1548.08,36.16,21,1,3,-9.7,0
C14512,Constantine,Prepaid,1,739.86,10.6,57,0,4,1.6,0
C14513,Bejaia,Prepaid,16,1930.84,10.44,88,0,7,7.2,0
C14514,Tlemcen,Prepaid,19,1561.36,43.77,52,1,1,-12.5,0
C14515,Tlemcen,Postpaid,2,2130.25,5.92,32,0,1,59.0,1
C14516,Constantine,Prepaid,12,1197.9,5.94,37,1,3,4.1,0
C14517,Batna,Prepaid,23,2045.28,7.92,35,0,4,19.7,0
C14518,Biskra,Postpaid,64,1890.78,5.94,47,1,1,-12.7,0
C14519,Chlef,Prepaid,25,1148.84,2.56,50,0,4,24.5,0
C14520,Tiaret,Postpaid,9,3020.48,6.49,42,0,1,41.9,0
C14521,Tizi Ouzou,Prepaid,27,1394.03,13.42,49,1,3,14.4,0
C14522,Biskra,Prepaid,24,1664.65,15.74,73,0,3,-12.6,0
C14523,Tizi Ouzou,Prepaid,8,1485.31,10.74,55,0,4,-18.4,0
C14524,Constantine,Prepaid,21,1286.23,13.16,79,0,3,13.6,0
C14525,Chlef,Postpaid,11,1871.3,48.17,47,0,1,1.8,0
C14526,Constantine,Postpaid,11,2570.59,0.71,27,1,1,16.8,1
C14527,Batna,Prepaid,8,1423.66,19.53,64,2,3,-6.4,1
C14528,Setif,Prepaid,58,1976.04,3.05,2,1,4,-20.0,0
C14529,Constantine,Prepaid,13,1625.97,13.06,68,0,3,42.0,0
C14530,Constantine,Prepaid,13,1364.61,9.68,7,0,1,9.0,0
C14531,Blida,Prepaid,31,1236.62,14.89,13,0,3,33.2,0
C14532,Ghardaia,Postpaid,2,2513.58,44.41,28,1,1,82.1,1
C14533,Batna,Postpaid,11,2323.3,17.03,42,2,1,38.9,1
C14534,Bejaia,Prepaid,2,2151.94,2.85,16,0,2,21.4,1
C14535,Algiers,Postpaid,8,3888.84,9.59,46,0,1,8.1,0
C14536,Ghardaia,Postpaid,11,2981.66,13.28,2,0,1,14.1,0
C14537,Blida,Prepaid,24,947.62,29.42,12,1,4,82.6,1
C14538,Algiers,Prepaid,34,1240.15,22.86,53,0,4,36.5,0
C14539,Batna,Prepaid,23,897.03,7.54,63,0,3,5.5,0
C14540,Constantine,Postpaid,22,2576.77,25.23,45,0,1,12.5,0
C14541,Annaba,Prepaid,9,1220.82,80.38,53,0,4,-20.0,0
C14542,Ghardaia,Prepaid,17,400.0,1.44,42,0,1,37.1,0
C14543,Tlemcen,Postpaid,11,3588.6,5.17,93,3,1,-20.0,1
C14544,Chlef,Postpaid,7,2942.99,0.5,81,1,1,18.5,1
C14545,Chlef,Prepaid,16,1257.24,24.41,68,0,4,45.8,0
C14546,Biskra,Postpaid,7,2704.21,28.37,63,2,1,-3.7,1
C14547,Batna,Prepaid,2,862.98,16.55,22,1,2,29.5,1
C14548,Tlemcen,Prepaid,8,1636.25,3.26,39,1,1,-13.0,1
C14549,Biskra,Prepaid,10,1306.47,60.13,64,1,1,8.9,1
C14550,Batna,Postpaid,4,3150.91,0.72,2,0,1,32.5,0
C14551,Tlemcen,Prepaid,7,2194.13,15.45,32,1,3,52.8,1
C14552,Tiaret,Postpaid,10,985.78,38.4,53,0,1,13.5,0
C14553,Ghardaia,Prepaid,36,1377.57,10.2,18,2,6,59.9,0
C14554,Batna,Prepaid,17,748.49,22.43,39,1,2,-4.7,0
C14555,Batna,Prepaid,10,2039.89,8.46,49,0,3,29.9,0
C14556,Constantine,Prepaid,26,731.71,1.98,32,0,2,36.7,0
C14557,Oran,Prepaid,17,2112.69,8.61,53,0,3,16.5,0
C14558,Bejaia,Prepaid,13,1494.34,2.8,87,2,2,-5.4,1
C14559,Algiers,Postpaid,36,3258.68,4.65,2,0,1,-20.0,0
C14560,Ouargla,Postpaid,37,1186.66,8.23,44,0,1,-6.2,0
C14561,Ouargla,Prepaid,18,997.05,4.26,61,0,1,12.7,0
C14562,Annaba,Prepaid,17,1410.79,27.55,64,0,3,17.3,0
C14563,Setif,Prepaid,17,1371.1,13.85,44,0,2,76.5,0
C14564,Algiers,Prepaid,1,2125.4,4.1,84,1,2,51.1,1
C14565,Setif,Postpaid,3,2125.91,0.68,24,0,1,27.6,1
C14566,Annaba,Postpaid,13,2484.84,24.06,76,0,1,12.0,0
C14567,Chlef,Prepaid,6,1353.43,26.1,83,0,6,5.1,0
C14568,Setif,Prepaid,12,1715.92,4.57,10,2,4,29.0,1
C14569,Constantine,Prepaid,15,400.0,17.9,68,0,3,31.0,0
C14570,Ouargla,Prepaid,17,1723.19,2.13,48,0,4,9.4,0
C14571,Batna,Postpaid,5,3410.49,3.92,14,0,1,-20.0,0
C14572,Bejaia,Prepaid,70,2256.83,9.46,2,1,3,-14.0,0
C14573,Tiaret,Prepaid,10,2182.38,14.56,56,0,2,30.0,0
C14574,Ouargla,Prepaid,18,1256.73,14.44,88,1,3,21.5,0
C14575,Ouargla,Prepaid,28,1947.0,0.54,21,0,3,57.7,0
C14576,Batna,Prepaid,21,1007.21,3.85,58,0,4,-13.1,0
C14577,Chlef,Postpaid,15,2154.55,30.01,36,1,1,85.0,0
C14578,Chlef,Prepaid,20,2230.64,6.93,33,0,3,11.5,0
C14579,Oran,Prepaid,18,418.46,14.85,63,0,2,5.3,0
C14580,Bejaia,Prepaid,23,1131.88,8.88,24,0,6,-12.9,0
C14581,Oran,Prepaid,55,1505.24,7.29,28,0,2,24.9,0
C14582,Setif,Prepaid,4,1997.82,12.25,46,0,2,27.8,0
C14583,Ouargla,Prepaid,47,400.0,20.89,50,0,1,55.8,0
C14584,Chlef,Prepaid,18,1214.0,5.16,27,0,4,45.8,0
C14585,Ghardaia,Prepaid,21,1581.22,9.73,64,2,3,31.2,0
C14586,Blida,Prepaid,14,2060.98,1.76,28,0,3,3.0,0
C14587,Chlef,Prepaid,11,1186.31,4.89,65,0,1,-16.6,1
C14588,Ghardaia,Prepaid,11,1828.84,0.5,109,0,4,10.3,0
C14589,Ouargla,Prepaid,16,1551.79,5.12,35,1,3,-1.5,0
C14590,Algiers,Prepaid,17,1581.83,7.86,37,0,4,18.4,0
C14591,Ouargla,Prepaid,11,1028.95,5.46,47,0,3,28.0,0
C14592,Tiaret,Prepaid,64,2072.59,35.91,53,1,4,34.8,0
C14593,Batna,Prepaid,7,1403.3,26.3,33,1,3,8.0,1
C14594,Chlef,Prepaid,18,436.24,28.11,79,0,4,52.9,0
C14595,Annaba,Prepaid,6,1302.45,1.64,67,0,3,-14.2,0
C14596,Tlemcen,Postpaid,72,2741.01,0.5,81,0,1,-7.4,0
C14597,Oran,Prepaid,8,2296.58,56.51,51,1,1,52.0,1
C14598,Tiaret,Prepaid,14,2041.59,0.5,20,0,2,47.5,0
C14599,Ghardaia,Prepaid,10,1189.63,10.41,73,1,4,51.6,1
C14600,Biskra,Prepaid,48,2023.9,5.47,21,1,1,28.6,0
C14601,Ouargla,Prepaid,34,1610.17,7.26,48,1,4,17.9,0
C14602,Annaba,Prepaid,4,1355.78,6.52,38,1,3,9.4,1
C14603,Setif,Prepaid,22,1397.94,27.04,90,1,6,41.7,0
C14604,Ghardaia,Prepaid,18,1985.28,1.99,36,0,3,25.1,0
C14605,Algiers,Prepaid,10,1362.16,7.14,68,0,2,23.1,0
C14606,Batna,Prepaid,28,987.71,23.36,35,0,1,50.3,0
C14607,Setif,Prepaid,11,1353.27,2.25,29,1,3,38.9,1
C14608,Blida,Prepaid,4,1434.42,0.5,28,0,4,2.9,1
C14609,Ghardaia,Prepaid,24,2003.34,1.29,57,1,3,13.2,0
C14610,Ghardaia,Prepaid,15,1323.37,3.78,22,0,1,33.2,0
C14611,Oran,Prepaid,9,2331.93,11.58,73,0,2,-2.2,0
C14612,Batna,Prepaid,22,1706.77,40.86,46,0,6,-15.3,0
C14613,Ghardaia,Prepaid,4,914.68,27.89,64,0,2,43.5,1
C14614,Oran,Postpaid,37,2932.37,12.63,63,0,1,54.4,0
C14615,Ouargla,Prepaid,6,1936.52,10.43,62,0,3,-17.3,0
C14616,Ouargla,Prepaid,18,1134.73,7.04,39,0,1,38.2,0
C14617,Annaba,Postpaid,9,3534.51,4.38,20,0,1,9.2,0
C14618,Annaba,Prepaid,43,1056.26,7.51,44,1,4,44.5,0
C14619,Ouargla,Postpaid,6,3556.57,10.62,63,0,1,32.1,0
C14620,Tiaret,Prepaid,31,1570.99,18.21,43,2,3,44.3,1
C14621,Bejaia,Prepaid,9,921.15,10.57,80,0,3,8.4,0
C14622,Tiaret,Prepaid,14,2074.38,2.56,60,1,2,30.4,1
C14623,Blida,Postpaid,2,3648.54,14.67,7,0,1,52.3,0
C14624,Ghardaia,Postpaid,41,3103.05,4.99,75,1,1,10.5,0
C14625,Tiaret,Prepaid,38,1436.46,14.58,33,1,3,34.5,0
C14626,Bejaia,Prepaid,17,1841.78,5.34,90,0,3,3.3,0
C14627,Biskra,Prepaid,9,1776.38,20.92,65,0,3,9.9,0
C14628,Tlemcen,Prepaid,19,1449.09,2.33,39,1,5,8.6,0
C14629,Constantine,Postpaid,6,2876.61,1.61,44,1,1,6.7,1
C14630,Bejaia,Prepaid,7,1565.62,26.38,61,0,4,63.7,1
C14631,Constantine,Prepaid,24,1034.3,12.43,43,0,2,20.4,0
C14632,Ouargla,Postpaid,28,1869.16,14.07,41,0,1,12.6,0
C14633,Annaba,Prepaid,10,936.8,40.19,47,0,2,19.3,0
C14634,Ghardaia,Prepaid,31,1092.28,2.8,70,1,2,-4.1,1
C14635,Annaba,Prepaid,23,1172.86,12.44,66,1,3,-10.6,0
C14636,Ouargla,Prepaid,7,1354.6,16.88,44,1,3,22.1,1
C14637,Algiers,Prepaid,12,715.81,10.32,60,0,3,-1.8,0
C14638,Bejaia,Prepaid,21,1066.7,2.91,49,0,2,-20.0,0
C14639,Blida,Prepaid,48,1480.2,4.19,49,0,1,20.4,0
C14640,Chlef,Prepaid,22,1059.3,1.23,46,1,1,-3.8,0
C14641,Setif,Prepaid,9,1447.8,23.38,36,0,3,18.6,0
C14642,Bejaia,Postpaid,28,2132.17,0.5,56,0,1,27.6,0
C14643,Chlef,Prepaid,10,1286.05,0.5,73,0,3,17.8,0
C14644,Constantine,Postpaid,12,3469.47,19.32,70,0,1,18.9,0
C14645,Blida,Prepaid,22,2064.34,0.53,32,0,4,-2.3,0
C14646,Tiaret,Postpaid,12,1719.04,23.49,58,1,1,-20.0,0
C14647,Setif,Prepaid,14,498.3,5.06,60,2,3,32.7,0
C14648,Setif,Prepaid,3,1787.55,0.5,23,0,3,3.9,0
C14649,Bejaia,Postpaid,18,2780.26,5.19,27,1,1,-20.0,0
C14650,Setif,Prepaid,7,910.09,4.49,41,1,3,35.2,1
C14651,Ghardaia,Postpaid,50,2435.43,2.32,27,0,1,46.1,0
C14652,Chlef,Prepaid,25,1112.17,2.84,3,2,2,-0.6,1
C14653,Tizi Ouzou,Prepaid,4,2253.42,7.16,2,0,2,41.9,1
C14654,Biskra,Prepaid,8,1403.69,0.5,43,2,4,21.1,1
C14655,Ghardaia,Postpaid,21,3170.03,2.19,3,0,1,-20.0,0
C14656,Oran,Postpaid,17,2483.76,7.39,77,1,1,19.5,0
C14657,Constantine,Prepaid,4,2099.58,19.78,35,1,3,-12.4,0
C14658,Ouargla,Prepaid,33,2311.75,1.12,69,1,3,10.1,1
C14659,Ouargla,Postpaid,20,1352.55,24.9,36,0,2,38.3,0
C14660,Tlemcen,Postpaid,7,2239.78,26.11,28,0,1,43.5,0
C14661,Tizi Ouzou,Prepaid,53,2437.86,30.59,16,0,5,66.0,0
C14662,Algiers,Prepaid,64,1572.53,12.39,37,0,3,18.2,0
C14663,Setif,Postpaid,17,2160.77,76.11,18,1,1,51.6,0
C14664,Ghardaia,Prepaid,37,1916.51,8.04,27,1,2,-20.0,0
C14665,Biskra,Prepaid,7,1660.43,18.27,27,1,3,16.6,0
C14666,Constantine,Prepaid,15,1422.37,6.38,73,0,5,29.6,0
C14667,Tiaret,Prepaid,15,1775.01,0.5,51,0,4,-20.0,0
C14668,Ghardaia,Prepaid,7,1484.58,15.57,44,1,3,29.6,1
C14669,Constantine,Prepaid,57,1748.84,14.52,25,1,1,39.4,1
C14670,Annaba,Prepaid,41,1422.07,63.32,46,1,4,-20.0,0
C14671,Constantine,Prepaid,16,481.6,1.12,93,1,4,18.1,0
C14672,Tiaret,Prepaid,12,789.98,8.44,32,0,5,5.3,0
C14673,Blida,Postpaid,16,2753.93,5.94,18,1,1,27.5,0
C14674,Ghardaia,Prepaid,36,1754.68,7.08,38,0,5,-3.0,0
C14675,Annaba,Prepaid,2,1293.86,2.26,50,0,1,21.6,1
C14676,Ouargla,Prepaid,8,2362.46,3.04,18,0,3,30.9,0
C14677,Ghardaia,Prepaid,17,594.44,2.71,72,0,2,-20.0,0
C14678,Biskra,Prepaid,35,2483.95,17.32,73,0,5,4.5,0
C14679,Tlemcen,Postpaid,9,2512.49,1.77,34,1,1,16.1,1
C14680,Batna,Prepaid,10,1557.61,12.87,32,0,4,57.2,1
C14681,Constantine,Prepaid,11,1880.35,1.56,74,1,2,27.0,1
C14682,Bejaia,Prepaid,35,1461.47,10.93,68,2,3,43.5,0
C14683,Biskra,Prepaid,8,2185.17,46.86,57,0,1,28.0,0
C14684,Setif,Prepaid,43,1588.21,18.94,8,0,1,-0.8,0
C14685,Biskra,Postpaid,16,4133.73,12.2,21,0,1,12.1,0
C14686,Tlemcen,Postpaid,13,2275.62,13.63,25,1,1,66.1,0
C14687,Tlemcen,Prepaid,45,1532.51,23.0,2,0,1,47.7,0
C14688,Batna,Postpaid,11,3178.22,0.52,49,0,1,-20.0,0
C14689,Oran,Prepaid,31,1745.28,37.19,69,0,1,36.2,0
C14690,Biskra,Postpaid,9,3476.5,24.18,60,0,1,41.4,0
C14691,Ouargla,Prepaid,19,1521.8,22.12,66,0,3,60.0,0
C14692,Tizi Ouzou,Prepaid,21,1746.78,12.02,57,2,1,52.7,1
C14693,Ouargla,Prepaid,10,1397.64,30.25,52,1,3,29.5,1
C14694,Oran,Prepaid,16,970.21,3.67,63,1,3,-20.0,0
C14695,Tlemcen,Prepaid,5,1059.65,1.36,36,0,4,10.7,0
C14696,Chlef,Postpaid,21,1778.73,14.93,40,0,1,11.9,0
C14697,Tiaret,Prepaid,13,1330.06,1.91,75,0,2,13.6,0
C14698,Setif,Prepaid,53,2064.65,21.86,15,0,4,44.4,0
C14699,Tiaret,Prepaid,30,1680.91,13.59,38,0,5,3.6,0
C14700,Tizi Ouzou,Postpaid,32,3089.48,20.57,17,0,1,35.5,0
C14701,Tizi Ouzou,Prepaid,15,1072.64,41.53,43,0,3,-20.0,0
C14702,Blida,Prepaid,7,1397.12,17.89,47,2,3,35.0,1
C14703,Batna,Prepaid,30,1340.02,8.79,80,0,1,43.4,0
C14704,Batna,Prepaid,12,1218.29,1.41,8,1,5,4.0,1
C14705,Blida,Postpaid,6,3576.43,21.42,25,0,1,-1.9,0
C14706,Bejaia,Prepaid,23,1149.21,34.43,39,0,1,35.8,0
C14707,Algiers,Prepaid,41,1044.34,2.1,36,0,2,-3.1,0
C14708,Ghardaia,Postpaid,1,2544.79,23.79,19,1,1,-9.4,0
C14709,Ouargla,Prepaid,46,1298.39,1.54,53,0,1,-20.0,0
C14710,Ghardaia,Prepaid,1,2353.55,25.8,62,0,3,16.0,0
C14711,Tiaret,Prepaid,6,2168.38,11.82,50,2,2,9.3,1
C14712,Oran,Prepaid,16,1854.64,8.36,53,0,2,10.9,0
C14713,Tiaret,Prepaid,21,1440.82,1.7,58,1,1,31.9,0
C14714,Batna,Prepaid,16,1568.96,8.12,73,2,6,48.5,1
C14715,Biskra,Prepaid,16,1050.12,6.96,63,0,2,6.4,0
C14716,Biskra,Prepaid,20,1700.72,2.8,75,0,1,2.5,0
C14717,Tiaret,Prepaid,8,1614.32,3.93,69,1,3,3.6,1
C14718,Blida,Prepaid,16,1225.15,53.09,24,1,2,8.3,0
C14719,Ghardaia,Prepaid,10,1302.02,10.29,67,1,2,47.6,1
C14720,Oran,Prepaid,21,1149.64,5.95,21,0,4,30.4,0
C14721,Ouargla,Postpaid,15,1671.35,8.9,43,0,1,-6.2,0
C14722,Chlef,Prepaid,31,1327.09,36.3,27,0,3,15.1,0
C14723,Tlemcen,Prepaid,10,1924.89,9.22,40,0,2,52.7,1
C14724,Annaba,Prepaid,10,1948.08,36.85,61,0,1,23.5,1
C14725,Tlemcen,Prepaid,13,937.62,0.98,100,2,4,-3.3,0
C14726,Ghardaia,Prepaid,12,1077.62,5.81,61,0,3,27.4,0
C14727,Annaba,Prepaid,25,1044.08,82.22,85,1,2,-1.9,0
C14728,Batna,Postpaid,10,3446.7,3.78,56,1,1,-20.0,0
C14729,Setif,Prepaid,4,1617.95,28.81,32,0,7,26.5,0
C14730,Blida,Prepaid,10,1231.15,22.78,37,1,5,22.7,1
C14731,Ghardaia,Prepaid,24,1557.87,9.97,43,1,7,22.3,0
C14732,Setif,Prepaid,8,1139.55,8.83,46,1,4,4.4,0
C14733,Blida,Prepaid,16,1409.65,3.68,36,0,4,59.9,0
C14734,Chlef,Prepaid,17,2048.55,4.16,87,0,3,-20.0,0
C14735,Bejaia,Postpaid,6,3718.28,13.05,72,0,1,23.8,0
C14736,Constantine,Prepaid,19,1097.83,16.26,2,1,3,9.4,0
C14737,Bejaia,Prepaid,46,822.83,18.39,48,1,4,50.7,0
C14738,Ghardaia,Prepaid,14,1185.61,51.97,49,4,1,-20.0,1
C14739,Batna,Prepaid,16,2142.18,17.88,48,0,2,17.1,0
C14740,Ouargla,Postpaid,30,2539.36,6.31,78,2,1,35.7,0
C14741,Blida,Prepaid,31,561.7,31.25,72,0,5,-17.1,0
C14742,Tizi Ouzou,Prepaid,21,897.96,4.73,67,0,2,2.9,0
C14743,Biskra,Postpaid,4,2591.04,6.06,42,0,1,27.0,0
C14744,Ouargla,Prepaid,23,600.3,25.34,39,0,3,18.6,0
C14745,Algiers,Prepaid,27,1686.03,2.33,43,0,3,20.5,0
C14746,Algiers,Prepaid,20,1330.99,4.42,63,0,1,24.5,0
C14747,Oran,Prepaid,13,1018.16,5.33,10,0,3,17.0,0
C14748,Biskra,Prepaid,29,1098.7,20.25,88,1,2,-20.0,0
C14749,Ouargla,Prepaid,9,1176.61,1.89,25,0,1,-6.5,1
C14750,Ghardaia,Prepaid,11,860.63,5.58,72,1,6,-7.8,0
C14751,Batna,Prepaid,15,400.0,7.25,32,0,3,34.5,0
C14752,Algiers,Prepaid,18,930.72,13.97,17,2,5,44.1,0
C14753,Oran,Prepaid,41,1629.55,18.9,82,1,3,5.7,0
C14754,Tizi Ouzou,Postpaid,12,2620.64,16.92,84,0,1,31.3,0
C14755,Ghardaia,Postpaid,6,2965.66,9.79,39,0,1,-2.8,0
C14756,Constantine,Prepaid,24,2273.56,27.61,26,0,4,-5.7,0
C14757,Batna,Prepaid,27,2133.32,21.02,25,1,4,27.3,0
C14758,Batna,Postpaid,48,3357.18,6.68,48,0,1,-20.0,0
C14759,Algiers,Postpaid,6,1385.54,33.65,45,1,1,55.9,1
C14760,Tlemcen,Prepaid,8,971.32,20.57,50,0,3,7.0,0
C14761,Annaba,Postpaid,5,1965.06,12.64,53,0,1,46.3,0
C14762,Tiaret,Postpaid,17,3215.26,1.24,32,1,1,-12.0,0
C14763,Tizi Ouzou,Postpaid,11,1826.01,1.93,47,0,1,-17.5,0
C14764,Constantine,Postpaid,18,2440.95,11.06,54,0,1,1.4,0
C14765,Tizi Ouzou,Prepaid,38,1034.74,0.5,73,0,1,19.5,0
C14766,Biskra,Prepaid,21,1553.31,4.94,36,1,3,40.3,1
C14767,Setif,Prepaid,1,1776.89,17.92,54,0,4,19.9,0
C14768,Constantine,Prepaid,29,1387.52,0.5,2,0,3,31.8,0
C14769,Ghardaia,Prepaid,27,2031.48,14.87,24,0,3,33.0,0
C14770,Tizi Ouzou,Prepaid,5,2487.13,47.82,59,2,2,-20.0,1
C14771,Tizi Ouzou,Prepaid,5,1318.17,64.56,47,0,4,14.4,0
C14772,Setif,Postpaid,30,2305.18,8.94,28,0,1,-2.5,0
C14773,Oran,Prepaid,10,1480.72,7.44,66,0,4,67.0,0
C14774,Biskra,Prepaid,19,400.0,0.5,69,0,3,20.2,0
C14775,Blida,Prepaid,5,1168.44,9.38,37,1,3,19.1,0
C14776,Setif,Prepaid,8,1480.88,56.17,2,1,2,2.6,1
C14777,Oran,Prepaid,14,1894.45,4.48,20,0,4,3.1,0
C14778,Blida,Prepaid,19,1430.34,13.32,67,0,2,11.1,0
C14779,Biskra,Prepaid,11,1131.02,8.66,42,1,1,41.5,1
C14780,Tizi Ouzou,Postpaid,13,2087.38,35.6,56,0,1,17.7,0
C14781,Biskra,Prepaid,6,992.51,12.85,52,0,4,-20.0,0
C14782,Constantine,Prepaid,41,400.0,6.57,37,0,3,26.7,0
C14783,Algiers,Prepaid,19,1914.11,8.86,40,1,2,43.6,0
C14784,Tlemcen,Prepaid,23,1068.19,1.31,41,0,5,41.0,0
C14785,Biskra,Postpaid,20,2769.05,13.14,51,0,1,11.9,0
C14786,Setif,Postpaid,14,3300.93,4.05,16,1,1,-20.0,0
C14787,Tiaret,Postpaid,31,1527.34,34.51,44,0,1,29.4,0
C14788,Tiaret,Prepaid,6,475.97,18.72,69,0,1,40.8,0
C14789,Ouargla,Prepaid,31,2622.99,71.02,5,0,4,27.8,0
C14790,Annaba,Prepaid,31,1293.53,16.74,24,0,3,11.4,0
C14791,Tlemcen,Prepaid,12,1364.09,0.78,16,0,4,27.9,0
C14792,Biskra,Prepaid,30,1590.36,29.73,60,0,1,39.7,0
C14793,Oran,Prepaid,24,1840.98,24.76,32,1,3,-1.9,0
C14794,Tiaret,Postpaid,30,3818.75,46.55,39,1,1,-20.0,0
C14795,Oran,Prepaid,9,1883.07,11.09,75,0,3,-14.9,0
C14796,Algiers,Prepaid,35,576.17,3.73,65,0,1,-2.1,0
C14797,Annaba,Prepaid,4,1023.76,0.54,56,1,3,37.1,1
C14798,Batna,Prepaid,2,802.05,9.02,48,0,3,47.9,1
C14799,Oran,Prepaid,11,1350.26,0.62,37,0,4,18.4,1
C14800,Constantine,Prepaid,26,1089.5,0.99,31,0,6,50.4,0
C14801,Bejaia,Prepaid,22,683.38,13.95,42,0,5,4.6,0
C14802,Annaba,Prepaid,20,1340.59,1.89,45,1,4,8.0,0
C14803,Chlef,Postpaid,39,3298.07,8.3,58,1,1,16.7,0
C14804,Biskra,Prepaid,18,1669.79,4.66,54,0,3,32.5,0
C14805,Batna,Prepaid,1,861.08,34.52,46,0,3,42.9,1
C14806,Algiers,Postpaid,36,2984.47,2.69,56,0,1,-2.9,0
C14807,Algiers,Prepaid,30,2111.69,28.9,47,0,1,9.4,0
C14808,Tiaret,Prepaid,48,1479.12,2.89,47,0,1,9.8,0
C14809,Blida,Prepaid,43,729.85,33.77,16,1,2,19.3,0
C14810,Ghardaia,Prepaid,41,1694.27,15.01,35,0,5,46.1,0
C14811,Oran,Prepaid,8,1949.68,37.28,54,0,5,29.8,1
C14812,Ghardaia,Prepaid,12,2495.74,44.4,34,0,2,37.9,0
C14813,Tlemcen,Prepaid,22,775.61,5.5,67,1,5,24.3,0
C14814,Tiaret,Prepaid,33,1570.35,1.81,14,0,2,9.6,0
C14815,Constantine,Prepaid,15,1400.75,3.2,17,0,4,18.1,0
C14816,Batna,Prepaid,33,1976.38,9.7,53,1,1,-1.4,0
C14817,Oran,Prepaid,28,1335.72,9.28,8,0,4,12.1,0
C14818,Annaba,Prepaid,11,1009.94,2.87,63,2,5,17.7,1
C14819,Tlemcen,Prepaid,18,1927.75,6.54,53,1,2,6.5,0
C14820,Oran,Prepaid,20,975.09,15.29,53,1,4,23.0,0
C14821,Tiaret,Prepaid,5,454.49,2.96,20,1,3,22.1,1
C14822,Ouargla,Prepaid,33,2233.56,4.01,55,0,5,-7.7,0
C14823,Oran,Prepaid,8,971.9,5.13,30,0,4,34.9,0
C14824,Oran,Prepaid,2,522.11,0.5,60,0,2,10.1,0
C14825,Blida,Prepaid,27,467.57,13.7,34,1,3,14.3,0
C14826,Blida,Prepaid,16,982.49,23.88,70,0,2,1.3,0
C14827,Tizi Ouzou,Prepaid,13,1393.1,1.08,47,1,3,46.4,0
C14828,Setif,Prepaid,12,1386.7,8.39,47,0,2,13.0,0
C14829,Constantine,Prepaid,4,1203.93,10.35,38,2,5,1.2,1
C14830,Tlemcen,Prepaid,12,2145.81,11.42,16,1,3,29.8,0
C14831,Ouargla,Postpaid,21,2543.52,1.48,45,0,1,-10.3,0
C14832,Ghardaia,Postpaid,24,3161.09,16.65,12,0,1,26.8,0
C14833,Ouargla,Postpaid,16,2148.9,11.39,22,0,1,-20.0,0
C14834,Ghardaia,Prepaid,43,1584.24,0.88,28,1,1,7.2,0
C14835,Constantine,Prepaid,20,1489.4,3.6,57,0,3,7.5,0
C14836,Biskra,Prepaid,24,1200.4,3.14,63,1,3,21.3,0
C14837,Biskra,Prepaid,10,1390.93,18.45,58,0,2,15.8,0
C14838,Constantine,Postpaid,13,3074.84,4.88,38,1,1,51.7,0
C14839,Oran,Prepaid,9,2042.77,6.52,38,0,4,19.6,0
C14840,Chlef,Prepaid,9,1396.8,13.3,48,1,4,23.3,1
C14841,Bejaia,Prepaid,26,1231.88,8.24,56,2,3,58.6,1
C14842,Algiers,Prepaid,12,1201.48,5.79,73,0,5,8.5,0
C14843,Bejaia,Prepaid,11,1459.7,5.27,65,0,5,3.3,0
C14844,Biskra,Postpaid,15,2730.88,40.35,70,0,1,56.3,0
C14845,Constantine,Prepaid,20,400.0,8.89,41,1,2,-2.1,0
C14846,Batna,Prepaid,9,1965.62,2.61,24,0,4,21.5,0
C14847,Blida,Prepaid,12,1738.63,13.66,87,0,5,21.0,0
C14848,Tiaret,Postpaid,19,2880.53,49.41,78,2,1,29.4,0
C14849,Annaba,Prepaid,8,862.58,31.17,26,2,1,-20.0,1
C14850,Biskra,Prepaid,15,1417.64,20.39,70,1,1,33.0,1
C14851,Tiaret,Prepaid,11,771.49,9.42,63,0,4,29.4,1
C14852,Constantine,Prepaid,8,2310.67,0.5,50,0,2,-4.1,1
C14853,Tizi Ouzou,Prepaid,27,1187.78,4.07,50,0,2,52.6,0
C14854,Tlemcen,Postpaid,53,2621.78,9.32,43,0,1,19.6,0
C14855,Bejaia,Postpaid,18,3288.22,19.1,29,1,1,-20.0,0
C14856,Biskra,Postpaid,3,2625.12,14.55,80,2,1,-17.6,0
C14857,Batna,Postpaid,26,1569.52,7.86,33,0,1,11.1,0
C14858,Ghardaia,Prepaid,11,1008.46,33.75,60,0,3,14.3,0
C14859,Annaba,Prepaid,12,400.0,26.67,47,0,1,-19.8,0
C14860,Oran,Prepaid,18,1416.25,21.44,2,0,1,24.4,0
C14861,Tizi Ouzou,Prepaid,16,1790.0,5.17,65,1,1,-6.6,0
C14862,Oran,Prepaid,36,1812.95,6.21,61,2,2,63.4,1
C14863,Constantine,Prepaid,12,1509.26,4.3,37,0,1,27.6,0
C14864,Ouargla,Postpaid,8,2565.7,19.32,35,0,1,45.9,0
C14865,Oran,Postpaid,31,3338.92,85.0,77,1,1,11.2,0
C14866,Bejaia,Prepaid,13,1315.44,10.1,70,0,2,32.8,0
C14867,Tiaret,Prepaid,16,1220.89,10.0,58,1,3,34.8,0
C14868,Tlemcen,Prepaid,3,2161.61,14.51,32,1,2,84.1,1
C14869,Blida,Prepaid,19,1261.7,3.87,24,0,4,-20.0,0
C14870,Tlemcen,Prepaid,12,2036.69,12.69,22,0,2,44.3,0
C14871,Blida,Prepaid,14,1123.18,47.77,73,0,6,25.7,0
C14872,Ouargla,Prepaid,10,1123.4,6.19,22,0,4,-7.9,0
C14873,Constantine,Postpaid,30,3273.63,1.16,52,0,1,71.9,0
C14874,Annaba,Prepaid,9,1483.82,5.68,49,0,3,-8.1,0
C14875,Setif,Prepaid,29,1170.96,15.33,54,2,5,18.4,0
C14876,Biskra,Prepaid,39,2176.0,41.85,29,0,3,12.5,0
C14877,Oran,Prepaid,8,930.9,3.77,42,0,2,64.5,1
C14878,Annaba,Postpaid,11,2074.24,18.99,91,0,1,-17.2,0
C14879,Chlef,Postpaid,20,2934.16,27.37,17,1,1,24.5,0
C14880,Bejaia,Prepaid,4,1668.07,24.39,39,2,3,17.3,1
C14881,Bejaia,Prepaid,24,2609.51,0.55,41,1,1,26.5,1
C14882,Tiaret,Prepaid,3,1683.77,44.48,46,1,1,20.6,1
C14883,Bejaia,Prepaid,20,1114.21,3.19,59,0,1,-1.3,0
C14884,Setif,Prepaid,54,760.53,1.64,47,0,4,58.5,0
C14885,Ouargla,Prepaid,18,1401.63,15.72,2,0,5,-19.7,0
C14886,Tiaret,Prepaid,19,1507.0,5.37,77,1,4,-16.9,0
C14887,Algiers,Prepaid,65,1409.71,3.27,37,0,4,74.7,0
C14888,Ghardaia,Prepaid,17,1566.48,20.38,51,1,5,-5.9,0
C14889,Ghardaia,Prepaid,8,1960.39,5.31,67,0,2,23.5,0
C14890,Biskra,Prepaid,16,1651.52,8.87,63,0,5,-10.9,0
C14891,Tizi Ouzou,Prepaid,28,2401.81,5.05,67,0,3,52.3,0
C14892,Setif,Prepaid,12,2217.07,9.92,61,0,2,12.2,0
C14893,Annaba,Prepaid,72,2761.4,3.3,63,0,3,23.6,0
C14894,Chlef,Postpaid,16,2353.42,71.07,73,0,1,2.2,0
C14895,Bejaia,Prepaid,6,907.62,9.77,46,1,2,2.6,1
C14896,Chlef,Postpaid,8,3429.6,4.23,31,0,1,14.1,0
C14897,Annaba,Postpaid,4,1623.77,5.41,66,0,1,9.8,0
C14898,Tiaret,Prepaid,20,513.92,2.07,52,1,4,54.3,0
C14899,Tlemcen,Prepaid,31,1340.98,10.14,6,0,4,-20.0,0
C14900,Setif,Prepaid,1,2331.46,6.76,87,0,4,25.4,0
C14901,Biskra,Postpaid,11,2674.3,8.32,29,1,1,-18.5,0
C14902,Algiers,Prepaid,5,1254.2,2.56,66,1,2,41.3,1
C14903,Ouargla,Prepaid,6,2008.48,27.4,55,0,1,0.9,1
C14904,Tizi Ouzou,Prepaid,68,1170.13,11.34,20,0,4,-13.3,0
C14905,Ouargla,Prepaid,17,905.17,19.61,38,0,4,37.4,0
C14906,Annaba,Prepaid,9,1418.15,29.08,2,0,2,-6.1,0
C14907,Batna,Postpaid,6,2436.95,22.27,58,0,1,20.2,0
C14908,Tlemcen,Prepaid,7,2298.36,37.75,55,0,5,-20.0,0
C14909,Oran,Postpaid,10,2275.69,12.04,13,2,1,-14.6,1
C14910,Annaba,Prepaid,56,1136.93,5.15,62,0,5,4.0,0
C14911,Batna,Postpaid,18,2266.52,9.63,35,0,1,34.7,0
C14912,Biskra,Prepaid,16,1922.02,19.2,46,0,4,-4.7,0
C14913,Bejaia,Prepaid,19,1471.44,0.5,70,1,3,-13.5,0
C14914,Oran,Postpaid,27,2992.29,41.32,45,0,1,18.2,0
C14915,Chlef,Postpaid,29,3319.08,9.42,71,0,1,35.0,0
C14916,Tizi Ouzou,Prepaid,9,1470.77,33.79,70,0,4,-20.0,0
C14917,Algiers,Postpaid,11,2527.0,12.54,70,0,1,45.8,0
C14918,Blida,Postpaid,18,900.61,4.56,36,0,1,28.6,0
C14919,Tizi Ouzou,Postpaid,22,2564.6,6.23,40,1,1,28.9,0
C14920,Blida,Prepaid,6,1588.19,8.53,55,0,1,12.7,1
C14921,Constantine,Postpaid,5,2560.8,23.65,40,1,1,10.6,0
C14922,Tlemcen,Prepaid,2,1349.61,0.51,71,1,1,26.9,1
C14923,Ghardaia,Postpaid,17,1851.78,15.09,19,0,1,23.6,0
C14924,Ghardaia,Prepaid,33,1311.89,18.44,63,1,2,-4.3,0
C14925,Bejaia,Prepaid,54,1542.46,1.92,25,0,4,36.3,0
C14926,Tlemcen,Prepaid,35,1005.79,21.22,11,0,2,10.0,0
C14927,Blida,Prepaid,4,1094.38,19.68,24,0,1,56.8,1
C14928,Chlef,Prepaid,14,2084.31,18.09,46,1,1,38.2,0
C14929,Biskra,Prepaid,12,1236.97,3.74,27,0,4,-10.1,0
C14930,Constantine,Prepaid,12,1851.83,40.71,21,0,5,-20.0,0
C14931,Ouargla,Prepaid,8,1910.66,16.42,56,1,4,60.1,1
C14932,Batna,Prepaid,9,1239.38,0.74,76,0,4,7.3,0
C14933,Ouargla,Prepaid,3,1719.57,0.5,28,1,4,-9.5,0
C14934,Oran,Prepaid,15,1312.06,18.65,40,1,2,38.2,0
C14935,Algiers,Postpaid,11,2407.85,0.56,62,0,1,48.2,0
C14936,Bejaia,Prepaid,21,1996.87,2.99,39,0,1,-20.0,0
C14937,Oran,Prepaid,6,1360.0,2.22,44,0,3,-1.7,0
C14938,Algiers,Prepaid,17,744.59,24.24,58,0,1,22.2,0
C14939,Setif,Postpaid,17,2467.98,4.73,37,0,1,23.5,0
C14940,Annaba,Postpaid,28,1762.35,0.5,60,0,1,38.7,0
C14941,Algiers,Prepaid,14,1758.54,32.5,47,0,4,12.3,0
C14942,Tizi Ouzou,Prepaid,50,821.68,13.48,41,0,2,50.5,0
C14943,Algiers,Postpaid,21,1724.25,9.73,53,0,1,5.4,0
C14944,Ouargla,Prepaid,15,692.46,1.85,61,0,4,33.0,0
C14945,Tlemcen,Postpaid,9,2967.47,4.7,48,0,1,-1.3,0
C14946,Chlef,Postpaid,37,2178.2,4.37,2,0,1,82.6,0
C14947,Setif,Prepaid,36,1191.35,15.07,58,0,3,25.9,0
C14948,Biskra,Prepaid,26,953.72,9.75,39,0,1,-10.5,0
C14949,Tiaret,Postpaid,3,1803.48,2.15,51,0,1,28.3,0
C14950,Chlef,Postpaid,23,2245.62,11.44,42,0,1,27.9,0
C14951,Ouargla,Prepaid,19,2054.16,3.82,42,1,2,31.1,0
C14952,Tlemcen,Prepaid,13,1779.04,8.3,24,0,2,-0.1,0
C14953,Tlemcen,Postpaid,10,2349.73,8.81,15,0,1,-8.8,0
C14954,Tiaret,Postpaid,18,1950.81,16.71,35,0,1,84.0,0
C14955,Tlemcen,Prepaid,22,400.0,7.1,44,0,6,16.9,0
C14956,Oran,Prepaid,14,1424.69,50.94,22,0,1,38.9,0
C14957,Biskra,Prepaid,13,2415.31,12.51,47,0,3,22.9,0
C14958,Chlef,Prepaid,26,830.87,2.84,15,1,2,2.8,0
C14959,Chlef,Prepaid,21,1534.89,6.39,79,0,4,7.6,0
C14960,Bejaia,Prepaid,11,875.75,4.13,49,1,1,-8.7,1
C14961,Constantine,Postpaid,7,2859.56,2.35,55,0,1,-13.7,0
C14962,Setif,Prepaid,49,1143.42,15.98,46,0,3,27.5,0
C14963,Oran,Prepaid,12,1783.13,28.34,81,0,4,11.8,0
C14964,Setif,Postpaid,16,2643.2,5.51,34,0,1,-20.0,0
C14965,Oran,Prepaid,5,1863.59,12.83,33,0,2,23.6,1
C14966,Chlef,Prepaid,13,1121.69,3.12,46,2,1,2.7,1
C14967,Tizi Ouzou,Prepaid,10,1649.58,9.72,82,0,2,2.0,0
C14968,Annaba,Postpaid,8,1361.25,0.5,68,1,1,39.6,0
C14969,Ouargla,Prepaid,62,1954.86,25.46,38,2,3,-6.2,0
C14970,Constantine,Prepaid,11,1765.49,7.84,23,1,3,-20.0,0
C14971,Chlef,Postpaid,56,1937.66,12.08,34,1,1,11.5,0
C14972,Blida,Prepaid,14,1127.86,18.05,48,1,4,-3.5,0
C14973,Tlemcen,Postpaid,24,900.0,0.9,92,1,1,24.3,0
C14974,Bejaia,Prepaid,27,1530.82,12.86,27,0,6,39.0,0
C14975,Biskra,Postpaid,19,1632.03,3.41,29,1,1,1.5,0
C14976,Ouargla,Prepaid,50,1786.4,1.06,46,0,2,4.9,0
C14977,Ghardaia,Prepaid,38,1045.57,11.75,40,0,2,38.9,0
C14978,Biskra,Prepaid,2,2307.29,9.99,88,0,1,36.2,1
C14979,Biskra,Prepaid,29,1812.68,14.93,14,0,5,20.7,0
C14980,Biskra,Prepaid,27,1231.39,22.78,53,0,5,20.9,0
C14981,Oran,Prepaid,30,1390.39,1.51,78,0,3,48.1,0
C14982,Setif,Prepaid,9,1104.12,9.56,73,1,2,4.5,1
C14983,Tiaret,Postpaid,16,2318.67,15.86,56,2,1,-20.0,0
C14984,Tlemcen,Prepaid,11,756.94,10.72,41,0,3,39.3,1
C14985,Tiaret,Prepaid,20,1390.56,16.75,67,0,3,49.8,0
C14986,Ghardaia,Postpaid,44,2904.81,2.29,65,0,1,43.1,0
C14987,Annaba,Prepaid,11,1114.85,3.12,35,2,4,-20.0,1
C14988,Algiers,Prepaid,23,1937.34,5.4,49,0,3,-9.2,0
C14989,Annaba,Prepaid,14,1181.2,3.83,94,1,4,14.4,0
C14990,Oran,Postpaid,5,2637.56,14.6,50,0,1,-12.5,0
C14991,Tizi Ouzou,Prepaid,34,400.0,2.27,49,0,2,39.9,1
C14992,Tlemcen,Postpaid,2,941.35,20.64,41,1,1,25.8,0
C14993,Oran,Prepaid,20,1105.41,9.26,43,0,3,19.4,0
C14994,Batna,Postpaid,19,1403.69,12.43,78,1,1,-9.3,0
C14995,Bejaia,Prepaid,22,1470.61,7.72,95,1,2,18.7,1
C14996,Bejaia,Prepaid,25,932.48,15.89,19,1,3,-9.5,0
C14997,Algiers,Prepaid,24,1554.04,14.69,41,2,4,34.1,0
C14998,Setif,Prepaid,17,2177.42,19.06,56,0,3,26.7,0
C14999,Biskra,Prepaid,17,2019.99,8.33,67,0,5,4.0,0
C15000,Tiaret,Prepaid,32,1288.46,7.81,53,0,1,-15.4,0
C15001,Biskra,Prepaid,4,1331.31,0.8,57,0,3,-2.7,0
C15002,Tiaret,Prepaid,4,590.8,21.76,39,2,4,35.8,1
C15003,Constantine,Postpaid,15,2117.38,29.64,74,0,1,-4.6,0
C15004,Oran,Prepaid,15,754.04,2.4,68,0,3,54.8,0
C15005,Algiers,Prepaid,10,1452.47,0.5,72,0,6,15.3,1
C15006,Tiaret,Prepaid,27,548.97,8.62,11,0,2,32.8,0
C15007,Constantine,Prepaid,25,1032.17,4.59,69,1,3,-12.1,0
C15008,Tiaret,Prepaid,18,2009.28,14.41,42,0,4,-20.0,0
C15009,Algiers,Prepaid,7,780.38,3.06,2,0,4,5.4,0
C15010,Constantine,Prepaid,3,1753.08,47.61,56,2,3,23.7,1
C15011,Batna,Prepaid,11,1144.35,17.97,81,0,7,21.8,0
C15012,Blida,Prepaid,6,2168.08,0.5,77,1,5,24.8,1
C15013,Chlef,Prepaid,44,1202.11,6.25,29,0,3,19.4,0
C15014,Chlef,Prepaid,12,888.64,3.03,44,0,4,-16.6,0
C15015,Ouargla,Prepaid,13,1661.03,4.58,29,0,4,13.0,0
C15016,Ghardaia,Prepaid,22,1753.05,4.28,50,0,3,46.2,0
C15017,Tiaret,Postpaid,6,1801.45,18.23,63,1,1,-14.6,0
C15018,Setif,Prepaid,3,1251.4,15.7,79,0,3,5.0,0
C15019,Constantine,Prepaid,19,1894.48,3.05,51,0,2,-10.5,0
C15020,Blida,Prepaid,28,749.46,12.85,38,0,2,-9.6,0
C15021,Constantine,Prepaid,4,1013.3,13.66,71,0,2,-1.9,1
C15022,Tiaret,Prepaid,15,1730.52,11.64,69,0,4,23.8,0
C15023,Ouargla,Prepaid,8,1184.53,14.52,65,2,4,11.0,1
C15024,Ghardaia,Postpaid,2,2268.52,11.16,49,1,1,5.8,0
C15025,Setif,Postpaid,19,3032.68,10.03,57,1,1,22.4,0
C15026,Tiaret,Prepaid,11,2102.25,2.99,61,0,3,22.4,0
C15027,Tizi Ouzou,Prepaid,28,1136.81,4.56,21,0,1,4.8,0
C15028,Oran,Prepaid,2,1895.6,8.36,34,0,2,1.7,0
C15029,Ouargla,Prepaid,15,2302.36,5.15,36,0,4,39.1,0
C15030,Tizi Ouzou,Prepaid,11,1696.03,5.95,48,0,3,-20.0,0
C15031,Algiers,Prepaid,3,972.84,0.64,22,0,4,10.4,1
C15032,Blida,Prepaid,18,1067.25,12.42,13,0,2,13.9,0
C15033,Ouargla,Prepaid,6,655.47,5.48,76,0,2,-2.8,1
C15034,Tlemcen,Prepaid,4,979.92,55.92,45,0,1,32.5,1
C15035,Setif,Prepaid,32,1274.11,4.52,20,0,1,-20.0,0
C15036,Chlef,Prepaid,11,451.23,1.86,61,1,2,-17.6,1
C15037,Oran,Postpaid,42,2149.21,39.12,76,0,1,31.9,0
C15038,Setif,Prepaid,7,1028.19,13.87,21,0,2,-20.0,0
C15039,Tiaret,Prepaid,34,1736.41,46.49,51,0,4,9.4,0
C15040,Bejaia,Prepaid,15,1011.37,18.56,57,1,3,21.9,0
C15041,Biskra,Prepaid,27,2002.93,4.69,29,1,2,10.0,0
C15042,Oran,Prepaid,9,400.0,8.93,67,1,3,-15.0,0
C15043,Batna,Prepaid,44,1996.43,7.08,77,1,4,-15.4,0
C15044,Batna,Prepaid,22,979.16,5.37,52,0,3,3.9,0
C15045,Chlef,Postpaid,19,3156.14,17.87,60,1,1,3.2,0
C15046,Blida,Prepaid,29,709.64,12.71,63,0,3,22.0,0
C15047,Algiers,Prepaid,13,1731.8,19.56,46,1,3,18.1,0
C15048,Batna,Prepaid,21,2278.07,1.8,44,3,3,20.1,1
C15049,Ghardaia,Prepaid,20,1268.63,28.53,83,0,4,10.2,0
C15050,Bejaia,Postpaid,12,2840.12,15.56,75,0,1,39.2,0
C15051,Constantine,Postpaid,24,3676.9,16.85,15,1,1,20.0,0
C15052,Blida,Prepaid,29,1052.59,1.11,26,1,3,3.8,0
C15053,Constantine,Prepaid,34,2103.91,8.56,76,0,2,-6.7,0
C15054,Setif,Prepaid,10,1352.22,3.15,84,0,1,2.0,0
C15055,Ouargla,Prepaid,14,1458.14,11.03,45,0,2,28.3,0
C15056,Oran,Prepaid,46,2621.74,16.13,31,0,5,25.3,0
C15057,Tizi Ouzou,Prepaid,7,1611.25,9.63,2,1,2,-0.1,1
C15058,Bejaia,Prepaid,30,1211.21,1.29,15,0,3,-18.9,0
C15059,Biskra,Postpaid,18,2194.47,22.49,41,0,1,29.9,0
C15060,Tiaret,Postpaid,1,2148.67,4.52,75,1,1,-20.0,0
C15061,Oran,Postpaid,22,2898.23,48.08,64,0,1,-20.0,0
C15062,Annaba,Prepaid,22,2191.13,32.17,42,0,6,23.0,0
C15063,Tiaret,Prepaid,8,1117.81,44.57,2,1,3,5.9,0
C15064,Chlef,Prepaid,16,1205.49,0.82,51,0,1,41.2,0
C15065,Algiers,Prepaid,24,542.07,4.59,57,0,2,30.4,0
C15066,Algiers,Prepaid,8,1135.19,27.26,42,0,3,-7.9,0
C15067,Ghardaia,Prepaid,26,1877.14,2.8,33,1,3,12.5,0
C15068,Ghardaia,Prepaid,23,1140.36,12.09,82,0,2,-8.0,0
C15069,Algiers,Prepaid,3,1119.53,29.31,40,0,4,39.9,0
C15070,Annaba,Prepaid,41,773.02,0.6,40,1,3,85.0,0
C15071,Algiers,Prepaid,19,1512.54,0.5,2,0,4,-20.0,0
C15072,Batna,Prepaid,15,1101.79,3.3,7,0,3,-20.0,0
C15073,Blida,Postpaid,20,1979.36,7.82,27,0,1,30.2,0
C15074,Tlemcen,Prepaid,13,798.78,13.08,33,1,4,17.4,0
C15075,Tizi Ouzou,Prepaid,17,1492.85,4.33,23,1,4,-16.9,0
C15076,Constantine,Prepaid,5,1667.09,3.45,42,1,1,-12.3,1
C15077,Constantine,Prepaid,47,1598.33,18.71,27,0,5,39.0,0
C15078,Tizi Ouzou,Prepaid,12,848.42,1.35,52,1,6,4.5,0
C15079,Ghardaia,Prepaid,27,1811.62,0.53,2,0,1,9.8,0
C15080,Algiers,Postpaid,15,1485.03,2.59,2,0,1,-20.0,0
C15081,Chlef,Prepaid,36,1206.73,0.7,62,1,4,-20.0,0
C15082,Ouargla,Prepaid,35,2333.42,3.33,38,0,5,22.2,0
C15083,Tizi Ouzou,Prepaid,7,1500.53,9.82,57,0,1,23.6,0
C15084,Tiaret,Prepaid,10,1659.6,2.61,47,1,4,1.6,1
C15085,Tiaret,Prepaid,5,817.64,3.59,50,0,1,72.6,1
C15086,Biskra,Prepaid,28,1865.38,23.98,8,0,1,6.2,0
C15087,Tlemcen,Prepaid,19,1960.03,20.36,44,0,2,12.1,0
C15088,Annaba,Prepaid,15,563.4,36.61,53,1,1,31.8,0
C15089,Blida,Prepaid,7,1475.56,4.6,26,1,6,-0.1,1
C15090,Annaba,Postpaid,5,2580.54,7.08,72,0,1,-12.1,0
C15091,Tlemcen,Prepaid,25,1261.9,45.16,15,1,2,35.2,0
C15092,Tizi Ouzou,Postpaid,12,2511.62,7.46,2,2,1,-3.1,0
C15093,Tiaret,Prepaid,14,1442.71,2.43,41,0,4,26.5,0
C15094,Blida,Postpaid,23,2821.79,1.33,30,1,1,23.8,0
C15095,Setif,Postpaid,24,2900.37,18.57,62,0,1,41.1,0
C15096,Ghardaia,Prepaid,2,1806.1,0.5,55,0,5,11.0,0
C15097,Oran,Prepaid,28,1954.63,3.82,89,1,4,11.2,0
C15098,Bejaia,Prepaid,12,1450.11,12.92,38,0,4,7.8,0
C15099,Blida,Prepaid,12,1698.75,11.45,51,0,3,16.2,0
C15100,Oran,Prepaid,24,690.09,3.09,58,1,6,0.4,0
C15101,Chlef,Postpaid,16,2207.64,21.34,41,0,1,47.9,0
C15102,Biskra,Prepaid,22,819.95,4.82,59,0,2,37.1,0
C15103,Tizi Ouzou,Prepaid,3,1432.12,38.67,37,2,4,-5.5,1
C15104,Algiers,Prepaid,18,1170.45,14.39,66,0,3,-5.2,0
C15105,Constantine,Prepaid,7,1994.32,23.56,71,1,4,15.1,0
C15106,Annaba,Prepaid,18,1568.12,7.81,50,0,2,11.3,0
C15107,Ouargla,Prepaid,20,1552.31,5.29,36,0,3,3.4,0
C15108,Chlef,Prepaid,2,2246.19,5.15,40,0,2,9.0,0
C15109,Algiers,Prepaid,7,1902.23,6.95,59,0,6,-8.8,0
C15110,Tlemcen,Prepaid,30,1919.22,17.05,28,1,2,1.6,0
C15111,Oran,Prepaid,16,1063.29,0.5,46,0,1,56.8,1
C15112,Tizi Ouzou,Prepaid,41,1161.69,20.6,2,0,6,-20.0,0
C15113,Batna,Postpaid,9,2343.52,17.24,39,0,1,47.6,0
C15114,Ghardaia,Prepaid,12,1420.02,4.7,79,1,3,29.4,0
C15115,Setif,Prepaid,42,1690.23,4.97,13,2,3,46.0,1
C15116,Ouargla,Postpaid,4,2390.87,0.6,53,1,1,38.4,1
C15117,Ghardaia,Postpaid,12,1522.55,3.03,51,0,1,20.5,0
C15118,Setif,Postpaid,11,2188.04,1.55,2,0,1,-11.1,0
C15119,Blida,Prepaid,36,1612.02,77.99,32,0,1,41.7,0
C15120,Oran,Postpaid,17,3054.18,5.05,12,1,1,34.1,0
C15121,Chlef,Prepaid,13,953.1,34.18,43,1,1,-0.1,0
C15122,Batna,Prepaid,21,1846.72,19.97,16,0,2,17.5,0
C15123,Algiers,Prepaid,21,1550.8,11.95,28,1,3,65.4,0
C15124,Blida,Prepaid,17,1366.9,20.44,5,0,5,21.5,0
C15125,Annaba,Prepaid,32,971.9,13.25,44,1,3,-20.0,0
C15126,Setif,Prepaid,9,1443.0,38.89,7,0,2,3.9,1
C15127,Bejaia,Prepaid,15,952.14,16.97,109,0,3,-15.0,0
C15128,Ouargla,Prepaid,30,629.85,30.42,46,0,1,-7.6,0
C15129,Setif,Prepaid,7,1607.8,5.1,46,2,3,21.3,1
C15130,Tiaret,Postpaid,7,1591.02,3.26,68,0,1,28.5,0
C15131,Bejaia,Prepaid,8,1586.39,4.22,40,1,2,41.2,1
C15132,Annaba,Postpaid,20,3240.02,1.53,21,1,1,24.7,0
C15133,Batna,Postpaid,7,3085.15,7.55,56,0,1,-20.0,0
C15134,Blida,Prepaid,6,1163.93,1.38,51,0,5,20.4,0
C15135,Bejaia,Prepaid,2,1141.21,11.1,46,0,1,-5.0,0
C15136,Batna,Prepaid,7,951.88,4.33,18,1,1,51.6,1
C15137,Ouargla,Prepaid,6,1331.44,1.55,26,0,3,27.8,0
C15138,Ouargla,Prepaid,39,1912.68,7.09,27,0,2,48.9,0
C15139,Annaba,Prepaid,20,1592.84,18.98,64,0,3,-20.0,0
C15140,Tiaret,Postpaid,45,2493.43,10.88,28,1,1,23.4,0
C15141,Tizi Ouzou,Prepaid,24,1536.67,2.63,9,0,5,3.4,0
C15142,Chlef,Prepaid,12,786.94,18.87,67,0,4,29.4,0
C15143,Ouargla,Prepaid,12,1301.78,68.0,10,0,4,75.4,0
C15144,Ouargla,Postpaid,31,2988.43,32.36,23,0,1,-20.0,0
C15145,Annaba,Prepaid,39,1738.77,4.95,18,0,4,13.4,0
C15146,Constantine,Prepaid,18,1953.6,28.37,2,0,4,46.2,0
C15147,Algiers,Postpaid,24,2995.99,15.77,48,1,1,-6.5,0
C15148,Tizi Ouzou,Prepaid,45,1566.48,1.75,57,1,3,0.1,0
C15149,Tlemcen,Postpaid,16,1242.25,2.27,27,2,1,14.9,0
C15150,Algiers,Prepaid,21,2004.97,3.66,44,0,7,37.6,0
C15151,Annaba,Prepaid,13,1009.69,6.69,65,0,1,58.9,0
C15152,Chlef,Prepaid,39,1375.44,2.8,48,1,3,6.5,0
C15153,Blida,Prepaid,21,1255.16,0.5,38,0,3,-8.2,0
C15154,Biskra,Postpaid,22,2663.3,28.56,37,1,1,-20.0,0
C15155,Ghardaia,Postpaid,45,1554.7,10.22,41,0,1,20.2,0
C15156,Tiaret,Prepaid,2,799.19,6.65,45,2,3,21.4,1
C15157,Tizi Ouzou,Prepaid,42,744.51,3.16,45,1,3,20.5,0
C15158,Algiers,Prepaid,1,2020.34,10.36,60,1,4,16.8,0
C15159,Blida,Prepaid,48,1598.56,13.54,59,2,7,40.9,1
C15160,Algiers,Postpaid,11,2255.81,26.62,110,1,1,27.0,0
C15161,Ouargla,Postpaid,24,2304.36,10.25,47,0,1,-8.3,0
C15162,Biskra,Postpaid,11,1549.92,3.26,24,0,1,33.4,0
C15163,Tlemcen,Prepaid,36,1077.6,27.9,32,0,5,29.9,0
C15164,Ghardaia,Postpaid,22,2414.58,23.04,72,2,1,34.0,0
C15165,Tiaret,Prepaid,26,1074.5,3.35,18,2,1,8.3,1
C15166,Tiaret,Prepaid,18,1463.48,45.17,77,1,4,-1.9,0
C15167,Setif,Postpaid,15,2880.02,4.53,37,0,1,45.2,0
C15168,Oran,Prepaid,15,1336.19,8.78,32,1,2,14.8,0
C15169,Annaba,Prepaid,10,1863.88,4.12,29,0,3,36.1,1
C15170,Chlef,Prepaid,19,1446.87,24.62,46,1,4,-11.5,0
C15171,Annaba,Postpaid,15,2751.19,4.45,21,1,1,12.6,0
C15172,Tlemcen,Prepaid,10,1294.89,5.86,35,0,4,36.5,0
C15173,Batna,Prepaid,31,1700.52,31.91,68,0,3,23.5,0
C15174,Algiers,Prepaid,18,1200.68,8.21,69,0,4,29.0,0
C15175,Constantine,Prepaid,35,1935.87,14.11,42,0,4,38.8,0
C15176,Tiaret,Prepaid,4,1930.42,14.76,59,1,4,-20.0,0
C15177,Setif,Prepaid,32,824.71,9.11,21,0,4,22.2,0
C15178,Oran,Prepaid,27,1460.2,13.7,40,0,1,36.5,0
C15179,Algiers,Prepaid,28,2540.69,15.39,68,0,2,32.0,0
C15180,Tizi Ouzou,Prepaid,15,1328.12,17.77,16,1,2,6.4,0
C15181,Annaba,Prepaid,23,721.08,17.16,88,0,6,78.2,0
C15182,Tizi Ouzou,Prepaid,22,1487.65,39.45,28,0,3,32.3,0
C15183,Ghardaia,Prepaid,42,1272.41,12.7,25,0,4,20.5,0
C15184,Chlef,Prepaid,29,1431.17,5.69,76,0,3,33.1,0
C15185,Tlemcen,Prepaid,24,2062.47,4.24,41,0,2,30.3,0
C15186,Tiaret,Prepaid,7,1563.95,11.12,24,1,1,9.2,1
C15187,Tizi Ouzou,Prepaid,8,1833.82,33.93,16,0,2,-0.8,1
C15188,Blida,Prepaid,15,2456.34,16.04,53,0,4,-20.0,0
C15189,Batna,Postpaid,9,3111.14,32.26,76,1,1,-20.0,0
C15190,Tiaret,Prepaid,12,1730.92,11.64,39,0,1,12.8,0
C15191,Oran,Prepaid,58,1584.3,1.13,47,0,1,-3.9,0
C15192,Bejaia,Postpaid,6,1863.79,24.83,45,0,1,51.9,0
C15193,Oran,Prepaid,53,1509.73,2.48,63,0,2,21.4,0
C15194,Chlef,Prepaid,10,1124.09,9.97,29,0,3,33.0,0
C15195,Constantine,Prepaid,22,1407.61,0.59,37,0,3,50.4,0
C15196,Biskra,Postpaid,25,2245.95,31.33,34,1,1,-9.0,0
C15197,Ghardaia,Postpaid,4,2806.45,7.78,102,1,1,49.7,0
C15198,Tlemcen,Prepaid,2,2003.87,5.39,10,0,3,2.3,1
C15199,Oran,Prepaid,24,1330.69,17.48,2,0,3,65.0,0
C15200,Bejaia,Prepaid,15,2341.88,6.52,60,0,1,-4.2,0
C15201,Bejaia,Prepaid,18,1409.87,35.94,36,0,5,56.9,0
C15202,Algiers,Prepaid,6,2164.26,1.56,31,1,4,-5.6,1
C15203,Tlemcen,Prepaid,4,1587.91,0.5,67,0,2,46.3,1
C15204,Biskra,Prepaid,11,1771.73,19.66,48,1,4,43.8,1
C15205,Constantine,Prepaid,27,1465.78,7.06,46,1,5,25.9,0
C15206,Annaba,Postpaid,7,2639.19,2.4,39,1,1,-20.0,0
C15207,Setif,Prepaid,15,624.47,7.23,65,2,3,48.0,1
C15208,Setif,Postpaid,13,3873.59,7.83,62,0,1,4.6,0
C15209,Ghardaia,Prepaid,28,1145.18,15.68,47,0,1,-11.6,0
C15210,Blida,Prepaid,8,2547.26,28.61,43,2,3,60.8,1
C15211,Tizi Ouzou,Prepaid,18,1800.85,18.97,42,0,3,-5.5,0
C15212,Ouargla,Prepaid,15,1545.72,7.74,29,1,1,49.0,0
C15213,Tlemcen,Postpaid,7,2747.34,0.5,51,2,1,-18.9,1
C15214,Tiaret,Prepaid,45,810.07,5.74,64,0,2,26.4,0
C15215,Ghardaia,Prepaid,25,559.23,16.47,51,1,4,-20.0,0
C15216,Tiaret,Prepaid,1,2315.73,3.06,68,2,5,41.1,1
C15217,Blida,Prepaid,10,1700.53,5.31,45,0,3,15.9,0
C15218,Blida,Prepaid,23,1062.27,18.14,42,0,1,27.8,0
C15219,Batna,Prepaid,13,400.0,85.0,2,0,1,-8.0,0
C15220,Setif,Prepaid,31,1437.56,8.91,39,0,3,31.5,0
C15221,Annaba,Prepaid,18,1870.27,10.05,50,0,1,-2.5,0
C15222,Oran,Prepaid,39,1626.14,12.68,40,0,3,32.5,0
C15223,Annaba,Prepaid,15,400.0,12.13,63,0,1,35.9,0
C15224,Constantine,Prepaid,16,1233.51,39.43,79,1,3,17.7,0
C15225,Ouargla,Prepaid,4,980.19,1.03,28,2,3,-20.0,1
C15226,Ouargla,Prepaid,41,1341.02,0.76,37,1,2,60.9,1
C15227,Bejaia,Prepaid,19,1534.56,23.25,16,0,1,59.2,0
C15228,Oran,Postpaid,15,3256.27,1.84,62,1,1,37.8,0
C15229,Constantine,Prepaid,19,1434.51,21.28,11,0,4,2.7,0
C15230,Oran,Postpaid,26,1688.15,9.68,18,2,1,33.3,0
C15231,Constantine,Postpaid,51,2314.54,16.04,28,2,1,-20.0,0
C15232,Batna,Prepaid,22,624.66,1.29,67,0,2,2.9,0
C15233,Batna,Prepaid,13,1398.94,10.46,3,1,3,-20.0,0
C15234,Blida,Prepaid,18,1227.47,8.84,21,0,1,7.2,0
C15235,Tlemcen,Prepaid,28,1055.51,23.34,78,0,4,-10.6,0
C15236,Oran,Prepaid,40,1445.63,0.5,2,0,3,-12.8,0
C15237,Chlef,Postpaid,34,3577.46,27.32,39,1,1,51.1,0
C15238,Blida,Postpaid,12,2119.82,2.0,28,1,1,51.4,0
C15239,Ouargla,Postpaid,15,2665.3,29.64,34,0,1,52.5,0
C15240,Annaba,Prepaid,10,1636.8,18.43,33,1,2,2.8,1
C15241,Batna,Prepaid,7,1225.6,28.56,28,0,4,10.8,0
C15242,Setif,Postpaid,39,1748.02,50.56,29,4,1,29.7,1
C15243,Batna,Prepaid,37,1507.25,2.7,54,0,4,-20.0,0
C15244,Setif,Prepaid,15,1876.23,11.63,57,2,3,26.0,0
C15245,Ghardaia,Prepaid,9,1515.27,9.77,81,0,3,14.4,0
C15246,Oran,Prepaid,16,1402.99,16.32,46,0,3,32.2,0
C15247,Oran,Prepaid,18,1036.91,3.32,48,2,3,-6.1,0
C15248,Constantine,Prepaid,2,417.31,1.14,30,0,2,-6.6,0
C15249,Ouargla,Prepaid,9,851.83,7.77,45,1,2,11.4,1
C15250,Biskra,Prepaid,14,1356.03,18.47,34,0,4,66.5,0
C15251,Setif,Prepaid,12,907.19,10.87,6,0,4,12.6,0
C15252,Ghardaia,Prepaid,9,1055.24,25.73,43,1,2,6.1,1
C15253,Tiaret,Prepaid,13,814.54,4.12,61,1,4,17.4,0
C15254,Tiaret,Prepaid,29,1270.77,6.97,78,2,1,12.5,0
C15255,Bejaia,Prepaid,40,1326.83,3.03,45,0,2,18.0,0
C15256,Algiers,Prepaid,9,1635.87,6.95,64,0,4,41.6,0
C15257,Annaba,Prepaid,13,1218.0,23.13,54,1,2,-12.1,0
C15258,Ghardaia,Postpaid,8,2224.02,8.63,43,0,1,15.5,0
C15259,Ghardaia,Prepaid,34,1211.57,36.43,40,0,3,37.7,0
C15260,Blida,Prepaid,36,1282.14,5.25,10,0,1,41.0,0
C15261,Constantine,Prepaid,9,475.49,3.65,62,0,5,13.6,0
C15262,Oran,Prepaid,27,1862.18,16.06,59,0,2,-17.3,0
C15263,Tiaret,Prepaid,14,1332.68,8.29,74,1,1,48.5,0
C15264,Annaba,Prepaid,8,2354.29,3.56,55,0,3,16.9,1
C15265,Blida,Postpaid,27,2066.74,2.82,31,2,1,31.9,0
C15266,Tlemcen,Prepaid,44,445.86,0.98,35,0,3,52.9,0
C15267,Chlef,Prepaid,21,1810.61,0.65,59,0,2,9.5,1
C15268,Algiers,Prepaid,13,418.2,11.07,81,0,2,23.2,0
C15269,Biskra,Postpaid,23,2895.44,4.27,42,0,1,18.7,0
C15270,Setif,Prepaid,16,1523.02,1.9,64,0,3,53.1,0
C15271,Setif,Prepaid,11,400.0,33.02,43,1,2,-20.0,1
C15272,Ghardaia,Prepaid,19,2228.86,19.6,43,1,5,47.6,0
C15273,Constantine,Prepaid,23,1598.58,4.79,12,1,4,9.5,0
C15274,Algiers,Prepaid,10,1871.05,18.95,58,0,3,27.1,0
C15275,Tlemcen,Prepaid,34,1064.3,19.4,52,0,2,21.9,0
C15276,Ghardaia,Prepaid,11,740.73,22.08,52,0,3,31.8,0
C15277,Batna,Postpaid,7,2203.18,6.18,47,0,1,26.2,0
C15278,Chlef,Prepaid,19,1095.82,35.26,33,0,6,-2.4,0
C15279,Tiaret,Postpaid,32,2606.53,34.94,82,1,1,23.6,0
C15280,Chlef,Prepaid,5,1477.09,2.37,32,0,6,25.3,0
C15281,Annaba,Prepaid,26,1376.71,2.08,62,1,3,18.4,0
C15282,Oran,Prepaid,18,1335.92,22.3,61,0,3,19.9,0
C15283,Batna,Prepaid,1,645.4,4.91,24,0,4,25.1,0
C15284,Oran,Prepaid,13,1174.28,38.31,44,0,2,23.1,0
C15285,Ouargla,Prepaid,13,1194.04,11.05,5,0,1,30.4,0
C15286,Ouargla,Prepaid,17,2084.04,19.76,72,0,3,49.8,0
C15287,Constantine,Prepaid,10,1450.36,4.26,66,1,1,47.4,1
C15288,Oran,Prepaid,18,2422.5,30.17,40,0,3,-1.4,0
C15289,Algiers,Postpaid,26,2832.35,9.05,65,1,1,-1.3,0
C15290,Algiers,Postpaid,23,1198.76,18.69,88,0,1,3.1,0
C15291,Ghardaia,Prepaid,12,400.0,18.8,50,0,2,3.5,0
C15292,Ouargla,Prepaid,10,570.08,1.22,32,0,2,34.4,1
C15293,Annaba,Prepaid,10,1636.58,28.58,48,1,3,52.4,1
C15294,Constantine,Prepaid,10,1680.12,12.54,62,0,4,12.3,0
C15295,Annaba,Prepaid,7,1652.84,21.2,71,0,1,4.7,0
C15296,Ghardaia,Prepaid,19,807.04,28.0,63,1,3,3.3,0
C15297,Tlemcen,Prepaid,22,1338.59,44.49,66,2,3,42.4,0
C15298,Blida,Prepaid,10,1898.05,0.5,20,0,4,34.8,0
C15299,Biskra,Prepaid,17,1087.98,12.2,35,0,2,5.3,0
C15300,Biskra,Prepaid,19,2051.74,2.28,22,2,3,70.6,1
C15301,Biskra,Prepaid,7,1658.24,6.71,77,1,1,38.7,1
C15302,Oran,Prepaid,37,1498.77,5.94,75,0,6,65.8,0
C15303,Bejaia,Postpaid,13,3438.55,7.75,27,1,1,-11.9,0
C15304,Bejaia,Postpaid,2,2465.12,17.53,36,1,1,25.9,1
C15305,Setif,Postpaid,12,2290.66,4.24,6,0,1,12.6,0
C15306,Tizi Ouzou,Prepaid,32,1843.48,1.65,60,1,3,13.0,0
C15307,Ghardaia,Prepaid,18,949.07,30.99,59,3,4,30.5,0
C15308,Oran,Prepaid,26,1051.72,15.42,51,0,4,-8.1,0
C15309,Algiers,Prepaid,23,1778.03,12.07,58,0,3,11.8,0
C15310,Oran,Prepaid,25,1176.37,4.05,62,0,3,44.4,0
C15311,Annaba,Prepaid,2,438.97,12.74,2,0,2,33.9,1
C15312,Tizi Ouzou,Prepaid,26,1370.22,13.5,78,1,3,25.1,0
C15313,Biskra,Prepaid,38,1398.64,15.88,71,0,1,43.3,0
C15314,Batna,Prepaid,10,1490.53,3.2,40,0,1,-8.0,0
C15315,Ouargla,Prepaid,11,1287.16,12.22,56,2,1,12.6,1
C15316,Constantine,Prepaid,29,1314.22,0.5,51,1,1,28.5,0
C15317,Oran,Prepaid,18,570.76,9.99,46,0,1,24.9,0
C15318,Tizi Ouzou,Postpaid,5,2848.04,11.26,80,0,1,19.4,0
C15319,Ghardaia,Prepaid,13,591.28,1.28,92,0,4,38.8,0
C15320,Ghardaia,Prepaid,23,807.15,14.7,20,0,1,23.3,0
C15321,Ouargla,Prepaid,46,1518.04,4.27,56,1,3,2.5,0
C15322,Blida,Prepaid,28,956.38,8.93,65,0,3,35.2,0
C15323,Oran,Postpaid,3,2726.45,33.93,5,0,1,18.1,0
C15324,Algiers,Prepaid,19,2255.96,31.62,67,1,2,-20.0,0
C15325,Batna,Prepaid,33,1184.78,14.0,60,1,1,65.0,1
C15326,Algiers,Prepaid,46,457.33,18.07,15,0,4,30.8,0
C15327,Constantine,Postpaid,23,2941.13,24.51,36,2,1,17.3,0
C15328,Tizi Ouzou,Prepaid,7,1919.33,53.91,83,0,3,36.8,0
C15329,Bejaia,Postpaid,6,2257.86,22.83,49,1,1,36.3,0
C15330,Tlemcen,Prepaid,24,908.25,11.04,78,0,1,-20.0,0
C15331,Ghardaia,Postpaid,27,2345.85,23.18,61,2,1,39.7,0
C15332,Tiaret,Postpaid,21,2681.4,23.95,64,1,1,26.3,0
C15333,Tlemcen,Prepaid,16,1230.68,11.08,24,0,4,5.4,0
C15334,Batna,Prepaid,12,2481.62,3.01,56,1,6,18.3,0
C15335,Algiers,Prepaid,4,1558.51,0.82,48,0,2,-15.6,0
C15336,Tlemcen,Prepaid,13,1961.99,6.21,49,0,3,11.7,0
C15337,Biskra,Prepaid,18,1418.33,10.65,46,1,4,29.2,0
C15338,Tlemcen,Prepaid,27,1622.48,0.5,34,2,2,22.0,1
C15339,Constantine,Prepaid,51,1156.84,22.08,52,1,4,-5.8,0
C15340,Blida,Prepaid,48,980.55,28.0,34,0,2,-5.6,0
C15341,Annaba,Prepaid,8,427.65,14.07,53,0,6,34.7,1
C15342,Tizi Ouzou,Prepaid,72,1296.09,9.16,50,0,3,48.4,0
C15343,Constantine,Prepaid,32,1875.43,3.11,52,0,5,20.1,0
C15344,Setif,Prepaid,7,836.31,28.32,31,1,2,20.2,1
C15345,Setif,Prepaid,14,1523.09,7.35,56,0,3,5.3,0
C15346,Batna,Prepaid,24,560.22,5.51,54,0,5,-5.6,0
C15347,Tizi Ouzou,Prepaid,15,1097.65,66.89,85,0,1,-11.3,0
C15348,Constantine,Postpaid,3,2177.46,0.91,25,0,1,19.4,0
C15349,Algiers,Postpaid,13,2241.07,9.71,91,0,1,-20.0,0
C15350,Bejaia,Prepaid,16,1891.24,8.91,53,0,4,32.2,0
C15351,Bejaia,Postpaid,29,3944.2,19.6,65,0,1,47.2,0
C15352,Bejaia,Postpaid,24,2139.53,15.33,17,0,1,0.9,0
C15353,Annaba,Prepaid,35,1269.62,19.51,67,0,2,33.8,0
C15354,Biskra,Prepaid,12,1232.02,3.09,14,1,4,16.7,0
C15355,Setif,Prepaid,13,843.26,9.08,21,0,2,1.9,0
C15356,Batna,Postpaid,24,2598.84,2.59,51,2,1,8.0,0
C15357,Tlemcen,Prepaid,16,906.81,1.1,60,1,3,-0.3,0
C15358,Tizi Ouzou,Postpaid,4,1682.26,23.95,20,0,1,19.5,0
C15359,Chlef,Prepaid,22,1062.54,38.36,65,0,1,32.1,0
C15360,Batna,Prepaid,5,1366.4,8.05,69,0,2,1.1,1
C15361,Algiers,Prepaid,22,2035.3,3.69,34,0,2,4.9,0
C15362,Oran,Prepaid,7,1329.3,23.65,48,0,1,22.1,0
C15363,Setif,Prepaid,63,1410.85,4.67,44,0,3,28.9,0
C15364,Tlemcen,Prepaid,54,2001.78,1.83,33,0,2,27.3,0
C15365,Constantine,Prepaid,22,1592.54,22.35,65,0,1,21.6,0
C15366,Tlemcen,Prepaid,22,1282.42,13.82,75,0,5,4.3,0
C15367,Annaba,Prepaid,50,1971.93,5.1,38,1,2,-15.3,0
C15368,Biskra,Prepaid,15,1048.99,8.7,46,0,3,43.5,0
C15369,Tizi Ouzou,Prepaid,11,708.66,7.13,81,0,4,25.0,0
C15370,Ouargla,Prepaid,7,1730.03,2.47,12,0,2,31.0,1
C15371,Chlef,Prepaid,67,2139.8,1.96,61,0,1,56.4,0
C15372,Annaba,Prepaid,10,689.11,33.89,102,0,3,9.5,0
C15373,Biskra,Prepaid,10,1256.7,9.13,42,0,5,64.0,1
C15374,Ouargla,Prepaid,16,816.66,36.52,72,0,4,62.4,0
C15375,Chlef,Prepaid,2,1415.25,25.36,50,0,2,0.6,0
C15376,Ouargla,Prepaid,22,1565.55,10.96,62,1,1,23.4,0
C15377,Algiers,Postpaid,38,2484.72,1.13,43,0,1,11.2,0
C15378,Tlemcen,Prepaid,3,1772.72,21.75,46,0,2,29.2,1
C15379,Ouargla,Prepaid,21,1665.49,0.5,47,0,2,-10.0,0
C15380,Tiaret,Prepaid,23,1885.1,7.05,61,0,4,23.4,0
C15381,Blida,Prepaid,27,2369.29,11.25,59,1,3,25.1,0
C15382,Batna,Prepaid,17,1412.46,3.61,2,1,3,9.6,0
C15383,Chlef,Prepaid,15,1518.15,0.66,43,0,3,42.6,0
C15384,Ouargla,Prepaid,14,1933.38,2.53,47,0,4,0.2,0
C15385,Batna,Postpaid,43,1820.91,1.88,36,1,1,17.3,0
C15386,Blida,Prepaid,15,1770.49,7.25,49,0,4,23.3,0
C15387,Tizi Ouzou,Prepaid,3,1073.98,26.02,54,1,3,15.4,1
C15388,Bejaia,Prepaid,6,1649.11,5.07,32,1,2,-10.4,0
C15389,Chlef,Postpaid,6,2799.18,26.29,62,0,1,31.0,0
C15390,Blida,Prepaid,3,2052.45,17.72,51,0,1,53.2,1
C15391,Tlemcen,Prepaid,21,1405.07,16.48,2,0,5,24.6,0
C15392,Setif,Prepaid,5,1529.06,12.64,25,0,2,25.0,1
C15393,Constantine,Prepaid,33,1438.42,30.86,14,0,5,6.1,0
C15394,Algiers,Prepaid,5,1134.67,38.16,37,0,2,-10.0,0
C15395,Blida,Prepaid,19,994.28,6.55,71,2,1,6.9,1
C15396,Bejaia,Prepaid,43,1518.39,4.51,45,1,4,-5.3,0
C15397,Annaba,Prepaid,12,1608.25,11.09,39,0,5,13.4,0
C15398,Algiers,Prepaid,15,1120.24,46.05,75,0,4,57.6,0
C15399,Tizi Ouzou,Prepaid,18,2018.11,17.2,50,0,2,10.5,0
C15400,Ouargla,Prepaid,29,1872.65,39.02,29,0,2,18.8,0
C15401,Ouargla,Postpaid,14,2796.43,10.79,49,0,1,53.3,0
C15402,Setif,Prepaid,3,1689.76,15.19,56,1,1,47.1,1
C15403,Algiers,Postpaid,15,3618.25,1.85,29,1,1,-11.8,0
C15404,Ouargla,Prepaid,32,1572.34,1.49,32,0,3,69.1,0
C15405,Batna,Prepaid,15,799.48,30.47,53,0,3,-10.7,0
C15406,Chlef,Prepaid,12,1651.54,19.77,45,0,4,45.9,0
C15407,Blida,Prepaid,25,1672.48,0.5,49,1,4,23.2,0
C15408,Ouargla,Prepaid,7,1505.44,13.73,21,0,1,10.0,0
C15409,Bejaia,Prepaid,33,1016.48,3.78,2,0,3,12.6,0
C15410,Annaba,Prepaid,11,1941.13,41.54,44,0,3,21.5,0
C15411,Constantine,Prepaid,18,1106.08,25.15,90,0,3,36.0,0
C15412,Oran,Prepaid,70,1537.51,31.34,45,1,5,-20.0,0
C15413,Annaba,Prepaid,13,1272.0,16.33,35,0,3,50.2,0
C15414,Biskra,Prepaid,14,1984.63,20.94,66,0,3,5.6,0
C15415,Annaba,Prepaid,16,1909.43,6.11,44,1,3,-20.0,0
C15416,Setif,Prepaid,7,2705.02,8.09,88,0,4,15.6,0
C15417,Chlef,Prepaid,29,1595.98,10.48,50,0,2,57.6,0
C15418,Ghardaia,Prepaid,4,1783.38,13.31,52,0,3,5.0,0
C15419,Ouargla,Prepaid,10,1405.47,7.49,25,1,2,-16.5,0
C15420,Tizi Ouzou,Prepaid,6,1783.75,2.64,62,0,3,18.4,1
C15421,Tiaret,Prepaid,11,2444.18,30.15,29,0,4,21.2,0
C15422,Algiers,Prepaid,3,758.05,1.93,49,1,1,4.6,1
C15423,Ouargla,Prepaid,21,977.36,0.5,24,0,4,11.2,0
C15424,Annaba,Prepaid,48,1530.61,11.01,32,0,3,8.0,0
C15425,Bejaia,Prepaid,14,400.0,7.87,78,0,2,17.0,0
C15426,Ghardaia,Prepaid,8,520.36,25.61,33,0,6,34.3,0
C15427,Ouargla,Postpaid,15,2729.4,5.6,22,1,1,26.8,0
C15428,Tlemcen,Prepaid,14,1441.89,5.5,60,1,4,42.5,0
C15429,Blida,Prepaid,12,875.49,1.45,28,1,2,3.5,1
C15430,Tizi Ouzou,Prepaid,50,1242.85,0.5,62,0,5,-20.0,0
C15431,Ghardaia,Prepaid,2,400.0,7.39,39,0,5,-17.7,0
C15432,Ghardaia,Prepaid,28,2285.34,24.09,69,2,4,-2.3,0
C15433,Constantine,Prepaid,24,1751.18,4.79,42,0,2,16.0,0
C15434,Constantine,Prepaid,17,1211.5,74.35,62,0,2,-10.8,0
C15435,Annaba,Prepaid,46,1378.38,32.32,72,1,3,-13.0,0
C15436,Bejaia,Postpaid,20,2135.09,8.84,27,0,1,45.4,0
C15437,Blida,Prepaid,30,400.0,17.55,48,3,6,-20.0,0
C15438,Ouargla,Prepaid,23,1040.81,11.25,40,0,4,22.4,0
C15439,Tiaret,Prepaid,10,1019.24,10.44,65,2,2,38.9,1
C15440,Tiaret,Prepaid,4,1852.18,17.26,28,1,4,52.4,1
C15441,Blida,Prepaid,35,1863.18,1.47,36,0,3,10.7,0
C15442,Tizi Ouzou,Prepaid,18,1037.28,12.58,47,0,5,35.1,0
C15443,Bejaia,Prepaid,20,691.47,13.09,64,1,4,13.1,0
C15444,Algiers,Prepaid,14,1410.77,8.23,33,1,2,14.9,0
C15445,Tiaret,Postpaid,5,944.77,4.98,34,1,1,39.1,1
C15446,Tiaret,Postpaid,24,2556.04,85.0,30,0,1,44.1,0
C15447,Blida,Prepaid,8,1708.18,0.5,88,0,4,-20.0,0
C15448,Bejaia,Prepaid,4,1428.79,19.77,21,1,3,32.1,1
C15449,Bejaia,Prepaid,40,906.06,0.5,6,0,4,38.3,0
C15450,Constantine,Prepaid,15,1050.61,51.2,32,0,2,12.1,0
C15451,Bejaia,Postpaid,12,3297.9,7.25,84,0,1,-7.9,0
C15452,Annaba,Postpaid,4,2760.01,23.92,47,2,2,10.9,1
C15453,Ghardaia,Prepaid,3,868.97,3.57,76,0,5,-4.4,0
C15454,Ouargla,Prepaid,21,1248.66,11.31,23,0,4,10.5,0
C15455,Tizi Ouzou,Prepaid,12,1552.89,8.42,38,0,5,-5.1,0
C15456,Batna,Prepaid,8,999.51,0.94,74,1,4,-20.0,1
C15457,Chlef,Prepaid,9,1293.19,3.01,74,1,5,-12.6,1
C15458,Setif,Prepaid,12,1520.35,2.92,26,1,3,42.9,0
C15459,Constantine,Prepaid,6,400.0,17.84,67,3,5,-0.9,1
C15460,Batna,Postpaid,23,3269.0,4.0,28,0,1,-20.0,0
C15461,Algiers,Postpaid,23,2412.83,14.23,58,2,1,19.5,0
C15462,Oran,Prepaid,14,839.19,20.51,55,0,4,18.9,0
C15463,Algiers,Prepaid,1,400.0,12.22,65,0,3,38.1,0
C15464,Annaba,Prepaid,9,992.2,16.49,49,1,1,36.8,1
C15465,Bejaia,Prepaid,5,1657.46,5.37,39,1,3,34.8,1
C15466,Annaba,Prepaid,15,2067.25,31.58,29,1,3,21.2,0
C15467,Algiers,Prepaid,23,1102.47,1.23,76,0,1,3.7,0
C15468,Chlef,Prepaid,8,1522.57,39.22,40,0,2,21.7,0
C15469,Batna,Postpaid,20,2972.18,19.33,68,0,1,-5.3,0
C15470,Algiers,Prepaid,21,1376.23,16.89,35,1,3,-3.0,0
C15471,Blida,Prepaid,40,2025.95,52.22,47,1,3,-9.4,0
C15472,Tizi Ouzou,Prepaid,17,1608.5,1.74,58,2,1,20.3,1
C15473,Bejaia,Prepaid,28,909.04,1.84,67,0,4,37.1,0
C15474,Annaba,Prepaid,5,803.69,13.18,27,0,4,13.5,0
C15475,Ouargla,Postpaid,24,2872.4,21.0,65,0,1,-0.5,0
C15476,Constantine,Prepaid,27,1567.39,31.44,68,3,2,42.5,1
C15477,Blida,Prepaid,9,1567.08,22.62,4,0,5,54.4,0
C15478,Tiaret,Postpaid,29,1646.86,39.32,54,2,1,10.9,0
C15479,Constantine,Prepaid,11,1266.95,24.11,34,2,3,35.3,1
C15480,Tizi Ouzou,Prepaid,39,1496.13,22.9,103,0,2,22.3,0
C15481,Ouargla,Postpaid,19,2389.05,12.25,28,1,1,-20.0,0
C15482,Ghardaia,Prepaid,12,1539.47,3.83,27,0,3,15.8,0
C15483,Ghardaia,Prepaid,17,1878.18,8.77,41,0,1,39.1,0
C15484,Blida,Prepaid,32,400.0,68.29,54,2,4,16.0,0
C15485,Algiers,Prepaid,3,728.08,7.13,57,1,3,27.0,1
C15486,Algiers,Prepaid,7,1885.39,4.25,31,1,3,25.9,1
C15487,Constantine,Postpaid,51,2182.33,28.15,64,1,1,36.3,0
C15488,Bejaia,Prepaid,10,1251.96,12.9,45,0,1,15.3,1
C15489,Tiaret,Prepaid,34,993.25,2.07,26,1,1,33.4,1
C15490,Tizi Ouzou,Prepaid,22,1386.02,12.86,53,0,2,0.2,0
C15491,Constantine,Prepaid,6,1471.6,6.4,83,1,3,37.0,1
C15492,Ouargla,Prepaid,15,1547.55,3.68,36,0,3,31.4,0
C15493,Oran,Prepaid,40,889.97,7.8,60,0,5,12.1,0
C15494,Ghardaia,Prepaid,4,2109.37,16.9,39,0,2,39.3,1
C15495,Chlef,Prepaid,2,719.94,61.92,90,0,4,27.9,0
C15496,Ghardaia,Postpaid,10,2853.29,13.22,38,1,1,20.1,0
C15497,Blida,Prepaid,2,1358.17,23.86,54,1,7,37.8,1
C15498,Oran,Prepaid,18,1936.11,21.01,59,1,2,5.3,0
C15499,Blida,Prepaid,52,1725.24,16.16,64,0,2,4.4,0
C15500,Tiaret,Prepaid,15,2120.68,19.69,43,2,4,51.4,1
C15501,Biskra,Postpaid,2,1694.18,2.63,27,0,1,41.7,0
C15502,Tlemcen,Postpaid,4,2474.15,6.79,39,1,1,-8.9,0
C15503,Bejaia,Prepaid,21,1609.7,5.73,35,1,4,3.5,0
C15504,Oran,Postpaid,24,2878.26,1.04,40,0,1,-3.8,0
C15505,Blida,Prepaid,19,1411.06,5.71,37,0,5,11.1,0
C15506,Setif,Prepaid,10,1547.58,20.3,59,0,3,50.8,0
C15507,Blida,Prepaid,17,1176.1,6.34,65,0,2,20.7,0
C15508,Constantine,Prepaid,12,499.07,20.28,57,0,4,11.1,0
C15509,Constantine,Postpaid,23,2389.58,5.52,20,0,1,24.2,0
C15510,Tiaret,Prepaid,39,936.9,6.25,102,1,2,44.0,0
C15511,Tlemcen,Prepaid,29,780.81,18.85,17,0,2,-8.6,0
C15512,Ouargla,Prepaid,12,2354.64,1.5,32,0,1,19.4,0
C15513,Biskra,Prepaid,16,1171.3,1.32,35,0,3,-20.0,0
C15514,Batna,Prepaid,3,1847.67,20.02,26,0,1,4.6,1
C15515,Biskra,Prepaid,3,1239.18,17.4,35,1,4,-8.2,0
C15516,Blida,Prepaid,58,400.0,6.14,81,0,3,-9.2,0
C15517,Constantine,Prepaid,17,1396.59,10.14,93,2,2,13.6,0
C15518,Tiaret,Postpaid,37,1607.48,7.46,38,0,1,-12.7,0
C15519,Chlef,Prepaid,2,1709.5,21.85,44,0,2,55.0,1
C15520,Tiaret,Prepaid,6,772.99,0.82,40,2,1,-20.0,1
C15521,Tizi Ouzou,Prepaid,4,1292.12,24.51,89,0,4,6.1,0
C15522,Tizi Ouzou,Prepaid,8,977.14,20.37,61,0,1,29.9,1
C15523,Bejaia,Prepaid,52,1643.04,5.46,92,0,4,24.3,0
C15524,Ouargla,Prepaid,37,1181.6,28.71,38,1,1,0.1,0
C15525,Blida,Prepaid,4,1174.75,9.79,8,1,5,13.0,0
C15526,Annaba,Prepaid,11,1368.75,4.74,24,0,2,40.4,1
C15527,Biskra,Postpaid,29,3849.43,48.21,48,2,1,-3.9,0
C15528,Bejaia,Prepaid,30,1644.08,7.11,42,0,5,-13.9,0
C15529,Ghardaia,Prepaid,24,1304.45,2.31,37,1,5,36.6,1
C15530,Constantine,Prepaid,20,2001.53,4.83,30,2,3,1.8,0
C15531,Tlemcen,Postpaid,14,2416.52,12.69,70,0,1,38.4,0
C15532,Setif,Prepaid,13,1572.09,4.16,56,0,6,-20.0,0
C15533,Tiaret,Prepaid,3,1181.68,24.96,56,0,3,15.1,0
C15534,Tiaret,Postpaid,43,3540.29,1.52,56,0,1,11.5,0
C15535,Setif,Prepaid,6,840.0,10.18,44,0,1,21.1,0
C15536,Constantine,Prepaid,32,810.5,3.29,33,1,4,-5.3,0
C15537,Constantine,Prepaid,21,1549.28,8.9,67,0,2,44.2,0
C15538,Tiaret,Prepaid,9,1201.95,3.11,71,2,5,2.1,1
C15539,Algiers,Prepaid,14,2088.29,15.76,12,0,4,-17.5,0
C15540,Tiaret,Postpaid,1,3539.93,5.23,47,0,1,41.4,0
C15541,Bejaia,Postpaid,17,1930.61,27.27,43,1,1,35.1,0
C15542,Tlemcen,Prepaid,14,1550.39,20.09,60,0,5,18.4,0
C15543,Ghardaia,Prepaid,42,1769.51,25.48,4,1,1,-1.4,0
C15544,Ouargla,Prepaid,2,1941.59,7.81,2,0,3,-7.8,0
C15545,Bejaia,Prepaid,7,1435.41,6.8,33,1,4,31.8,0
C15546,Algiers,Postpaid,45,3283.18,15.46,60,1,1,-20.0,0
C15547,Constantine,Prepaid,26,1946.2,7.15,62,0,3,43.0,0
C15548,Bejaia,Prepaid,13,681.03,0.81,29,0,4,-2.3,0
C15549,Blida,Postpaid,28,2486.94,3.91,39,0,1,-9.9,0
C15550,Tizi Ouzou,Prepaid,50,1853.47,36.18,71,1,4,32.6,0
C15551,Ouargla,Prepaid,12,1327.77,9.78,54,0,4,11.9,0
C15552,Bejaia,Prepaid,12,1524.78,48.67,64,2,1,10.9,0
C15553,Annaba,Prepaid,6,1760.32,22.34,50,0,4,55.1,1
C15554,Biskra,Postpaid,7,2841.59,31.1,53,0,1,16.1,0
C15555,Bejaia,Prepaid,39,838.23,6.68,34,0,5,-8.0,0
C15556,Oran,Prepaid,33,1670.28,12.75,20,0,1,25.5,0
C15557,Tizi Ouzou,Prepaid,34,1521.1,15.06,16,1,5,-5.0,0
C15558,Batna,Prepaid,5,1489.09,7.54,56,0,3,5.0,0
C15559,Constantine,Prepaid,3,1562.83,14.77,2,2,6,15.0,1
C15560,Blida,Prepaid,3,1944.04,21.34,47,1,1,-20.0,1
C15561,Tiaret,Postpaid,28,2570.5,30.52,29,0,1,1.1,0
C15562,Oran,Prepaid,27,764.64,14.21,43,0,1,-7.8,0
C15563,Annaba,Postpaid,19,3496.9,10.38,38,0,1,27.0,0
C15564,Blida,Prepaid,6,1237.96,12.95,63,1,2,16.3,1
C15565,Blida,Prepaid,11,1816.3,2.84,47,0,4,-7.7,0
C15566,Constantine,Prepaid,36,1951.16,6.1,45,0,4,-20.0,0
C15567,Biskra,Prepaid,16,1818.34,8.23,96,2,2,39.5,0
C15568,Tizi Ouzou,Prepaid,28,1853.46,3.89,57,1,3,25.8,0
C15569,Oran,Prepaid,14,1217.09,10.13,54,0,1,2.4,0
C15570,Ghardaia,Prepaid,44,736.1,14.22,91,0,2,4.3,0
C15571,Tiaret,Prepaid,46,1190.97,0.5,43,0,2,11.3,0
C15572,Biskra,Prepaid,21,792.11,1.19,64,0,4,-20.0,0
C15573,Biskra,Prepaid,7,1113.36,39.94,23,1,4,-7.9,0
C15574,Tiaret,Prepaid,12,1537.01,14.71,60,0,1,19.1,0
C15575,Tizi Ouzou,Prepaid,18,2247.99,5.01,37,0,3,-17.1,0
C15576,Blida,Prepaid,22,2009.77,14.14,101,0,3,33.6,0
C15577,Batna,Prepaid,16,1239.41,7.01,95,1,1,-16.1,0
C15578,Algiers,Prepaid,13,851.7,5.25,36,0,6,-8.5,0
C15579,Setif,Prepaid,31,1554.41,10.8,39,1,5,-11.9,0
C15580,Annaba,Prepaid,6,1702.49,1.52,71,1,5,1.2,0
C15581,Annaba,Prepaid,11,1059.74,11.91,56,0,3,-20.0,0
C15582,Tiaret,Prepaid,5,1761.18,6.77,51,0,3,41.9,0
C15583,Oran,Postpaid,27,4386.86,1.08,41,0,1,-20.0,0
C15584,Blida,Prepaid,19,746.18,5.58,32,2,3,50.2,1
C15585,Setif,Postpaid,10,3275.66,4.13,39,0,1,-1.9,0
C15586,Ouargla,Postpaid,18,2369.5,24.49,34,0,1,42.0,0
C15587,Oran,Prepaid,15,1507.43,23.41,42,0,3,30.5,0
C15588,Tiaret,Prepaid,13,1893.48,6.0,53,1,4,51.8,0
C15589,Algiers,Prepaid,10,400.0,6.01,73,1,3,-10.8,0
C15590,Algiers,Prepaid,30,541.63,2.64,68,1,2,31.8,1
C15591,Tlemcen,Prepaid,14,827.96,5.96,61,0,2,41.0,0
C15592,Batna,Prepaid,45,1525.08,15.02,50,0,4,19.2,0
C15593,Tiaret,Prepaid,35,2055.5,2.81,47,0,6,-12.3,0
C15594,Tlemcen,Prepaid,12,1170.15,26.41,49,0,2,0.3,0
C15595,Constantine,Prepaid,39,1534.55,11.45,76,0,6,-20.0,0
C15596,Tizi Ouzou,Postpaid,1,1756.77,6.9,64,2,1,25.2,1
C15597,Tlemcen,Prepaid,5,1249.91,1.22,50,0,2,-0.2,0
C15598,Batna,Postpaid,24,1919.02,7.36,92,1,1,45.3,0
C15599,Tizi Ouzou,Prepaid,20,1851.14,2.82,43,1,5,22.6,0
C15600,Tlemcen,Prepaid,4,1565.56,0.55,69,2,2,-20.0,1
C15601,Blida,Postpaid,22,3570.22,27.36,49,0,1,9.4,0
C15602,Chlef,Prepaid,22,1123.56,20.47,58,0,3,26.9,0
C15603,Tlemcen,Prepaid,23,1297.81,33.69,33,0,3,22.3,0
C15604,Oran,Prepaid,23,400.0,10.0,61,1,3,-11.7,0
C15605,Ghardaia,Prepaid,36,1232.39,15.29,49,1,5,49.7,0
C15606,Batna,Postpaid,14,2361.26,27.64,70,1,1,-1.7,0
C15607,Ouargla,Postpaid,2,1830.98,13.89,35,2,1,36.0,1
C15608,Ghardaia,Postpaid,15,2402.99,23.62,51,1,1,-5.9,0
C15609,Bejaia,Prepaid,9,1269.25,4.24,45,3,4,9.1,1
C15610,Biskra,Prepaid,1,1597.38,4.82,68,0,2,45.5,1
C15611,Ouargla,Prepaid,15,400.0,6.52,81,0,5,40.8,0
C15612,Biskra,Prepaid,56,1126.03,10.84,24,2,3,31.4,0
C15613,Annaba,Postpaid,42,2649.98,7.9,53,1,1,21.2,0
C15614,Constantine,Prepaid,7,1504.56,6.46,40,0,5,8.3,0
C15615,Batna,Prepaid,23,1924.06,56.95,57,0,5,-19.4,0
C15616,Oran,Prepaid,66,1395.97,0.5,45,0,3,-20.0,0
C15617,Ouargla,Prepaid,24,1874.93,69.26,19,0,2,16.0,0
C15618,Ghardaia,Prepaid,14,1181.53,34.43,67,0,4,5.8,0
C15619,Algiers,Prepaid,10,1084.69,0.5,45,0,4,18.8,0
C15620,Setif,Postpaid,39,2715.42,14.16,12,1,1,18.6,0
C15621,Algiers,Prepaid,6,693.97,23.32,47,0,1,-20.0,0
C15622,Blida,Prepaid,36,1163.52,6.19,31,0,4,29.8,0
C15623,Setif,Prepaid,18,1991.14,1.35,57,1,4,22.4,0
C15624,Oran,Prepaid,14,400.0,14.64,101,1,2,7.5,0
C15625,Oran,Prepaid,9,1073.15,16.67,21,0,5,6.8,0
C15626,Blida,Prepaid,17,1688.61,6.79,53,1,1,24.4,0
C15627,Constantine,Postpaid,46,2747.59,30.06,50,0,1,-6.2,0
C15628,Tizi Ouzou,Prepaid,2,1391.95,4.95,2,1,5,18.4,1
C15629,Tlemcen,Prepaid,30,1979.25,18.91,62,0,3,26.8,0
C15630,Constantine,Prepaid,12,482.16,28.29,45,0,4,-12.4,0
C15631,Tiaret,Prepaid,4,651.38,17.98,20,0,3,12.5,0
C15632,Oran,Prepaid,9,889.73,5.81,73,0,2,0.9,1
C15633,Chlef,Prepaid,16,1998.47,4.9,99,0,3,41.5,0
C15634,Tizi Ouzou,Prepaid,4,2324.17,7.12,29,0,2,-20.0,0
C15635,Oran,Postpaid,9,2698.43,1.97,67,0,1,3.1,0
C15636,Blida,Postpaid,39,2405.3,32.12,80,0,1,71.9,0
C15637,Bejaia,Prepaid,32,711.16,5.84,66,0,4,-5.7,0
C15638,Bejaia,Postpaid,18,2658.62,3.5,51,0,1,11.8,0
C15639,Tizi Ouzou,Postpaid,32,2776.16,4.87,17,1,1,17.3,0
C15640,Batna,Prepaid,23,702.78,4.26,49,0,4,22.7,0
C15641,Tiaret,Prepaid,15,1051.13,8.58,2,0,2,-8.5,0
C15642,Algiers,Prepaid,10,1304.49,17.54,27,3,2,75.0,1
C15643,Tlemcen,Prepaid,43,1086.9,44.18,55,1,3,-20.0,0
C15644,Biskra,Prepaid,68,1855.24,2.71,61,1,3,46.5,0
C15645,Constantine,Prepaid,43,1375.64,29.21,53,0,3,-18.5,0
C15646,Bejaia,Prepaid,21,888.03,33.2,16,1,4,21.5,0
C15647,Tizi Ouzou,Postpaid,25,1969.6,6.63,47,0,1,15.3,0
C15648,Tlemcen,Prepaid,62,400.0,7.41,21,1,4,52.6,0
C15649,Constantine,Prepaid,14,1164.28,0.65,53,1,1,85.0,1
C15650,Algiers,Prepaid,21,1638.56,10.65,99,0,3,19.8,0
C15651,Oran,Prepaid,14,2520.71,0.5,2,3,3,-9.2,1
C15652,Blida,Prepaid,21,1660.53,15.39,65,1,3,39.0,0
C15653,Annaba,Postpaid,41,1749.14,0.83,57,1,1,57.9,1
C15654,Annaba,Prepaid,28,915.86,6.85,23,0,3,11.7,0
C15655,Tlemcen,Prepaid,26,1278.28,3.01,46,1,4,-11.4,0
C15656,Tiaret,Prepaid,12,1665.31,12.76,55,0,3,71.7,0
C15657,Chlef,Prepaid,35,1975.74,13.86,75,0,1,40.9,0
C15658,Tiaret,Prepaid,30,2138.07,11.41,65,0,5,-4.7,0
C15659,Tizi Ouzou,Prepaid,40,1488.98,36.79,52,0,4,-6.9,0
C15660,Tiaret,Prepaid,8,441.83,15.29,20,2,4,47.7,1
C15661,Chlef,Prepaid,31,1667.52,3.53,42,0,4,8.2,0
C15662,Setif,Prepaid,10,1145.82,0.5,74,0,1,-11.2,1
C15663,Biskra,Prepaid,16,1795.39,3.67,83,0,1,28.7,0
C15664,Setif,Prepaid,2,504.1,5.03,37,1,2,74.7,1
C15665,Setif,Postpaid,50,2943.28,3.11,63,0,1,-20.0,0
C15666,Annaba,Postpaid,38,2279.12,14.35,53,1,1,-20.0,0
C15667,Oran,Postpaid,20,3623.14,8.29,8,0,1,6.8,0
C15668,Algiers,Prepaid,10,1230.98,32.1,109,0,2,35.2,1
C15669,Tlemcen,Prepaid,19,1945.19,5.58,46,0,2,13.0,0
C15670,Bejaia,Prepaid,33,1265.01,35.9,26,2,1,-20.0,0
C15671,Chlef,Prepaid,14,1398.64,13.69,2,1,4,33.8,0
C15672,Ghardaia,Prepaid,3,1661.55,29.5,46,0,5,-20.0,0
C15673,Batna,Prepaid,50,2084.66,13.5,62,1,1,-20.0,0
C15674,Constantine,Postpaid,14,3035.81,0.6,20,0,1,40.9,0
C15675,Algiers,Postpaid,9,2348.48,2.32,83,0,1,6.5,0
C15676,Blida,Prepaid,23,1837.55,41.53,29,1,2,28.8,1
C15677,Algiers,Prepaid,22,1032.89,2.56,66,1,3,-1.2,0
C15678,Tlemcen,Prepaid,3,2257.18,21.77,53,0,4,3.7,0
C15679,Oran,Prepaid,9,1122.32,4.04,41,0,3,-20.0,0
C15680,Setif,Postpaid,12,4335.96,3.38,30,1,1,-7.8,0
C15681,Ghardaia,Prepaid,10,1199.45,4.96,49,1,4,13.8,1
C15682,Biskra,Postpaid,15,2648.23,38.31,61,0,1,-5.1,0
C15683,Biskra,Prepaid,19,1582.36,0.91,50,0,2,5.8,0
C15684,Bejaia,Prepaid,2,1508.26,15.08,68,0,2,26.1,0
C15685,Batna,Prepaid,38,1457.72,4.86,3,1,4,25.3,0
C15686,Annaba,Prepaid,25,1582.86,2.21,72,1,4,-6.1,0
C15687,Oran,Postpaid,29,2646.16,30.13,26,0,2,-3.1,0
C15688,Algiers,Prepaid,13,2293.42,10.77,44,0,4,-2.0,0
C15689,Annaba,Prepaid,23,577.86,4.23,33,2,2,-11.0,1
C15690,Constantine,Prepaid,10,1139.6,26.37,84,0,2,-3.8,0
C15691,Biskra,Prepaid,8,584.44,0.78,7,1,2,16.0,1
C15692,Setif,Prepaid,26,1671.49,6.79,17,2,3,70.5,1
C15693,Oran,Prepaid,7,1794.06,8.0,65,0,6,18.9,0
C15694,Batna,Prepaid,41,2085.42,14.09,43,0,1,-16.2,0
C15695,Ghardaia,Prepaid,24,479.17,12.51,61,0,1,45.6,0
C15696,Oran,Prepaid,1,2417.71,8.83,78,1,3,9.4,0
C15697,Setif,Postpaid,15,1919.75,17.22,67,0,1,6.2,0
C15698,Ouargla,Prepaid,30,741.86,1.84,65,2,1,16.0,1
C15699,Tlemcen,Prepaid,42,1763.85,10.79,59,0,4,49.7,0
C15700,Batna,Postpaid,12,2362.7,16.19,57,0,1,30.2,0
C15701,Batna,Prepaid,18,1046.16,9.21,43,0,3,2.0,0
C15702,Tizi Ouzou,Prepaid,10,400.0,25.64,56,0,4,25.3,0
C15703,Biskra,Prepaid,3,2141.3,35.08,71,0,4,42.5,1
C15704,Setif,Prepaid,12,400.0,0.63,26,0,5,16.2,0
C15705,Oran,Prepaid,11,1422.11,13.11,61,0,2,47.4,1
C15706,Biskra,Postpaid,17,1880.94,11.81,35,0,1,7.0,0
C15707,Chlef,Prepaid,39,1390.67,13.68,42,1,3,14.5,0
C15708,Tlemcen,Prepaid,11,1864.29,51.46,12,0,4,-12.2,0
C15709,Constantine,Prepaid,10,1560.49,0.5,51,0,4,11.9,0
C15710,Blida,Prepaid,21,1588.54,16.4,47,0,3,-1.0,0
C15711,Tizi Ouzou,Prepaid,28,1551.16,16.72,6,0,1,-20.0,0
C15712,Tlemcen,Prepaid,16,1382.21,16.13,38,0,4,29.1,0
C15713,Blida,Prepaid,34,2145.96,0.65,80,1,1,-20.0,0
C15714,Constantine,Prepaid,28,1743.39,12.35,80,0,2,8.3,0
C15715,Batna,Postpaid,15,2038.0,24.72,46,1,1,47.8,0
C15716,Algiers,Postpaid,18,1798.43,20.62,53,0,1,-2.3,0
C15717,Setif,Postpaid,8,2995.71,2.6,65,0,1,20.3,0
C15718,Batna,Prepaid,11,2513.09,0.5,77,0,3,-16.5,0
C15719,Batna,Prepaid,25,1353.63,6.75,72,0,3,8.2,0
C15720,Setif,Postpaid,37,2431.96,4.15,65,2,1,29.7,0
C15721,Annaba,Postpaid,72,3207.26,30.39,75,0,1,17.4,0
C15722,Ghardaia,Prepaid,9,1858.98,16.81,15,0,5,51.6,0
C15723,Setif,Prepaid,18,1181.35,7.47,34,3,2,21.9,1
C15724,Bejaia,Prepaid,28,1128.03,10.43,55,1,6,18.7,0
C15725,Algiers,Prepaid,6,1743.72,5.4,58,0,4,32.5,1
C15726,Constantine,Prepaid,27,1354.03,15.23,53,1,3,7.8,0
C15727,Ouargla,Prepaid,24,1426.77,3.72,30,0,2,28.8,0
C15728,Tiaret,Prepaid,13,1022.5,11.69,104,1,4,12.9,0
C15729,Biskra,Prepaid,19,1619.29,9.79,73,0,6,-12.8,0
C15730,Oran,Prepaid,15,400.0,12.74,47,0,3,6.1,0
C15731,Oran,Prepaid,17,1262.07,24.87,46,1,2,-8.9,0
C15732,Biskra,Prepaid,2,1207.33,57.51,52,0,3,-20.0,0
C15733,Blida,Prepaid,8,1109.18,31.52,68,1,3,24.3,1
C15734,Ouargla,Postpaid,39,2361.28,7.27,83,1,1,15.4,0
C15735,Chlef,Prepaid,48,840.32,21.23,13,2,5,39.2,1
C15736,Tlemcen,Postpaid,11,3257.96,28.25,35,1,1,-20.0,0
C15737,Ouargla,Prepaid,12,1233.26,26.67,22,1,3,0.3,0
C15738,Bejaia,Prepaid,9,1241.55,8.99,59,1,3,22.8,0
C15739,Annaba,Postpaid,49,3472.5,13.27,37,0,1,0.1,0
C15740,Chlef,Prepaid,18,1480.93,19.49,54,0,2,51.5,0
C15741,Algiers,Prepaid,49,1107.32,20.16,33,1,5,17.2,0
C15742,Ghardaia,Prepaid,25,1075.57,1.88,46,0,2,-11.6,0
C15743,Tlemcen,Postpaid,42,3681.9,8.9,44,0,1,-15.2,0
C15744,Ghardaia,Postpaid,8,3093.44,26.1,9,1,1,-20.0,0
C15745,Chlef,Prepaid,16,2984.12,11.68,40,0,2,45.7,0
C15746,Tlemcen,Postpaid,14,3086.76,16.55,83,0,1,60.6,0
C15747,Chlef,Prepaid,9,1809.19,19.58,36,0,2,30.5,1
C15748,Biskra,Prepaid,25,1630.0,10.71,76,0,4,41.4,0
C15749,Ghardaia,Prepaid,25,1166.09,14.26,55,0,6,35.5,0
C15750,Tizi Ouzou,Prepaid,41,1872.55,7.73,63,1,3,77.0,1
C15751,Batna,Prepaid,11,1541.02,3.59,75,0,2,-20.0,0
C15752,Bejaia,Postpaid,47,2124.37,15.87,21,1,1,-17.9,0
C15753,Tizi Ouzou,Prepaid,1,2314.01,5.68,75,0,3,24.1,0
C15754,Annaba,Prepaid,7,602.09,12.39,71,0,4,-12.0,0
C15755,Batna,Postpaid,26,2620.44,31.25,35,0,1,22.6,0
C15756,Setif,Prepaid,13,1357.08,4.78,57,0,3,-11.7,0
C15757,Oran,Prepaid,38,1287.41,9.93,68,0,3,8.8,0
C15758,Tlemcen,Prepaid,11,1122.16,24.79,47,2,5,11.4,1
C15759,Tizi Ouzou,Prepaid,27,1921.32,25.76,58,0,4,-20.0,0
C15760,Ghardaia,Postpaid,20,2894.25,3.13,75,0,1,-20.0,0
C15761,Tiaret,Prepaid,5,1365.35,11.51,76,0,1,82.1,1
C15762,Algiers,Prepaid,13,1378.09,7.79,71,0,3,29.0,0
C15763,Chlef,Postpaid,16,2826.77,4.63,60,1,1,-12.7,0
C15764,Bejaia,Prepaid,70,1864.88,4.46,19,0,1,40.2,0
C15765,Tizi Ouzou,Prepaid,8,2045.07,68.19,35,1,4,-20.0,1
C15766,Chlef,Prepaid,29,1385.62,6.66,20,3,2,-2.0,1
C15767,Ouargla,Prepaid,13,993.83,11.33,42,0,1,12.1,0
C15768,Bejaia,Prepaid,7,1647.41,13.86,45,0,3,25.8,0
C15769,Biskra,Prepaid,16,659.25,1.53,51,1,3,63.6,1
C15770,Bejaia,Prepaid,5,2012.82,25.96,45,1,4,35.7,1
C15771,Constantine,Postpaid,28,2282.25,6.73,51,0,1,7.5,0
C15772,Oran,Prepaid,15,1695.23,35.52,29,0,3,-9.3,0
C15773,Ouargla,Prepaid,24,1485.39,5.71,81,0,2,13.5,0
C15774,Batna,Prepaid,38,1009.42,12.54,32,1,1,30.5,0
C15775,Constantine,Postpaid,22,1925.33,0.5,29,0,1,-10.0,0
C15776,Constantine,Prepaid,6,1536.86,0.5,55,0,1,-20.0,1
C15777,Annaba,Postpaid,12,2410.16,17.39,54,1,1,26.6,0
C15778,Ouargla,Prepaid,1,1389.65,7.32,22,0,2,39.4,1
C15779,Annaba,Postpaid,5,2846.13,2.43,45,1,1,-18.5,0
C15780,Constantine,Postpaid,17,2251.32,7.49,89,1,1,4.5,0
C15781,Algiers,Prepaid,13,1153.01,15.07,69,0,2,-20.0,0
C15782,Tlemcen,Prepaid,5,1020.88,1.72,61,1,4,-20.0,0
C15783,Oran,Prepaid,15,1581.98,20.47,74,0,3,56.2,0
C15784,Biskra,Prepaid,11,794.46,23.0,67,2,2,5.6,1
C15785,Tlemcen,Prepaid,35,1055.66,0.5,30,0,2,30.4,1
C15786,Annaba,Postpaid,15,2428.55,2.36,35,2,1,4.8,0
C15787,Ghardaia,Prepaid,55,1200.12,17.32,67,1,1,4.7,0
C15788,Biskra,Prepaid,3,1942.63,57.18,27,1,5,45.7,1
C15789,Constantine,Prepaid,32,736.38,17.62,31,0,1,6.3,0
C15790,Ghardaia,Prepaid,19,1331.95,15.02,38,0,2,-20.0,0
C15791,Bejaia,Prepaid,21,1866.46,0.7,71,0,4,24.8,0
C15792,Setif,Postpaid,4,2376.27,11.39,24,0,1,2.0,0
C15793,Blida,Prepaid,15,1939.04,3.18,40,0,4,-20.0,0
C15794,Tizi Ouzou,Prepaid,32,803.68,8.32,2,0,2,-3.4,0
C15795,Tiaret,Prepaid,26,2003.37,11.93,71,1,4,41.6,0
C15796,Tizi Ouzou,Prepaid,1,1099.95,10.19,36,0,5,26.8,1
C15797,Ouargla,Prepaid,18,1261.87,11.09,39,0,5,15.8,0
C15798,Oran,Postpaid,8,3173.21,36.76,47,1,1,-20.0,0
C15799,Oran,Prepaid,3,637.43,16.23,32,1,3,8.6,0
C15800,Tlemcen,Prepaid,33,1198.94,52.44,41,0,5,25.1,0
C15801,Chlef,Prepaid,16,739.35,10.46,80,0,4,-19.6,0
C15802,Tlemcen,Postpaid,1,4014.11,1.66,13,0,1,24.0,0
C15803,Chlef,Prepaid,13,1480.48,5.23,59,1,4,-20.0,0
C15804,Blida,Postpaid,15,2636.06,30.31,69,0,1,23.4,0
C15805,Ghardaia,Prepaid,24,867.31,20.76,38,1,2,0.5,0
C15806,Setif,Prepaid,17,2236.29,37.48,66,2,3,33.2,0
C15807,Chlef,Prepaid,14,1350.14,13.38,75,1,3,14.4,0
C15808,Batna,Prepaid,11,1551.22,4.4,14,0,2,-3.6,1
C15809,Tizi Ouzou,Postpaid,33,1745.26,13.69,27,0,1,29.0,0
C15810,Ghardaia,Prepaid,17,677.1,23.96,52,0,2,59.8,0
C15811,Algiers,Prepaid,19,1557.65,4.4,60,0,2,22.9,0
C15812,Ouargla,Prepaid,11,1626.98,4.89,38,0,2,24.2,1
C15813,Tiaret,Prepaid,45,1637.46,66.22,77,0,3,-15.5,0
C15814,Bejaia,Prepaid,21,810.2,6.72,41,0,2,-20.0,0
C15815,Bejaia,Prepaid,10,1200.84,15.31,38,0,2,53.9,1
C15816,Chlef,Prepaid,60,719.47,29.2,100,0,2,42.1,0
C15817,Ouargla,Postpaid,22,2754.97,9.09,81,0,1,32.4,0
C15818,Tlemcen,Prepaid,10,863.74,22.07,52,0,5,3.5,0
C15819,Oran,Prepaid,14,1240.77,3.53,61,1,5,66.4,0
C15820,Tlemcen,Prepaid,28,1598.81,4.59,48,0,2,-19.1,0
C15821,Constantine,Prepaid,9,1024.48,9.43,49,0,3,12.5,0
C15822,Constantine,Prepaid,27,908.26,15.7,58,0,4,3.1,0
C15823,Bejaia,Prepaid,27,1597.4,12.85,109,1,2,12.3,0
C15824,Bejaia,Prepaid,18,1175.4,20.33,66,1,3,25.0,0
C15825,Bejaia,Prepaid,23,1945.25,45.56,57,0,3,30.0,0
C15826,Ouargla,Prepaid,20,1563.06,1.76,36,1,5,-8.3,0
C15827,Oran,Prepaid,50,1973.01,25.71,25,0,3,-8.0,0
C15828,Tizi Ouzou,Postpaid,20,2341.62,0.83,66,0,1,19.3,0
C15829,Oran,Prepaid,6,1649.93,8.56,94,1,2,8.4,1
C15830,Bejaia,Prepaid,56,1445.11,27.93,81,1,4,12.0,0
C15831,Ouargla,Prepaid,16,1451.46,0.5,71,0,4,29.3,0
C15832,Oran,Prepaid,13,1305.18,39.69,97,1,5,24.4,0
C15833,Ouargla,Prepaid,2,823.09,12.19,32,0,2,31.1,0
C15834,Setif,Prepaid,24,1297.25,32.35,44,0,4,7.7,0
C15835,Ghardaia,Postpaid,50,2665.73,4.48,78,0,1,28.1,0
C15836,Chlef,Prepaid,10,688.76,23.76,80,0,4,35.1,0
C15837,Tizi Ouzou,Prepaid,29,1259.66,1.42,40,0,1,-1.9,0
C15838,Blida,Prepaid,18,1318.49,9.48,54,0,1,-20.0,0
C15839,Tizi Ouzou,Prepaid,63,1360.84,10.5,45,1,1,-20.0,0
C15840,Tlemcen,Prepaid,2,1906.36,21.55,54,0,6,53.1,0
C15841,Setif,Prepaid,17,1626.21,4.67,2,0,2,37.9,0
C15842,Tlemcen,Prepaid,38,1053.93,11.17,65,0,4,10.7,0
C15843,Biskra,Prepaid,18,1492.39,4.75,50,0,3,-14.0,0
C15844,Batna,Postpaid,29,3306.99,8.46,40,0,1,-12.3,0
C15845,Bejaia,Prepaid,21,1851.21,18.65,50,1,5,12.9,0
C15846,Bejaia,Prepaid,30,1511.99,7.13,67,2,4,51.6,0
C15847,Batna,Prepaid,22,1134.28,2.62,33,0,3,28.5,0
C15848,Algiers,Prepaid,1,1253.66,13.16,62,0,2,14.8,1
C15849,Constantine,Prepaid,11,2119.24,0.89,83,1,3,-20.0,0
C15850,Setif,Prepaid,29,1558.95,3.59,58,0,4,59.8,0
C15851,Tlemcen,Prepaid,8,1487.19,5.29,48,0,5,37.0,1
C15852,Constantine,Prepaid,12,1770.72,7.06,70,0,4,9.6,0
C15853,Bejaia,Postpaid,36,2960.66,8.0,59,0,1,-1.9,0
C15854,Bejaia,Postpaid,12,3043.99,5.98,84,0,1,-20.0,0
C15855,Biskra,Prepaid,26,935.19,2.31,25,0,3,13.0,0
C15856,Tiaret,Prepaid,2,1173.55,23.5,63,0,2,-20.0,0
C15857,Tlemcen,Prepaid,19,964.38,8.74,53,0,4,12.2,0
C15858,Algiers,Prepaid,7,2333.29,7.92,42,0,2,39.2,1
C15859,Tlemcen,Prepaid,14,1673.38,1.74,67,0,2,17.0,0
C15860,Tizi Ouzou,Postpaid,14,2849.35,1.95,35,1,1,-20.0,0
C15861,Tizi Ouzou,Prepaid,21,1236.31,10.03,6,1,4,54.2,0
C15862,Blida,Prepaid,17,1607.88,8.41,45,1,5,23.8,0
C15863,Tiaret,Postpaid,11,3168.92,2.35,41,0,1,13.1,0
C15864,Annaba,Postpaid,28,2362.68,1.91,21,1,1,-20.0,0
C15865,Algiers,Prepaid,23,896.95,27.06,15,1,5,15.4,0
C15866,Tiaret,Prepaid,25,1584.31,22.64,50,0,5,29.3,0
C15867,Batna,Postpaid,17,2815.09,13.86,63,0,1,26.2,0
C15868,Tizi Ouzou,Postpaid,10,2641.13,11.65,31,0,1,-20.0,0
C15869,Setif,Postpaid,35,1708.98,46.97,43,0,1,7.2,0
C15870,Tizi Ouzou,Postpaid,9,1488.58,3.48,46,0,1,-14.3,0
C15871,Blida,Prepaid,15,1496.88,8.37,65,0,2,13.3,0
C15872,Algiers,Prepaid,24,1403.38,30.39,52,1,2,7.5,0
C15873,Blida,Prepaid,16,1504.17,17.41,33,0,2,-19.3,0
C15874,Ghardaia,Prepaid,18,1438.63,9.98,60,0,2,14.7,0
C15875,Ouargla,Prepaid,22,1718.85,13.38,2,0,2,-20.0,0
C15876,Setif,Postpaid,64,3072.62,8.77,21,0,1,-16.7,0
C15877,Setif,Prepaid,7,1898.61,12.38,66,1,3,34.7,1
C15878,Setif,Postpaid,22,2993.73,4.53,22,0,1,39.9,0
C15879,Ghardaia,Prepaid,15,727.46,17.15,22,0,2,34.9,0
C15880,Batna,Prepaid,14,406.83,22.17,70,1,3,18.7,0
C15881,Ghardaia,Postpaid,6,1958.64,8.72,45,0,1,-6.2,0
C15882,Tiaret,Prepaid,39,1764.37,9.24,81,0,4,-17.8,0
C15883,Biskra,Postpaid,33,1923.78,27.07,20,1,1,32.0,0
C15884,Oran,Prepaid,16,1846.97,0.85,59,1,4,30.6,0
C15885,Ghardaia,Prepaid,23,906.86,5.06,47,0,3,-4.5,0
C15886,Annaba,Prepaid,63,1747.52,0.5,58,1,5,4.3,0
C15887,Constantine,Prepaid,37,1994.37,4.11,77,0,2,24.2,0
C15888,Setif,Prepaid,9,1495.59,4.02,91,0,6,-12.5,0
C15889,Tiaret,Prepaid,9,1202.85,11.76,46,0,2,-17.0,0
C15890,Batna,Prepaid,23,2090.86,15.6,39,0,1,7.1,0
C15891,Ouargla,Prepaid,13,660.06,7.28,25,1,4,28.9,0
C15892,Ghardaia,Prepaid,45,2076.61,26.21,32,0,2,30.7,0
C15893,Blida,Postpaid,7,2437.44,4.05,69,1,1,72.4,1
C15894,Setif,Postpaid,7,2060.25,19.67,69,2,1,36.2,1
C15895,Tiaret,Prepaid,34,1567.02,16.2,63,0,4,-20.0,0
C15896,Tlemcen,Prepaid,14,1131.71,27.23,85,0,2,56.3,0
C15897,Bejaia,Postpaid,8,2523.23,13.81,26,0,1,-6.2,0
C15898,Biskra,Postpaid,5,2632.17,8.79,48,0,1,39.8,0
C15899,Oran,Prepaid,28,1397.99,29.86,88,0,5,-11.5,0
C15900,Annaba,Prepaid,30,2133.03,7.76,64,0,2,26.2,0
C15901,Batna,Postpaid,16,2325.55,2.76,33,0,1,-1.4,0
C15902,Annaba,Prepaid,30,1143.29,2.95,72,0,3,30.0,0
C15903,Tizi Ouzou,Prepaid,10,1170.07,2.08,65,0,3,35.8,0
C15904,Ghardaia,Prepaid,9,2087.5,9.77,47,1,3,-20.0,0
C15905,Tlemcen,Prepaid,22,1313.87,18.7,44,1,2,28.1,0
C15906,Tiaret,Prepaid,22,1284.08,13.29,39,1,1,-8.9,0
C15907,Batna,Postpaid,36,1953.35,11.97,79,1,1,28.3,0
C15908,Ouargla,Prepaid,23,1495.36,5.45,50,1,3,-2.7,0
C15909,Chlef,Prepaid,23,1376.3,2.04,47,0,4,37.0,0
C15910,Ghardaia,Prepaid,7,2307.07,6.05,39,0,3,20.4,0
C15911,Blida,Prepaid,26,1071.98,9.62,28,0,3,-20.0,0
C15912,Ghardaia,Postpaid,26,1907.4,8.25,34,1,1,32.7,0
C15913,Algiers,Postpaid,26,3330.64,5.42,53,0,1,8.8,0
C15914,Chlef,Prepaid,18,1949.8,5.84,58,0,3,-20.0,0
C15915,Ouargla,Prepaid,6,512.36,1.96,78,1,2,10.4,1
C15916,Constantine,Prepaid,18,1109.06,9.44,77,0,6,-20.0,0
C15917,Oran,Postpaid,34,2333.25,9.98,43,1,1,-20.0,0
C15918,Setif,Prepaid,9,966.13,21.68,22,0,4,-1.9,0
C15919,Tiaret,Postpaid,37,3238.06,4.62,29,0,1,-7.0,0
C15920,Chlef,Prepaid,2,2295.63,4.96,28,1,4,-20.0,1
C15921,Tlemcen,Prepaid,8,1357.41,17.91,79,0,3,6.7,0
C15922,Constantine,Prepaid,16,1432.41,10.55,47,1,4,26.9,0
C15923,Ouargla,Postpaid,20,3085.31,9.23,6,0,1,53.1,0
C15924,Ghardaia,Prepaid,1,680.65,12.03,71,0,3,48.5,0
C15925,Chlef,Prepaid,34,805.67,3.43,23,1,6,-9.0,0
C15926,Tizi Ouzou,Prepaid,19,1973.46,2.57,29,1,3,-0.5,0
C15927,Bejaia,Prepaid,28,1519.27,33.33,41,1,3,3.3,0
C15928,Algiers,Prepaid,12,1505.21,6.86,47,1,1,25.1,0
C15929,Constantine,Postpaid,31,3329.96,58.84,27,1,1,27.9,0
C15930,Annaba,Postpaid,12,2841.35,67.5,33,0,1,15.9,0
C15931,Tizi Ouzou,Prepaid,32,2368.4,38.18,42,0,1,-2.9,0
C15932,Ghardaia,Prepaid,9,755.11,5.8,49,0,4,-16.2,0
C15933,Annaba,Prepaid,12,1352.49,3.86,45,0,1,48.4,0
C15934,Ghardaia,Prepaid,5,1930.57,25.41,68,1,2,17.0,1
C15935,Algiers,Prepaid,24,1207.12,14.06,67,0,3,34.5,0
C15936,Annaba,Prepaid,32,1287.86,24.99,45,0,3,-20.0,0
C15937,Algiers,Prepaid,25,566.97,13.6,16,0,2,18.0,0
C15938,Batna,Prepaid,7,1865.28,12.01,29,1,2,24.2,1
C15939,Algiers,Prepaid,14,652.67,10.01,77,1,2,3.6,0
C15940,Tizi Ouzou,Prepaid,3,1468.33,26.42,36,0,5,45.8,0
C15941,Blida,Prepaid,25,1300.18,1.3,11,0,3,27.3,0
C15942,Tiaret,Postpaid,8,2749.63,7.99,57,2,1,14.5,1
C15943,Annaba,Postpaid,15,2147.56,11.26,25,0,1,-7.5,0
C15944,Setif,Postpaid,9,2365.49,59.65,54,0,1,11.3,0
C15945,Blida,Postpaid,25,2829.65,4.8,7,0,1,65.6,0
C15946,Ghardaia,Prepaid,22,1188.58,12.31,16,1,1,33.8,0
C15947,Batna,Prepaid,12,1236.42,3.19,66,1,1,-20.0,0
C15948,Chlef,Prepaid,72,1387.07,4.72,7,1,5,6.5,0
C15949,Tlemcen,Postpaid,7,3127.02,1.09,45,1,1,-1.6,0
C15950,Biskra,Prepaid,29,1031.78,8.68,29,0,5,-9.0,0
C15951,Tizi Ouzou,Prepaid,19,1711.67,0.5,66,1,1,15.2,0
C15952,Oran,Prepaid,11,1983.62,9.42,32,0,3,42.7,1
C15953,Biskra,Postpaid,26,1776.34,19.29,32,1,1,-20.0,0
C15954,Algiers,Postpaid,5,1971.67,17.76,29,1,1,43.7,0
C15955,Annaba,Postpaid,23,3077.88,26.89,62,0,1,6.9,0
C15956,Blida,Prepaid,45,2141.39,13.97,65,1,5,61.9,0
C15957,Batna,Prepaid,21,1324.41,21.05,29,0,4,1.2,0
C15958,Bejaia,Prepaid,31,1659.55,3.9,43,0,1,28.4,0
C15959,Batna,Prepaid,15,1076.92,0.5,94,0,4,-20.0,0
C15960,Constantine,Postpaid,9,2340.19,5.21,40,1,1,-20.0,0
C15961,Ghardaia,Prepaid,28,1596.85,1.13,29,1,4,3.3,0
C15962,Batna,Prepaid,16,895.82,6.5,59,0,2,-3.3,0
C15963,Bejaia,Prepaid,30,979.29,1.86,4,0,3,-3.9,0
C15964,Chlef,Prepaid,22,1148.37,13.37,41,1,1,8.6,0
C15965,Blida,Prepaid,35,939.47,11.04,82,0,4,37.6,0
C15966,Blida,Prepaid,9,1418.19,1.34,72,0,5,42.7,1
C15967,Constantine,Postpaid,39,1213.42,19.85,60,0,1,17.9,0
C15968,Ghardaia,Postpaid,6,2952.67,4.11,26,0,1,12.1,0
C15969,Tizi Ouzou,Prepaid,22,1265.12,44.53,13,0,4,67.2,0
C15970,Setif,Prepaid,33,863.77,7.79,54,0,1,3.9,0
C15971,Tiaret,Prepaid,8,749.71,11.23,89,0,5,30.6,0
C15972,Ghardaia,Prepaid,11,1180.13,0.5,25,0,1,17.3,1
C15973,Tiaret,Prepaid,12,2651.75,0.55,32,1,5,25.9,0
C15974,Oran,Prepaid,16,1802.99,12.09,96,0,1,1.4,0
C15975,Setif,Prepaid,45,1179.78,10.15,59,0,1,-19.7,0
C15976,Algiers,Prepaid,24,1498.64,1.57,61,1,4,13.0,0
C15977,Tlemcen,Prepaid,28,761.24,3.62,59,0,2,-8.4,0
C15978,Algiers,Prepaid,21,1276.3,23.18,65,1,2,40.3,0
C15979,Constantine,Prepaid,46,2002.73,0.5,46,0,4,-9.6,0
C15980,Ghardaia,Prepaid,9,1382.73,18.66,68,1,4,8.4,1
C15981,Bejaia,Prepaid,30,1355.09,5.53,58,0,4,-20.0,0
C15982,Ouargla,Prepaid,29,910.17,49.92,71,0,3,21.7,0
C15983,Annaba,Postpaid,27,2559.07,24.08,70,1,1,45.8,0
C15984,Ghardaia,Postpaid,21,3324.66,5.5,83,0,2,16.3,0
C15985,Annaba,Prepaid,67,1357.12,19.31,64,1,3,24.0,0
C15986,Biskra,Prepaid,21,2079.86,1.12,75,0,4,34.7,0
C15987,Annaba,Postpaid,11,3043.69,0.71,5,0,1,23.9,0
C15988,Biskra,Prepaid,10,448.49,0.81,59,1,2,2.0,1
C15989,Annaba,Prepaid,11,1006.04,13.92,29,0,8,21.7,0
C15990,Setif,Prepaid,19,1288.17,0.5,73,0,3,-10.5,0
C15991,Biskra,Prepaid,33,1881.75,19.45,49,0,4,-20.0,0
C15992,Tlemcen,Prepaid,13,1125.02,22.34,64,0,6,26.2,0
C15993,Chlef,Postpaid,11,2962.6,3.8,49,1,1,-11.5,0
C15994,Algiers,Prepaid,14,1902.95,0.5,23,0,3,15.0,0
C15995,Ghardaia,Prepaid,24,1574.85,11.13,54,0,1,28.7,0
C15996,Ouargla,Prepaid,40,1715.08,80.11,64,0,3,-4.6,0
C15997,Ouargla,Prepaid,1,762.36,5.72,60,0,4,60.6,0
C15998,Biskra,Prepaid,24,1686.58,10.03,63,0,3,-20.0,0
C15999,Algiers,Prepaid,9,1070.85,8.87,2,1,4,-15.7,0
C16000,Batna,Postpaid,11,2790.45,18.88,39,2,1,48.6,1
C16001,Tizi Ouzou,Postpaid,16,2476.46,7.23,2,0,1,15.0,0
C16002,Constantine,Postpaid,20,2285.54,12.91,68,0,1,3.0,0
C16003,Biskra,Postpaid,42,2850.56,6.44,74,1,1,-0.7,0
C16004,Constantine,Prepaid,28,1518.17,13.48,75,1,2,7.1,0
C16005,Bejaia,Postpaid,39,3858.08,0.5,63,0,1,27.5,0
C16006,Ouargla,Prepaid,22,787.98,10.02,85,1,3,4.2,0
C16007,Algiers,Prepaid,14,1132.11,17.54,22,0,1,-20.0,0
C16008,Annaba,Prepaid,11,913.11,15.8,32,0,2,16.8,0
C16009,Setif,Postpaid,3,2080.33,4.08,32,0,1,43.6,0
C16010,Bejaia,Prepaid,4,1242.17,42.58,86,2,3,19.8,1
C16011,Ouargla,Postpaid,25,2193.27,5.83,45,1,1,41.4,0
C16012,Setif,Postpaid,9,2253.65,85.0,19,0,1,38.1,0
C16013,Tiaret,Prepaid,17,1211.2,35.03,36,0,1,-20.0,0
C16014,Tiaret,Prepaid,34,1418.76,7.22,39,1,2,36.4,0
C16015,Biskra,Prepaid,9,1282.81,17.96,58,0,4,23.6,0
C16016,Setif,Postpaid,7,3075.17,2.95,23,0,1,39.6,0
C16017,Tlemcen,Postpaid,44,2672.37,26.6,2,0,1,5.4,0
C16018,Tizi Ouzou,Prepaid,6,1227.62,12.17,55,1,3,16.7,1
C16019,Tlemcen,Postpaid,19,2943.13,25.9,15,0,1,67.8,0
C16020,Ghardaia,Prepaid,7,1533.73,2.13,52,0,2,39.0,1
C16021,Blida,Prepaid,34,1648.07,0.5,75,0,4,62.6,0
C16022,Batna,Prepaid,17,867.54,6.54,57,0,5,9.6,0
C16023,Setif,Prepaid,18,2202.14,16.4,51,0,3,-5.4,0
C16024,Annaba,Postpaid,7,3079.66,25.61,60,0,1,23.5,0
C16025,Batna,Postpaid,13,2787.4,5.14,67,0,1,-19.3,0
C16026,Setif,Prepaid,9,1436.34,0.59,64,0,2,31.3,1
C16027,Biskra,Prepaid,9,2089.31,6.75,54,0,2,34.9,0
C16028,Chlef,Prepaid,56,999.83,6.42,25,0,1,-12.5,0
C16029,Ghardaia,Prepaid,9,1806.51,49.55,13,1,4,20.4,1
C16030,Bejaia,Prepaid,16,1487.02,7.17,22,1,1,-8.7,0
C16031,Tlemcen,Postpaid,8,2277.97,10.9,72,0,1,37.4,0
C16032,Bejaia,Prepaid,1,917.61,17.76,52,0,4,-12.7,0
C16033,Oran,Prepaid,23,1360.89,4.54,55,1,2,51.6,1
C16034,Algiers,Postpaid,14,2937.16,6.97,76,0,1,-13.8,0
C16035,Chlef,Prepaid,40,1890.87,2.96,47,0,4,-20.0,0
C16036,Biskra,Prepaid,15,1610.35,18.64,68,0,3,11.1,0
C16037,Ghardaia,Prepaid,11,1731.42,12.5,63,1,3,-16.4,0
C16038,Ghardaia,Prepaid,26,1855.57,7.36,27,5,7,30.5,1
C16039,Blida,Prepaid,21,2136.04,22.76,76,1,1,28.4,0
C16040,Chlef,Prepaid,17,1375.5,33.76,43,0,3,45.0,0
C16041,Biskra,Prepaid,7,1784.45,18.34,41,1,5,-16.3,0
C16042,Bejaia,Prepaid,1,826.12,30.11,46,0,2,46.4,1
C16043,Bejaia,Prepaid,29,1334.01,27.8,52,0,4,6.3,0
C16044,Setif,Prepaid,19,656.23,6.97,38,0,2,-4.8,0
C16045,Setif,Postpaid,30,2603.24,1.57,38,0,1,53.1,0
C16046,Biskra,Postpaid,2,2354.92,2.56,72,0,1,40.0,0
C16047,Oran,Postpaid,14,1838.24,0.8,2,0,1,-5.0,0
C16048,Batna,Prepaid,24,1462.01,43.72,64,2,4,0.8,0
C16049,Oran,Prepaid,11,1964.67,4.5,31,0,5,28.9,1
C16050,Blida,Prepaid,45,1476.25,0.5,58,1,7,5.3,0
C16051,Setif,Prepaid,2,989.47,8.24,53,1,3,14.6,1
C16052,Biskra,Prepaid,13,1628.28,15.95,56,0,3,30.2,0
C16053,Blida,Postpaid,33,1711.58,1.75,70,0,1,12.6,0
C16054,Ghardaia,Prepaid,16,1038.81,10.77,61,0,4,-15.9,0
C16055,Setif,Prepaid,4,2762.32,28.73,83,1,6,37.9,1
C16056,Setif,Prepaid,10,2120.28,21.91,9,1,2,44.0,1
C16057,Biskra,Prepaid,34,1644.17,10.0,71,0,4,-6.5,0
C16058,Tiaret,Postpaid,27,2358.95,6.56,35,0,1,12.5,0
C16059,Tizi Ouzou,Prepaid,19,1403.08,35.33,27,1,4,28.5,0
C16060,Biskra,Postpaid,13,3310.84,18.71,35,0,1,15.4,0
C16061,Setif,Prepaid,15,1443.91,10.23,55,1,4,16.0,0
C16062,Annaba,Prepaid,15,953.02,6.08,24,0,3,-16.0,0
C16063,Constantine,Prepaid,46,1368.61,22.85,37,0,3,60.2,0
C16064,Chlef,Prepaid,25,2010.0,7.6,2,0,5,-4.2,0
C16065,Ouargla,Prepaid,23,1644.47,2.15,11,0,3,-10.2,0
C16066,Annaba,Prepaid,6,1780.11,3.71,28,0,1,8.0,1
C16067,Tizi Ouzou,Prepaid,29,1315.82,15.72,74,1,1,18.2,0
C16068,Algiers,Postpaid,30,3440.37,38.88,42,0,1,-6.1,0
C16069,Ouargla,Prepaid,24,2093.35,24.99,22,0,3,-2.8,0
C16070,Ghardaia,Prepaid,39,1170.85,19.5,50,0,5,43.7,0
C16071,Ouargla,Prepaid,16,1440.24,3.96,75,2,4,-10.4,0
C16072,Ouargla,Prepaid,8,2190.29,0.5,80,2,1,33.8,1
C16073,Bejaia,Prepaid,20,1836.47,1.61,3,0,5,62.0,0
C16074,Tlemcen,Prepaid,11,1425.32,2.91,40,0,3,-20.0,0
C16075,Biskra,Prepaid,43,920.97,44.74,42,1,4,21.1,0
C16076,Blida,Prepaid,18,1450.86,12.62,59,0,1,32.4,0
C16077,Biskra,Prepaid,39,2189.26,0.5,44,0,2,20.1,0
C16078,Constantine,Prepaid,12,1431.25,13.3,4,0,6,40.3,0
C16079,Tiaret,Prepaid,22,1656.41,16.42,2,0,2,13.2,0
C16080,Algiers,Prepaid,4,824.37,9.06,2,1,3,15.9,0
C16081,Biskra,Prepaid,18,1303.08,7.11,32,0,3,-14.1,0
C16082,Batna,Prepaid,47,671.19,11.56,20,0,3,-16.0,0
C16083,Setif,Prepaid,13,1271.28,36.94,34,1,1,0.8,0
C16084,Setif,Prepaid,6,2221.99,40.43,63,0,5,21.3,0
C16085,Tizi Ouzou,Prepaid,18,1058.76,4.97,16,0,3,61.5,0
C16086,Tlemcen,Prepaid,21,1808.73,5.72,14,0,1,9.2,0
C16087,Tlemcen,Prepaid,30,1102.2,9.64,91,0,2,-10.0,0
C16088,Tlemcen,Prepaid,50,1171.47,0.5,59,0,2,66.1,0
C16089,Tiaret,Prepaid,15,1699.8,28.28,81,1,6,27.5,0
C16090,Algiers,Prepaid,18,966.65,6.0,55,0,3,40.4,0
C16091,Bejaia,Prepaid,12,1518.05,61.94,54,0,3,-2.5,0
C16092,Tiaret,Prepaid,9,1614.74,2.29,46,0,2,41.0,1
C16093,Bejaia,Prepaid,13,1440.36,34.41,54,0,6,12.1,0
C16094,Ghardaia,Postpaid,3,3071.98,3.75,54,0,1,1.1,0
C16095,Annaba,Prepaid,12,1629.56,4.24,54,1,3,14.1,0
C16096,Blida,Prepaid,22,992.05,16.8,73,0,1,11.7,0
C16097,Tiaret,Prepaid,13,1130.47,7.64,33,0,1,33.6,0
C16098,Tiaret,Prepaid,33,1735.49,10.61,32,0,2,-2.1,0
C16099,Annaba,Prepaid,32,1826.34,0.95,60,0,4,-14.5,0
C16100,Biskra,Prepaid,12,1613.45,10.58,20,0,2,13.6,0
C16101,Chlef,Prepaid,23,1549.81,37.08,27,0,1,-2.8,0
C16102,Biskra,Prepaid,18,1680.93,0.5,42,1,3,7.3,0
C16103,Ouargla,Postpaid,12,2260.98,56.34,25,0,1,40.5,0
C16104,Batna,Prepaid,12,1235.56,10.28,21,0,4,36.0,0
C16105,Tizi Ouzou,Prepaid,11,955.98,31.83,86,0,1,0.9,0
C16106,Biskra,Prepaid,22,1563.58,11.2,36,0,4,25.7,0
C16107,Blida,Postpaid,1,1515.0,0.78,48,1,1,17.1,1
C16108,Chlef,Prepaid,7,1915.35,25.26,59,1,3,-14.0,0
C16109,Setif,Prepaid,19,1385.29,8.8,73,0,1,33.1,0
C16110,Ghardaia,Prepaid,33,1436.04,27.49,64,1,3,32.8,0
C16111,Constantine,Prepaid,18,1673.9,0.85,25,0,3,-16.9,0
C16112,Ghardaia,Prepaid,44,1231.25,9.69,68,0,4,53.0,0
C16113,Biskra,Prepaid,8,1709.18,12.75,33,0,1,80.1,1
C16114,Tizi Ouzou,Prepaid,4,858.72,2.31,58,1,3,42.7,1
C16115,Chlef,Postpaid,8,1933.61,7.77,38,0,1,7.3,0
C16116,Constantine,Prepaid,10,1962.84,20.49,18,0,3,18.6,0
C16117,Setif,Prepaid,3,1957.81,5.4,44,1,3,31.8,1
C16118,Oran,Prepaid,19,1383.93,7.83,92,0,7,-14.7,0
C16119,Batna,Postpaid,5,3215.63,75.76,59,1,1,3.3,0
C16120,Constantine,Postpaid,20,4279.99,0.5,62,0,1,19.6,0
C16121,Tiaret,Postpaid,17,3217.78,4.33,36,1,1,9.1,0
C16122,Setif,Postpaid,2,2925.7,14.55,57,0,1,8.1,0
C16123,Tiaret,Prepaid,5,2046.88,3.8,44,1,3,85.0,1
C16124,Ouargla,Postpaid,4,1707.1,5.78,82,0,1,25.7,0
C16125,Chlef,Prepaid,15,1744.11,5.54,56,1,2,-1.1,0
C16126,Ouargla,Prepaid,9,1778.3,0.5,69,0,3,-9.2,0
C16127,Tizi Ouzou,Prepaid,12,1418.05,38.38,73,0,3,36.6,0
C16128,Constantine,Postpaid,25,3204.06,14.43,60,1,1,6.1,0
C16129,Biskra,Prepaid,53,1495.34,0.5,16,1,3,25.3,0
C16130,Tizi Ouzou,Prepaid,2,917.23,15.14,79,1,3,15.5,0
C16131,Blida,Prepaid,41,1688.53,1.61,42,0,2,7.1,0
C16132,Biskra,Postpaid,14,2803.26,2.41,40,0,1,11.6,0
C16133,Oran,Prepaid,10,2213.05,8.38,41,1,3,27.8,0
C16134,Annaba,Prepaid,5,1926.88,2.14,64,0,3,-0.5,0
C16135,Blida,Prepaid,30,1680.38,3.84,25,0,4,26.8,0
C16136,Annaba,Prepaid,27,926.73,11.68,73,0,4,68.1,0
C16137,Tiaret,Prepaid,48,810.38,21.93,64,1,1,15.6,0
C16138,Ghardaia,Prepaid,10,1868.21,1.42,2,0,4,-4.5,0
C16139,Setif,Prepaid,2,1672.21,5.79,50,0,3,18.2,0
C16140,Tlemcen,Prepaid,16,1147.11,2.57,87,0,3,40.2,0
C16141,Ouargla,Prepaid,26,901.77,3.63,71,0,3,9.2,0
C16142,Tizi Ouzou,Postpaid,8,1775.63,0.71,57,1,1,14.9,1
C16143,Blida,Prepaid,13,1786.14,40.49,74,0,6,31.5,0
C16144,Blida,Postpaid,28,2360.76,7.77,20,1,1,35.1,0
C16145,Setif,Postpaid,8,3011.66,4.21,27,0,1,11.5,0
C16146,Bejaia,Prepaid,23,1514.38,1.72,2,0,2,-19.8,0
C16147,Setif,Prepaid,25,1160.04,16.7,35,0,3,6.2,0
C16148,Batna,Prepaid,24,1724.9,1.48,44,1,3,39.8,1
C16149,Ghardaia,Prepaid,4,1963.11,40.94,21,0,3,32.3,0
C16150,Oran,Prepaid,11,1059.45,32.79,60,0,4,-20.0,0
C16151,Batna,Prepaid,17,1525.35,6.42,16,1,4,25.2,0
C16152,Algiers,Prepaid,4,1513.44,6.98,13,0,1,25.1,1
C16153,Ghardaia,Prepaid,11,715.78,6.8,16,1,3,4.4,1
C16154,Biskra,Prepaid,5,1237.86,10.49,28,0,6,35.8,0
C16155,Bejaia,Prepaid,39,561.82,17.18,80,0,1,25.1,0
C16156,Bejaia,Prepaid,20,1852.64,4.39,15,0,4,3.1,0
C16157,Bejaia,Postpaid,23,2725.6,25.72,5,0,1,10.6,0
C16158,Oran,Prepaid,10,1249.53,8.88,72,0,5,6.8,0
C16159,Batna,Postpaid,9,1877.81,4.67,23,0,2,9.4,0
C16160,Tizi Ouzou,Postpaid,16,2722.38,37.02,10,0,1,30.4,0
C16161,Annaba,Prepaid,11,1177.24,3.42,10,0,3,18.6,1
C16162,Chlef,Prepaid,31,1781.82,1.01,77,0,4,-6.3,0
C16163,Oran,Prepaid,6,2225.26,9.66,54,1,3,55.1,1
C16164,Ghardaia,Postpaid,15,2951.05,7.37,14,1,1,-8.1,0
C16165,Biskra,Prepaid,29,1270.29,18.12,57,0,4,26.4,0
C16166,Tlemcen,Prepaid,23,1208.09,6.55,26,0,6,4.1,0
C16167,Chlef,Prepaid,24,1104.61,1.16,17,0,4,45.9,0
C16168,Setif,Prepaid,32,973.61,40.15,72,1,1,-1.4,0
C16169,Tlemcen,Prepaid,28,1156.83,17.22,25,2,2,22.2,1
C16170,Algiers,Prepaid,25,1750.73,8.38,45,0,1,55.2,0
C16171,Ghardaia,Prepaid,29,1771.55,24.64,55,1,1,24.0,0
C16172,Ghardaia,Prepaid,14,1401.72,35.8,53,0,2,11.8,0
C16173,Constantine,Prepaid,8,1313.67,6.93,65,0,1,45.6,0
C16174,Constantine,Prepaid,20,1844.69,5.41,47,0,4,41.8,0
C16175,Annaba,Prepaid,11,619.41,3.1,49,0,3,7.2,0
C16176,Blida,Prepaid,31,1200.02,21.23,25,0,3,-10.4,0
C16177,Tlemcen,Prepaid,13,641.98,27.29,64,0,3,6.9,0
C16178,Bejaia,Prepaid,5,867.75,3.79,52,1,1,27.2,1
C16179,Tizi Ouzou,Prepaid,27,1837.62,12.0,35,0,5,-4.3,0
C16180,Tizi Ouzou,Prepaid,58,1024.38,3.14,50,0,2,13.7,0
C16181,Batna,Prepaid,20,1559.47,3.14,51,1,1,32.3,1
C16182,Constantine,Prepaid,15,1521.8,23.04,54,1,4,14.8,0
C16183,Blida,Postpaid,7,2691.74,9.75,70,0,1,-20.0,0
C16184,Ghardaia,Prepaid,21,1181.74,8.9,49,2,2,0.9,1
C16185,Tiaret,Prepaid,20,719.11,1.38,22,0,1,7.1,0
C16186,Constantine,Postpaid,2,2645.31,22.92,59,1,1,33.0,0
C16187,Ouargla,Prepaid,20,1600.57,41.95,52,1,2,56.2,1
C16188,Oran,Prepaid,45,1773.65,7.58,89,0,1,15.3,0
C16189,Batna,Prepaid,72,1707.43,20.73,17,1,2,-1.8,0
C16190,Blida,Prepaid,13,876.03,36.09,83,0,3,53.3,0
C16191,Biskra,Prepaid,14,1811.05,20.89,35,0,2,1.6,0
C16192,Constantine,Prepaid,14,2367.21,43.09,89,1,2,23.2,0
C16193,Blida,Postpaid,14,2756.69,5.57,41,0,1,6.6,0
C16194,Biskra,Prepaid,20,678.34,7.46,47,1,3,35.3,0
C16195,Algiers,Postpaid,29,3427.85,3.33,71,0,1,69.8,0
C16196,Algiers,Prepaid,16,1531.55,51.04,76,1,3,69.9,0
C16197,Batna,Postpaid,17,922.19,31.37,30,0,1,49.4,0
C16198,Setif,Postpaid,8,1774.09,14.59,46,0,1,-20.0,0
C16199,Annaba,Prepaid,6,1308.73,5.03,19,0,2,-5.5,0
C16200,Ouargla,Prepaid,9,1277.99,5.99,19,0,3,33.8,0
C16201,Ouargla,Prepaid,25,1555.52,4.1,54,0,3,-4.6,0
C16202,Constantine,Prepaid,12,1200.27,36.47,46,1,3,40.4,0
C16203,Bejaia,Prepaid,22,680.18,18.82,52,1,5,5.2,0
C16204,Ouargla,Prepaid,3,2294.91,2.9,55,1,2,-12.5,1
C16205,Constantine,Postpaid,26,2557.34,12.8,2,0,1,26.1,0
C16206,Batna,Postpaid,23,1741.75,5.83,26,0,1,-20.0,0
C16207,Ouargla,Prepaid,54,1449.31,0.52,82,0,2,31.9,0
C16208,Ouargla,Postpaid,38,2836.27,9.28,2,0,1,-6.6,0
C16209,Ouargla,Postpaid,15,2045.26,29.53,29,1,1,36.0,0
C16210,Oran,Postpaid,23,2624.29,17.6,50,0,1,-15.3,0
C16211,Constantine,Prepaid,51,1479.53,2.8,91,1,1,14.7,0
C16212,Bejaia,Prepaid,39,2025.35,1.58,43,2,3,46.8,1
C16213,Tlemcen,Prepaid,27,1356.7,14.15,90,2,2,14.9,1
C16214,Biskra,Prepaid,2,1189.4,13.02,44,0,3,11.4,0
C16215,Tlemcen,Postpaid,10,1935.29,14.16,10,1,1,-7.4,0
C16216,Tlemcen,Prepaid,16,2167.62,31.54,41,1,5,21.9,0
C16217,Tlemcen,Prepaid,20,494.3,6.02,70,2,4,-2.6,0
C16218,Batna,Postpaid,22,2392.02,5.3,30,0,1,28.3,0
C16219,Tlemcen,Prepaid,47,1793.64,2.09,66,0,3,3.4,0
C16220,Algiers,Prepaid,20,1264.83,32.83,75,0,5,22.5,0
C16221,Algiers,Prepaid,9,1130.46,4.18,58,0,1,-6.2,1
C16222,Chlef,Prepaid,37,1124.31,60.71,67,0,2,32.7,0
C16223,Annaba,Prepaid,21,922.82,4.68,66,1,2,-4.0,0
C16224,Tiaret,Postpaid,22,2940.06,0.92,46,0,1,36.9,0
C16225,Blida,Prepaid,6,998.09,5.6,32,0,3,12.5,0
C16226,Algiers,Prepaid,13,859.76,6.3,40,1,4,33.0,0
C16227,Tizi Ouzou,Prepaid,12,1915.95,17.67,64,0,2,28.4,0
C16228,Blida,Prepaid,34,400.0,10.65,49,1,1,-20.0,0
C16229,Ouargla,Prepaid,5,674.41,14.44,67,0,3,60.4,1
C16230,Ghardaia,Prepaid,19,1543.12,1.0,45,0,3,-11.4,0
C16231,Chlef,Prepaid,1,2404.16,18.78,65,1,2,-12.6,0
C16232,Annaba,Prepaid,27,1160.67,24.67,42,1,4,-20.0,0
C16233,Algiers,Prepaid,6,1636.39,6.52,53,0,2,64.5,1
C16234,Biskra,Prepaid,27,1415.62,10.33,28,0,2,60.8,0
C16235,Algiers,Prepaid,7,1639.36,10.62,59,0,2,2.2,0
C16236,Biskra,Prepaid,56,1151.56,8.35,63,0,5,43.9,0
C16237,Tiaret,Prepaid,12,1611.34,40.63,53,0,4,19.2,0
C16238,Annaba,Prepaid,6,888.94,11.51,2,1,3,29.0,0
C16239,Annaba,Prepaid,10,605.34,0.5,41,0,3,-18.7,0
C16240,Tiaret,Prepaid,24,1628.28,16.61,67,0,3,20.7,0
C16241,Tizi Ouzou,Prepaid,7,400.0,5.58,55,0,2,5.3,1
C16242,Blida,Prepaid,13,1782.01,13.91,62,0,4,-6.5,0
C16243,Setif,Prepaid,29,1477.17,22.28,35,0,3,10.1,0
C16244,Constantine,Prepaid,11,1496.03,7.76,28,0,3,3.7,0
C16245,Oran,Prepaid,23,1481.1,9.47,53,0,4,12.9,0
C16246,Tlemcen,Prepaid,13,2084.31,0.5,50,0,3,15.5,0
C16247,Chlef,Prepaid,26,1858.16,6.43,43,0,4,-20.0,0
C16248,Bejaia,Postpaid,19,2194.84,4.89,69,0,1,-4.7,0
C16249,Setif,Prepaid,8,984.26,0.5,83,2,6,19.7,1
C16250,Constantine,Prepaid,35,1986.77,1.53,48,1,5,27.9,0
C16251,Oran,Prepaid,8,1228.83,11.31,38,1,4,4.0,1
C16252,Ghardaia,Prepaid,11,2232.42,1.42,60,0,1,-20.0,0
C16253,Algiers,Prepaid,17,2316.09,25.81,48,0,3,-8.1,0
C16254,Setif,Prepaid,11,1295.48,17.73,22,0,4,21.8,0
C16255,Setif,Postpaid,49,2886.94,22.19,20,2,1,55.3,0
C16256,Batna,Postpaid,19,2152.96,17.15,15,0,1,19.3,0
C16257,Tiaret,Postpaid,24,3373.67,46.19,86,1,1,31.5,0
C16258,Chlef,Prepaid,11,1176.63,32.63,58,0,5,51.8,1
C16259,Bejaia,Prepaid,18,2367.98,44.62,53,0,1,22.7,0
C16260,Chlef,Prepaid,21,1098.1,0.5,39,0,3,34.1,0
C16261,Blida,Prepaid,15,2057.77,8.55,70,0,2,-20.0,0
C16262,Tlemcen,Prepaid,24,1299.42,17.81,2,0,2,-19.4,0
C16263,Tizi Ouzou,Prepaid,4,1306.75,10.33,76,0,4,40.9,0
C16264,Biskra,Prepaid,13,1373.57,4.74,46,0,2,67.4,0
C16265,Constantine,Prepaid,10,835.07,5.52,51,0,5,14.4,0
C16266,Blida,Postpaid,7,1720.17,0.5,74,1,1,-20.0,0
C16267,Tizi Ouzou,Postpaid,15,2321.15,7.23,44,0,1,45.4,0
C16268,Batna,Prepaid,14,2030.65,6.78,69,0,4,1.2,0
C16269,Blida,Postpaid,17,3442.46,53.22,26,0,1,36.3,0
C16270,Ouargla,Prepaid,16,875.52,2.34,52,0,3,21.8,0
C16271,Annaba,Postpaid,43,2217.63,22.44,50,1,1,-20.0,0
C16272,Constantine,Prepaid,27,1495.1,1.14,60,1,1,42.9,1
C16273,Tizi Ouzou,Postpaid,41,2957.49,9.57,9,0,1,22.8,0
C16274,Tizi Ouzou,Prepaid,18,1773.68,9.94,56,1,3,7.7,0
C16275,Ouargla,Prepaid,32,1264.59,10.68,82,1,3,24.9,0
C16276,Tlemcen,Postpaid,27,2436.87,2.57,55,0,1,-2.4,0
C16277,Algiers,Postpaid,22,3289.2,7.51,29,0,1,35.0,0
C16278,Annaba,Postpaid,39,3822.26,22.98,37,0,1,61.4,0
C16279,Annaba,Postpaid,5,3165.24,1.08,28,0,1,5.5,0
C16280,Tiaret,Prepaid,39,939.9,0.5,4,0,3,20.1,0
C16281,Constantine,Prepaid,27,1072.05,31.38,48,0,2,-17.2,0
C16282,Annaba,Postpaid,62,2025.92,46.45,49,0,1,62.0,0
C16283,Tiaret,Postpaid,9,3133.14,15.5,41,1,1,23.2,1
C16284,Algiers,Prepaid,30,1729.55,32.14,49,1,3,1.8,0
C16285,Bejaia,Prepaid,34,1892.62,31.44,65,1,3,30.9,1
C16286,Chlef,Prepaid,13,1545.42,4.99,65,0,4,-2.2,0
C16287,Constantine,Prepaid,54,1562.35,17.48,60,0,4,18.0,0
C16288,Oran,Prepaid,10,2735.28,19.99,38,0,5,-20.0,0
C16289,Blida,Prepaid,24,1049.07,2.03,34,0,3,-13.2,0
C16290,Tiaret,Postpaid,17,2965.88,6.64,51,0,1,41.2,0
C16291,Biskra,Prepaid,22,1857.44,7.94,76,0,2,-5.4,0
C16292,Ouargla,Prepaid,18,1920.51,16.42,16,1,4,33.5,0
C16293,Algiers,Prepaid,26,1672.85,14.67,54,0,2,11.0,0
C16294,Tlemcen,Prepaid,16,1128.8,1.94,21,0,4,35.9,0
C16295,Tizi Ouzou,Postpaid,26,2641.02,19.36,13,0,1,50.9,0
C16296,Biskra,Prepaid,21,1410.44,3.77,52,0,4,-0.9,0
C16297,Setif,Prepaid,33,1645.82,20.47,40,0,5,20.8,0
C16298,Ouargla,Prepaid,8,1155.45,0.86,56,0,2,-6.2,0
C16299,Chlef,Prepaid,12,1673.02,41.08,39,0,1,18.1,0
C16300,Bejaia,Prepaid,21,1447.49,13.87,21,0,1,-20.0,0
C16301,Algiers,Prepaid,23,2042.8,0.5,42,0,4,22.4,0
C16302,Bejaia,Prepaid,11,1377.42,65.65,25,1,3,-3.2,0
C16303,Algiers,Prepaid,8,1753.39,34.92,7,0,2,38.6,1
C16304,Biskra,Prepaid,15,650.93,0.54,57,0,4,14.6,0
C16305,Oran,Prepaid,29,952.19,8.16,35,1,2,2.8,0
C16306,Biskra,Prepaid,16,2027.77,14.06,39,0,4,-20.0,0
C16307,Ghardaia,Prepaid,7,1335.95,8.43,72,0,4,56.4,0
C16308,Algiers,Prepaid,39,1467.88,31.39,52,2,4,-20.0,0
C16309,Algiers,Prepaid,4,1417.08,0.77,74,1,4,22.6,1
C16310,Tiaret,Prepaid,4,1335.12,48.23,33,1,1,-1.7,1
C16311,Oran,Prepaid,7,2374.53,11.07,38,1,4,7.1,1
C16312,Tlemcen,Prepaid,4,1302.17,2.6,50,0,3,-14.6,1
C16313,Batna,Prepaid,12,1039.4,0.78,65,2,6,64.9,1
C16314,Tlemcen,Prepaid,21,1552.33,9.61,35,1,3,19.8,0
C16315,Oran,Prepaid,23,2427.61,3.68,58,1,2,12.7,1
C16316,Chlef,Prepaid,6,1373.29,17.47,60,1,1,-1.4,0
C16317,Setif,Prepaid,21,2042.37,12.23,69,0,3,-20.0,0
C16318,Batna,Postpaid,18,1732.46,23.59,51,0,1,18.9,0
C16319,Tiaret,Prepaid,16,1397.52,35.24,55,0,3,1.7,0
C16320,Constantine,Prepaid,26,1800.55,19.92,20,0,4,-20.0,0
C16321,Annaba,Prepaid,50,1810.34,17.6,65,0,1,18.2,0
C16322,Tiaret,Prepaid,24,1704.85,9.84,67,0,2,32.9,0
C16323,Biskra,Prepaid,5,1218.83,8.27,57,1,1,-20.0,1
C16324,Biskra,Prepaid,9,2489.64,33.51,25,2,2,59.9,1
C16325,Algiers,Prepaid,10,2220.99,9.21,35,0,3,25.5,0
C16326,Setif,Prepaid,34,922.22,21.38,86,2,3,-20.0,0
C16327,Tlemcen,Prepaid,5,1329.95,13.43,68,0,1,34.9,1
C16328,Biskra,Prepaid,26,2041.59,0.58,38,2,3,38.1,0
C16329,Oran,Prepaid,16,1388.32,16.95,59,1,2,43.7,0
C16330,Biskra,Prepaid,30,969.91,11.29,56,0,2,-4.8,0
C16331,Chlef,Postpaid,19,2324.87,15.75,97,1,1,19.8,0
C16332,Setif,Postpaid,20,3977.04,0.52,62,0,1,51.1,0
C16333,Bejaia,Prepaid,34,1672.53,0.91,77,1,3,25.8,0
C16334,Bejaia,Prepaid,30,696.68,11.18,34,0,4,-10.7,0
C16335,Tiaret,Prepaid,11,820.39,8.67,16,0,2,20.2,0
C16336,Constantine,Prepaid,30,1314.19,7.84,33,2,1,3.9,0
C16337,Tlemcen,Prepaid,2,2113.77,75.69,73,0,4,3.1,0
C16338,Ghardaia,Prepaid,17,801.05,6.22,89,0,4,55.0,0
C16339,Tizi Ouzou,Prepaid,5,1612.55,1.81,21,0,5,-20.0,0
C16340,Oran,Postpaid,36,2688.35,1.03,50,1,1,-14.2,0
C16341,Chlef,Prepaid,15,1313.69,10.69,34,2,2,25.4,1
C16342,Tiaret,Prepaid,15,1894.0,20.2,52,0,1,37.8,0
C16343,Bejaia,Prepaid,13,1115.74,2.03,75,0,4,-10.1,0
C16344,Oran,Prepaid,3,683.01,12.1,47,0,2,-20.0,0
C16345,Setif,Postpaid,36,2852.69,3.6,59,0,1,-12.9,0
C16346,Oran,Postpaid,39,2061.35,2.33,57,0,1,28.3,0
C16347,Ouargla,Prepaid,20,804.66,15.3,19,0,4,30.5,0
C16348,Oran,Postpaid,5,2972.7,13.89,38,1,1,57.6,1
C16349,Batna,Prepaid,19,2427.34,9.85,65,0,6,-7.9,0
C16350,Annaba,Prepaid,13,1570.12,2.46,77,0,4,20.0,0
C16351,Bejaia,Prepaid,48,1800.3,17.92,46,0,4,18.5,0
C16352,Annaba,Prepaid,15,1140.32,2.88,73,1,2,-20.0,0
C16353,Ouargla,Prepaid,22,1694.31,11.69,39,1,4,28.3,0
C16354,Setif,Prepaid,15,1666.28,17.13,65,0,2,49.8,0
C16355,Ghardaia,Prepaid,19,1482.49,1.16,43,0,5,22.2,0
C16356,Chlef,Prepaid,9,1296.88,41.48,33,0,1,3.1,1
C16357,Annaba,Prepaid,23,1261.13,35.21,73,2,1,-20.0,0
C16358,Blida,Prepaid,31,1267.87,1.1,34,0,1,15.3,0
C16359,Tiaret,Prepaid,23,2309.92,5.22,65,0,2,12.7,0
C16360,Tlemcen,Prepaid,9,1231.55,2.31,14,1,5,45.8,1
C16361,Setif,Postpaid,14,2107.2,30.9,63,1,1,14.9,0
C16362,Constantine,Prepaid,9,1135.71,21.23,60,1,5,-20.0,0
C16363,Algiers,Prepaid,8,1431.79,9.94,84,1,2,18.1,1
C16364,Chlef,Prepaid,25,821.17,1.54,79,0,4,-2.6,0
C16365,Batna,Postpaid,41,1601.81,21.89,54,0,1,37.4,0
C16366,Tizi Ouzou,Prepaid,36,953.82,8.42,53,0,1,-7.0,0
C16367,Annaba,Prepaid,24,1257.37,39.15,63,1,3,10.2,0
C16368,Tiaret,Prepaid,6,2212.94,4.36,65,0,3,-20.0,0
C16369,Tizi Ouzou,Prepaid,14,894.06,7.51,8,0,4,43.2,0
C16370,Batna,Prepaid,9,1097.47,26.72,27,0,2,19.3,1
C16371,Blida,Prepaid,8,2264.46,17.07,50,0,3,12.9,0
C16372,Annaba,Postpaid,4,2554.45,25.2,16,1,1,18.7,0
C16373,Algiers,Postpaid,23,2736.15,13.9,3,0,1,4.3,0
C16374,Algiers,Prepaid,10,1878.06,3.84,21,1,3,-12.2,1
C16375,Biskra,Prepaid,12,1858.35,1.78,53,0,3,-2.4,0
C16376,Oran,Prepaid,12,1868.31,8.39,17,0,3,23.6,0
C16377,Tizi Ouzou,Prepaid,15,1818.6,5.25,75,1,5,19.9,0
C16378,Oran,Prepaid,5,1532.59,13.5,50,0,4,13.1,0
C16379,Ghardaia,Postpaid,42,3456.88,2.68,40,0,1,14.4,0
C16380,Bejaia,Prepaid,25,1958.5,24.51,50,1,6,-8.9,0
C16381,Biskra,Prepaid,30,2443.02,3.81,20,0,2,37.8,0
C16382,Batna,Prepaid,18,2330.08,11.74,82,0,4,27.5,0
C16383,Constantine,Prepaid,29,1564.23,8.75,17,0,2,-17.0,0
C16384,Oran,Prepaid,16,1152.6,11.55,50,2,4,44.8,1
C16385,Ouargla,Prepaid,32,1723.45,23.32,60,0,4,23.9,0
C16386,Chlef,Prepaid,10,1315.42,32.22,31,0,5,25.7,0
C16387,Oran,Prepaid,5,2138.63,5.33,61,1,4,85.0,1
C16388,Tiaret,Prepaid,9,1967.2,1.04,53,0,2,0.3,1
C16389,Tiaret,Postpaid,24,1483.35,21.68,23,0,1,-4.9,0
C16390,Oran,Prepaid,26,1078.12,25.9,9,1,4,-5.9,0
C16391,Tizi Ouzou,Prepaid,5,1544.67,67.18,58,0,5,37.2,0
C16392,Setif,Prepaid,20,1814.28,2.95,64,1,3,9.8,0
C16393,Biskra,Prepaid,10,1489.08,13.15,33,0,2,-20.0,0
C16394,Annaba,Prepaid,7,625.97,9.42,123,0,4,15.8,0
C16395,Batna,Prepaid,36,1648.28,0.5,54,0,4,13.5,0
C16396,Setif,Postpaid,20,2496.11,6.58,21,0,1,6.1,0
C16397,Setif,Postpaid,22,2654.96,18.66,48,2,1,-20.0,0
C16398,Batna,Prepaid,6,1721.95,62.59,57,0,1,-9.0,0
C16399,Algiers,Prepaid,13,2277.01,13.56,42,0,4,8.0,0
C16400,Oran,Prepaid,38,1807.51,7.42,21,0,2,37.9,0
C16401,Ghardaia,Prepaid,6,1084.96,7.34,3,1,2,45.4,1
C16402,Constantine,Postpaid,10,3135.27,3.15,23,2,1,35.3,1
C16403,Ghardaia,Prepaid,15,1126.57,12.38,87,1,5,15.2,0
C16404,Algiers,Prepaid,7,1369.65,0.5,66,0,4,8.5,0
C16405,Ghardaia,Postpaid,22,3591.3,6.66,43,2,1,61.5,0
C16406,Setif,Prepaid,16,1795.44,2.03,60,0,4,20.8,0
C16407,Blida,Prepaid,25,1182.97,40.55,79,0,3,14.7,0
C16408,Ouargla,Prepaid,19,1341.7,9.32,43,0,2,-9.2,0
C16409,Biskra,Postpaid,33,1774.49,4.37,32,0,1,38.0,0
C16410,Blida,Prepaid,25,1432.89,1.68,29,0,2,11.6,0
C16411,Tlemcen,Prepaid,11,1044.16,0.5,73,1,3,-2.1,1
C16412,Tiaret,Prepaid,49,1146.32,14.14,35,2,4,11.1,0
C16413,Oran,Prepaid,72,1235.19,33.58,23,1,3,-20.0,0
C16414,Oran,Prepaid,13,2015.3,20.93,61,0,6,76.4,0
C16415,Ghardaia,Prepaid,26,1084.92,4.14,73,1,4,8.5,0
C16416,Ouargla,Prepaid,12,1478.23,7.22,55,2,5,21.9,0
C16417,Tizi Ouzou,Prepaid,51,2230.15,38.1,20,0,4,-20.0,0
C16418,Algiers,Prepaid,17,1581.85,10.7,64,2,5,65.5,1
C16419,Algiers,Prepaid,1,1206.05,18.54,20,0,2,-18.3,0
C16420,Ghardaia,Postpaid,13,1943.63,12.47,24,0,1,36.1,0
C16421,Constantine,Prepaid,13,917.69,57.35,67,2,6,22.0,0
C16422,Biskra,Prepaid,12,400.0,4.29,8,1,3,-0.4,0
C16423,Biskra,Postpaid,26,3555.31,5.53,65,0,1,50.1,0
C16424,Constantine,Prepaid,46,834.28,15.2,45,0,3,42.2,0
C16425,Blida,Prepaid,30,1239.74,7.71,47,0,5,33.7,0
C16426,Blida,Postpaid,25,2975.06,3.36,69,0,1,50.0,0
C16427,Tizi Ouzou,Postpaid,10,2154.54,3.97,38,1,1,17.0,0
C16428,Batna,Prepaid,8,1190.81,8.23,25,0,3,21.2,0
C16429,Bejaia,Postpaid,8,3363.64,33.76,41,0,1,11.8,0
C16430,Setif,Prepaid,45,1330.31,8.49,64,0,1,13.1,0
C16431,Tizi Ouzou,Prepaid,19,1039.19,5.51,25,1,4,-2.7,0
C16432,Tiaret,Prepaid,10,774.51,22.81,44,0,4,33.4,0
C16433,Oran,Prepaid,9,1282.61,4.86,27,1,3,31.2,1
C16434,Blida,Postpaid,12,2563.03,8.54,71,0,1,30.9,0
C16435,Ghardaia,Prepaid,6,1145.02,8.12,16,0,2,35.8,1
C16436,Blida,Postpaid,15,2166.25,6.57,79,0,1,30.1,0
C16437,Constantine,Prepaid,14,1660.5,2.43,37,1,4,39.7,1
C16438,Oran,Prepaid,8,704.83,2.45,36,0,3,21.0,0
C16439,Tlemcen,Prepaid,19,952.9,3.31,23,2,2,12.8,1
C16440,Tlemcen,Prepaid,12,1203.34,23.52,91,0,3,26.0,0
C16441,Batna,Prepaid,5,1556.0,39.23,38,1,2,-8.6,1
C16442,Setif,Prepaid,7,2042.89,21.33,50,1,1,30.0,1
C16443,Ghardaia,Prepaid,15,797.55,13.11,18,1,3,-16.9,0
C16444,Tlemcen,Prepaid,4,1639.88,36.25,44,1,2,29.7,1
C16445,Tiaret,Prepaid,8,876.76,5.11,35,1,4,49.1,0
C16446,Ghardaia,Postpaid,2,1985.47,29.93,14,1,1,-13.9,0
C16447,Batna,Prepaid,34,1369.25,5.08,38,2,4,36.1,0
C16448,Ouargla,Prepaid,6,1217.02,9.07,59,1,2,44.3,1
C16449,Tlemcen,Prepaid,5,1094.35,28.8,49,0,3,21.7,0
C16450,Biskra,Prepaid,10,646.31,2.58,10,0,4,25.2,1
C16451,Tizi Ouzou,Postpaid,10,3010.44,2.3,73,0,1,40.7,0
C16452,Ouargla,Prepaid,16,2446.15,50.61,67,1,4,49.3,0
C16453,Constantine,Prepaid,28,440.87,32.78,31,1,4,2.6,0
C16454,Oran,Prepaid,12,729.69,11.72,48,1,2,15.0,0
C16455,Constantine,Prepaid,43,1693.32,19.69,42,1,6,-13.6,0
C16456,Tiaret,Prepaid,24,1733.32,3.09,69,1,5,27.2,0
C16457,Tiaret,Prepaid,36,1528.63,10.02,16,1,4,-13.3,0
C16458,Algiers,Prepaid,15,1893.77,3.98,27,0,2,65.5,0
C16459,Ghardaia,Prepaid,62,761.45,31.76,28,0,2,39.7,0
C16460,Constantine,Prepaid,21,785.51,5.81,30,0,2,45.0,0
C16461,Oran,Prepaid,25,765.77,8.03,53,1,5,10.2,0
C16462,Tlemcen,Postpaid,18,2523.55,9.35,7,1,1,-20.0,0
C16463,Tizi Ouzou,Prepaid,18,979.39,9.26,46,0,4,-5.8,0
C16464,Bejaia,Prepaid,3,1496.53,0.98,93,1,4,43.3,1
C16465,Batna,Prepaid,72,697.59,16.75,40,2,4,47.0,0
C16466,Ouargla,Postpaid,54,2776.71,30.76,63,1,1,24.7,0
C16467,Bejaia,Postpaid,22,3370.19,19.34,30,1,1,49.6,0
C16468,Biskra,Postpaid,42,3461.1,6.02,49,0,1,-6.1,0
C16469,Batna,Postpaid,3,2999.47,26.55,17,1,1,-0.4,0
C16470,Constantine,Prepaid,34,1672.89,11.05,2,1,3,5.2,0
C16471,Bejaia,Prepaid,37,908.52,17.22,70,1,6,4.6,0
C16472,Tlemcen,Prepaid,22,1704.6,66.45,49,0,5,12.7,0
C16473,Ouargla,Postpaid,10,2547.48,41.65,2,0,1,78.8,0
C16474,Blida,Prepaid,33,960.87,27.42,32,1,2,-1.5,0
C16475,Bejaia,Prepaid,46,1755.31,6.34,53,1,1,26.1,0
C16476,Algiers,Prepaid,16,613.86,34.55,59,0,4,-8.7,0
C16477,Ghardaia,Prepaid,22,1397.87,1.04,49,0,3,9.0,0
C16478,Biskra,Prepaid,17,1066.54,11.91,70,0,5,-8.7,0
C16479,Tizi Ouzou,Postpaid,9,2575.64,1.54,35,1,1,11.2,0
C16480,Ghardaia,Prepaid,25,1916.13,15.97,13,0,6,0.5,0
C16481,Tiaret,Postpaid,3,2837.0,28.6,48,1,1,34.3,0
C16482,Tizi Ouzou,Prepaid,24,1578.98,9.03,22,0,1,30.4,0
C16483,Constantine,Postpaid,13,2054.08,6.24,60,2,1,-1.5,0
C16484,Batna,Prepaid,3,2162.06,17.33,53,0,7,12.6,0
C16485,Tizi Ouzou,Prepaid,39,1265.11,0.8,8,0,2,18.4,0
C16486,Batna,Prepaid,18,2073.85,7.49,51,0,3,48.5,0
C16487,Oran,Prepaid,4,1602.0,19.52,49,0,1,39.8,1
C16488,Tizi Ouzou,Postpaid,12,2897.79,8.58,24,0,1,4.1,0
C16489,Tlemcen,Prepaid,10,2397.39,21.3,24,0,7,24.4,0
C16490,Batna,Prepaid,18,713.99,72.18,47,0,3,12.1,0
C16491,Algiers,Postpaid,41,2301.04,3.52,34,0,1,3.8,0
C16492,Oran,Postpaid,37,1701.42,12.36,19,0,1,26.9,0
C16493,Setif,Prepaid,11,2157.65,15.73,64,0,5,-7.2,0
C16494,Biskra,Prepaid,8,1716.15,6.92,33,0,1,16.9,1
C16495,Blida,Postpaid,19,2981.51,7.71,40,0,1,1.7,0
C16496,Algiers,Prepaid,5,1336.58,62.93,13,0,3,35.2,1
C16497,Tiaret,Prepaid,26,1789.72,31.32,76,0,1,39.0,0
C16498,Ghardaia,Postpaid,50,1644.52,4.71,59,1,1,37.6,0
C16499,Biskra,Prepaid,49,1254.24,23.56,16,0,3,33.7,0
C16500,Chlef,Prepaid,47,1966.22,6.66,58,0,4,33.8,0
C16501,Ouargla,Prepaid,19,1076.77,7.3,24,2,3,58.9,0
C16502,Tiaret,Prepaid,14,1796.11,1.58,5,1,2,23.2,1
C16503,Bejaia,Prepaid,7,1560.19,8.54,50,2,1,7.5,1
C16504,Tiaret,Postpaid,6,900.0,2.24,87,0,1,-20.0,0
C16505,Bejaia,Prepaid,19,939.72,0.5,71,0,2,-20.0,0
C16506,Annaba,Prepaid,19,588.7,3.45,62,0,5,17.3,0
C16507,Biskra,Prepaid,25,1218.41,43.91,27,0,2,18.6,0
C16508,Ghardaia,Prepaid,44,1417.5,10.52,43,0,1,9.9,0
C16509,Blida,Prepaid,25,2112.04,21.06,73,0,2,7.0,0
C16510,Chlef,Prepaid,7,1682.58,18.23,15,0,2,44.3,1
C16511,Chlef,Prepaid,37,1565.81,3.44,57,0,3,43.1,0
C16512,Tiaret,Prepaid,1,1662.46,16.31,63,2,1,13.8,1
C16513,Tiaret,Postpaid,14,2861.34,6.38,48,0,1,50.5,0
C16514,Bejaia,Postpaid,10,2895.06,4.17,52,1,1,26.8,1
C16515,Oran,Prepaid,26,1336.68,7.75,13,0,5,2.5,0
C16516,Tlemcen,Prepaid,11,1142.41,3.38,24,0,5,30.0,0
C16517,Biskra,Postpaid,38,3364.08,5.73,50,2,1,5.1,0
C16518,Tiaret,Prepaid,21,2255.66,0.6,45,0,1,-20.0,0
C16519,Annaba,Prepaid,34,1195.95,10.53,83,1,1,44.0,0
C16520,Batna,Postpaid,14,1442.71,14.41,38,1,1,15.1,0
C16521,Blida,Prepaid,36,1826.23,4.01,50,0,1,-2.5,0
C16522,Biskra,Prepaid,45,1553.94,8.43,40,0,2,21.9,0
C16523,Biskra,Prepaid,8,1885.08,11.76,28,0,5,36.1,0
C16524,Biskra,Postpaid,7,3916.02,68.15,72,0,1,16.3,0
C16525,Tlemcen,Prepaid,10,1203.1,8.09,77,1,3,14.7,1
C16526,Constantine,Prepaid,2,1885.7,3.21,39,1,3,33.9,1
C16527,Ghardaia,Prepaid,23,1574.25,15.75,35,0,5,-0.7,0
C16528,Ghardaia,Prepaid,21,1809.73,8.5,60,0,4,59.0,0
C16529,Chlef,Prepaid,61,1437.66,34.33,66,0,3,50.1,0
C16530,Tizi Ouzou,Prepaid,11,1762.76,3.92,51,0,6,26.5,1
C16531,Bejaia,Prepaid,13,1006.58,0.89,26,1,3,36.8,0
C16532,Algiers,Prepaid,7,1085.44,13.76,79,0,4,22.1,1
C16533,Algiers,Prepaid,10,1663.58,29.99,56,1,5,19.7,1
C16534,Biskra,Prepaid,30,1885.38,0.5,69,0,2,-8.3,0
C16535,Tizi Ouzou,Prepaid,14,400.0,1.15,78,0,2,26.0,0
C16536,Constantine,Postpaid,8,2570.35,14.66,85,0,1,36.9,0
C16537,Chlef,Prepaid,23,2055.28,23.82,6,1,5,-17.2,0
C16538,Ghardaia,Postpaid,11,1960.28,19.17,97,0,1,21.0,0
C16539,Batna,Prepaid,29,1309.68,17.51,41,0,3,-20.0,0
C16540,Ghardaia,Prepaid,34,1448.16,10.86,56,0,3,-12.0,0
C16541,Batna,Prepaid,20,838.02,3.24,63,0,2,40.1,0
C16542,Ghardaia,Prepaid,16,1228.29,14.0,34,2,2,-20.0,0
C16543,Constantine,Prepaid,3,1173.6,40.72,68,0,1,-17.7,0
C16544,Oran,Prepaid,48,1548.13,24.9,46,0,6,23.7,0
C16545,Ouargla,Prepaid,45,1703.35,27.81,38,0,4,0.1,0
C16546,Batna,Prepaid,37,973.2,16.91,39,0,3,10.1,0
C16547,Blida,Postpaid,3,1704.9,44.81,62,0,1,-20.0,0
C16548,Annaba,Prepaid,14,1829.3,0.91,34,0,5,16.1,0
C16549,Blida,Prepaid,35,1403.72,0.5,18,0,4,19.0,0
C16550,Setif,Prepaid,23,1197.19,7.35,41,0,3,14.3,0
C16551,Algiers,Prepaid,25,713.11,19.36,84,0,2,16.4,0
C16552,Chlef,Prepaid,17,977.2,24.02,40,0,5,12.0,0
C16553,Annaba,Postpaid,10,2916.52,7.02,46,1,1,-20.0,0
C16554,Chlef,Postpaid,1,3057.05,12.57,50,0,1,11.7,0
C16555,Biskra,Prepaid,27,400.0,4.19,63,1,4,34.7,0
C16556,Tlemcen,Prepaid,5,2004.34,5.11,74,1,2,-4.3,1
C16557,Tlemcen,Postpaid,24,3183.41,12.42,46,1,1,18.7,0
C16558,Ghardaia,Postpaid,10,1149.56,2.43,60,0,1,22.5,1
C16559,Annaba,Prepaid,15,1577.98,4.9,50,1,3,-3.6,0
C16560,Oran,Prepaid,8,1598.2,30.61,59,0,1,2.5,0
C16561,Batna,Prepaid,27,579.99,0.52,22,0,5,12.9,0
C16562,Batna,Prepaid,18,741.79,19.84,30,2,4,-20.0,0
C16563,Ouargla,Prepaid,4,1129.5,2.34,49,2,1,10.8,1
C16564,Bejaia,Prepaid,6,1596.35,13.32,55,0,1,41.7,1
C16565,Batna,Prepaid,53,1095.97,3.1,109,0,3,40.9,0
C16566,Oran,Postpaid,5,2155.93,4.62,44,0,1,23.6,0
C16567,Ghardaia,Postpaid,15,2112.81,9.66,55,0,1,-9.8,0
C16568,Batna,Prepaid,6,1325.48,9.75,49,0,2,13.8,0
C16569,Batna,Prepaid,13,1277.72,20.89,77,0,4,20.3,0
C16570,Blida,Postpaid,15,2823.4,8.45,81,0,1,29.1,0
C16571,Oran,Prepaid,8,1429.32,2.88,78,0,2,30.4,0
C16572,Batna,Prepaid,10,1478.42,21.04,39,0,4,21.2,0
C16573,Tiaret,Prepaid,18,2391.72,2.83,39,0,4,14.4,0
C16574,Biskra,Prepaid,12,1442.98,1.05,78,0,3,34.0,0
C16575,Algiers,Prepaid,3,1319.93,18.5,16,1,2,10.1,0
C16576,Oran,Prepaid,7,1686.89,9.2,24,0,2,5.7,0
C16577,Tlemcen,Prepaid,3,2569.11,0.5,32,1,3,1.8,1
C16578,Tlemcen,Postpaid,8,2780.72,53.79,22,0,1,-20.0,0
C16579,Algiers,Prepaid,15,1207.53,43.04,51,1,5,25.7,0
C16580,Chlef,Postpaid,25,2629.77,2.7,42,1,1,42.0,1
C16581,Chlef,Prepaid,20,598.57,17.21,37,0,1,33.8,0
C16582,Algiers,Prepaid,8,1963.19,12.85,29,0,1,18.1,1
C16583,Ghardaia,Prepaid,27,1319.34,3.97,23,1,2,31.0,1
C16584,Oran,Prepaid,13,1625.54,7.24,2,0,4,14.5,0
C16585,Ouargla,Prepaid,32,1445.97,1.02,72,3,2,29.6,1
C16586,Bejaia,Prepaid,19,1035.56,6.51,39,1,2,1.8,0
C16587,Bejaia,Prepaid,12,1721.57,21.63,70,1,4,-8.0,0
C16588,Biskra,Prepaid,25,1468.51,12.97,23,1,2,22.2,1
C16589,Setif,Prepaid,12,2643.39,8.1,34,0,2,-1.3,0
C16590,Tizi Ouzou,Prepaid,1,1750.06,0.5,20,1,2,7.6,1
C16591,Chlef,Prepaid,10,2569.26,0.5,57,0,4,25.5,0
C16592,Chlef,Prepaid,17,1454.47,3.5,73,1,6,39.3,0
C16593,Annaba,Postpaid,6,1385.16,33.06,70,3,1,-11.5,1
C16594,Biskra,Postpaid,25,1739.43,5.11,52,1,1,-9.7,0
C16595,Biskra,Prepaid,36,1312.85,13.93,65,0,4,30.8,0
C16596,Batna,Prepaid,8,792.75,37.92,58,0,2,-20.0,0
C16597,Blida,Prepaid,33,1429.09,21.44,9,0,3,20.3,0
C16598,Blida,Prepaid,27,411.69,29.29,71,0,2,53.9,0
C16599,Ghardaia,Prepaid,29,2047.35,28.86,45,0,2,-20.0,0
C16600,Algiers,Prepaid,9,953.06,10.41,57,0,3,2.8,0
C16601,Ghardaia,Prepaid,2,937.37,5.07,81,0,4,46.3,1
C16602,Annaba,Postpaid,14,2438.5,14.07,63,0,1,25.3,0
C16603,Ghardaia,Prepaid,51,1604.99,45.12,30,0,1,10.9,0
C16604,Batna,Prepaid,29,1191.06,3.16,2,0,3,15.7,0
C16605,Blida,Postpaid,27,1645.35,27.85,22,0,1,41.7,0
C16606,Chlef,Prepaid,2,2297.52,41.07,87,0,4,14.0,0
C16607,Ouargla,Prepaid,11,1267.26,0.68,16,1,2,-10.6,1
C16608,Bejaia,Prepaid,7,1247.4,40.98,54,2,3,5.6,0
C16609,Bejaia,Prepaid,13,1391.08,37.0,20,1,3,-15.6,0
C16610,Batna,Prepaid,13,1964.68,3.61,72,0,5,62.3,0
C16611,Tiaret,Prepaid,10,1304.63,39.04,43,1,1,-20.0,0
C16612,Biskra,Prepaid,18,1123.72,31.82,63,2,4,6.9,0
C16613,Blida,Postpaid,41,2190.88,21.1,43,0,1,7.8,0
C16614,Tiaret,Prepaid,1,1281.51,13.44,48,0,2,25.4,1
C16615,Batna,Prepaid,15,767.93,0.71,60,0,4,53.5,0
C16616,Oran,Postpaid,9,2071.43,1.35,43,0,1,-7.3,0
C16617,Oran,Postpaid,25,3243.62,10.51,82,0,1,6.3,0
C16618,Ouargla,Prepaid,21,710.01,13.85,23,0,4,25.5,0
C16619,Biskra,Prepaid,22,1504.37,3.71,5,1,2,-2.6,0
C16620,Annaba,Postpaid,41,3147.82,11.74,36,0,1,-9.6,0
C16621,Algiers,Prepaid,5,1570.72,7.74,54,0,4,22.0,1
C16622,Blida,Prepaid,11,2872.21,23.15,47,1,4,47.7,1
C16623,Blida,Prepaid,19,1154.19,43.62,52,0,2,14.7,0
C16624,Ghardaia,Postpaid,15,3318.05,12.44,102,0,1,17.6,0
C16625,Biskra,Prepaid,31,500.26,0.95,55,0,5,-8.3,0
C16626,Ouargla,Prepaid,7,1118.99,2.6,76,1,6,-5.1,1
C16627,Setif,Prepaid,11,2068.37,4.65,35,1,2,38.3,1
C16628,Chlef,Prepaid,9,1953.44,6.79,58,0,3,36.3,1
C16629,Chlef,Prepaid,18,1516.82,3.97,29,1,4,3.0,0
C16630,Blida,Prepaid,4,1050.67,1.02,41,0,4,40.9,1
C16631,Tiaret,Prepaid,34,1112.62,11.79,73,0,3,6.9,0
C16632,Oran,Prepaid,23,1495.57,6.94,28,0,3,3.4,0
C16633,Algiers,Prepaid,3,1736.59,10.49,64,0,5,77.8,1
C16634,Tizi Ouzou,Prepaid,58,795.42,28.34,33,0,1,-20.0,0
C16635,Constantine,Postpaid,15,2852.18,1.32,60,0,1,-5.2,0
C16636,Batna,Postpaid,24,3150.36,36.96,46,0,1,20.2,0
C16637,Constantine,Prepaid,18,1933.53,9.27,51,0,1,10.9,0
C16638,Ghardaia,Postpaid,35,2584.93,4.92,23,1,1,16.4,0
C16639,Tiaret,Postpaid,5,2326.11,1.76,49,1,1,33.6,1
C16640,Tiaret,Prepaid,14,1461.64,1.72,14,0,4,9.9,0
C16641,Tiaret,Prepaid,17,1055.47,5.75,93,1,5,2.0,0
C16642,Tlemcen,Prepaid,18,1658.87,17.14,38,0,2,-13.8,0
C16643,Oran,Postpaid,13,2964.7,1.89,35,1,1,21.9,0
C16644,Setif,Prepaid,14,719.49,6.57,74,1,3,15.2,0
C16645,Bejaia,Prepaid,8,1133.69,2.48,26,0,1,-18.8,1
C16646,Annaba,Prepaid,3,1367.68,10.24,65,0,6,-8.9,0
C16647,Annaba,Prepaid,25,1131.64,12.27,87,0,2,7.7,0
C16648,Oran,Postpaid,43,2839.54,27.1,68,0,1,38.0,0
C16649,Tizi Ouzou,Prepaid,43,486.8,6.85,75,0,2,44.9,0
C16650,Ghardaia,Prepaid,4,842.29,36.64,11,0,4,8.7,0
C16651,Tlemcen,Prepaid,12,1285.92,12.74,46,1,4,11.5,0
C16652,Annaba,Prepaid,16,2022.68,17.54,43,0,5,37.0,0
C16653,Batna,Prepaid,22,1617.09,23.96,44,1,4,26.9,0
C16654,Ghardaia,Prepaid,12,1094.82,17.53,31,0,4,5.2,0
C16655,Ouargla,Prepaid,5,1657.84,4.8,84,0,4,38.0,1
C16656,Annaba,Prepaid,18,1101.25,1.05,21,1,1,19.8,0
C16657,Tiaret,Prepaid,12,400.0,23.47,17,0,3,28.3,0
C16658,Blida,Postpaid,42,2961.35,19.94,33,0,1,-4.6,0
C16659,Oran,Postpaid,1,1474.07,39.08,52,0,1,29.7,0
C16660,Ouargla,Prepaid,10,1481.66,4.84,24,0,3,12.7,1
C16661,Tlemcen,Prepaid,15,831.69,20.49,64,0,3,58.1,0
C16662,Algiers,Prepaid,18,1522.38,12.09,86,0,4,50.9,0
C16663,Tizi Ouzou,Prepaid,48,1722.41,5.15,73,0,3,-7.1,0
C16664,Biskra,Prepaid,44,1257.66,1.88,47,0,2,15.6,0
C16665,Ghardaia,Postpaid,26,2310.38,11.44,65,1,1,28.9,0
C16666,Biskra,Prepaid,22,1171.37,0.64,23,0,2,-20.0,0
C16667,Bejaia,Prepaid,29,2013.9,75.55,20,1,2,35.5,0
C16668,Oran,Prepaid,6,666.65,5.29,78,0,4,28.2,0
C16669,Ouargla,Postpaid,3,2079.44,5.94,46,0,1,12.3,0
C16670,Tizi Ouzou,Prepaid,10,1325.03,4.92,55,0,2,2.7,1
C16671,Batna,Postpaid,28,2540.95,15.73,48,0,1,-19.5,0
C16672,Batna,Prepaid,23,1852.14,4.03,44,0,3,19.6,0
C16673,Biskra,Prepaid,24,1224.03,9.91,42,1,1,52.9,1
C16674,Bejaia,Postpaid,10,2200.38,25.6,61,1,1,26.9,0
C16675,Chlef,Prepaid,48,1551.08,5.04,30,0,3,-3.2,0
C16676,Constantine,Prepaid,14,1502.02,12.89,36,2,5,-8.9,0
C16677,Batna,Prepaid,53,1337.98,3.33,25,0,5,36.0,0
C16678,Algiers,Prepaid,10,1154.4,12.61,29,1,4,34.6,1
C16679,Chlef,Postpaid,12,1698.95,14.31,75,0,1,24.7,0
C16680,Tiaret,Prepaid,35,1252.59,5.87,44,0,4,26.3,0
C16681,Algiers,Prepaid,11,1817.02,7.15,59,0,4,44.3,1
C16682,Chlef,Prepaid,20,1524.9,2.11,28,1,2,8.2,1
C16683,Tizi Ouzou,Postpaid,4,1675.7,3.58,52,1,1,-20.0,0
C16684,Tlemcen,Postpaid,29,2614.2,21.45,48,0,1,53.3,0
C16685,Ghardaia,Prepaid,10,1688.61,0.77,41,1,2,42.1,1
C16686,Bejaia,Postpaid,20,2678.15,18.87,40,0,1,2.7,0
C16687,Batna,Postpaid,19,2493.17,14.02,44,0,1,-3.2,0
C16688,Tizi Ouzou,Postpaid,7,1996.94,7.66,2,0,1,24.2,0
C16689,Chlef,Prepaid,13,1313.45,3.67,46,2,4,1.1,0
C16690,Ouargla,Prepaid,4,1665.32,11.81,79,0,6,17.4,0
C16691,Tizi Ouzou,Prepaid,19,692.87,7.69,26,1,3,-11.3,0
C16692,Tizi Ouzou,Prepaid,16,1726.59,8.64,64,0,3,35.0,0
C16693,Constantine,Prepaid,21,2582.14,29.15,83,0,5,37.6,0
C16694,Tiaret,Prepaid,13,1013.32,3.14,17,0,3,29.6,0
C16695,Bejaia,Prepaid,56,885.48,9.16,62,2,4,-3.8,0
C16696,Constantine,Postpaid,10,1792.47,1.92,36,0,1,4.2,0
C16697,Tiaret,Prepaid,39,1827.3,7.8,51,0,2,13.9,0
C16698,Ghardaia,Prepaid,6,1604.18,0.94,63,1,3,28.4,1
C16699,Constantine,Prepaid,47,1421.21,11.94,64,0,2,11.2,0
C16700,Oran,Postpaid,8,1727.18,21.01,77,1,1,58.6,0
C16701,Tlemcen,Prepaid,28,1347.01,9.57,62,1,2,12.2,0
C16702,Biskra,Prepaid,7,1844.36,37.03,26,0,3,-20.0,0
C16703,Bejaia,Prepaid,20,1296.63,10.79,27,1,5,30.9,0
C16704,Bejaia,Prepaid,16,1350.43,24.93,26,1,2,19.9,0
C16705,Tizi Ouzou,Postpaid,31,3194.79,12.77,7,0,1,42.3,0
C16706,Blida,Postpaid,1,2373.4,40.52,48,0,1,0.9,0
C16707,Chlef,Prepaid,14,1434.47,8.19,34,0,3,19.5,0
C16708,Tizi Ouzou,Prepaid,20,2291.13,8.36,31,1,3,-10.3,0
C16709,Tlemcen,Prepaid,35,1725.62,1.51,36,0,2,-5.2,0
C16710,Tlemcen,Postpaid,13,1878.1,24.09,40,0,1,24.5,0
C16711,Bejaia,Prepaid,63,974.1,6.48,55,0,2,63.6,0
C16712,Tizi Ouzou,Prepaid,25,1841.06,10.92,43,1,2,10.0,0
C16713,Tiaret,Postpaid,6,2382.49,16.46,68,0,1,19.4,0
C16714,Ouargla,Postpaid,33,2189.99,25.63,45,0,1,36.7,0
C16715,Annaba,Prepaid,21,1893.03,2.39,49,1,4,31.3,0
C16716,Setif,Prepaid,4,1593.59,4.72,20,1,4,-5.5,1
C16717,Tlemcen,Prepaid,18,1605.35,27.37,42,0,5,26.8,0
C16718,Blida,Prepaid,41,1576.87,11.61,18,2,1,-20.0,1
C16719,Setif,Postpaid,15,3079.55,13.19,42,0,1,1.4,0
C16720,Batna,Prepaid,36,1981.81,37.08,54,0,2,-20.0,0
C16721,Ouargla,Prepaid,35,1507.98,85.0,37,1,3,12.7,0
C16722,Constantine,Prepaid,33,1155.13,12.99,10,1,5,17.1,0
C16723,Constantine,Prepaid,39,1038.99,24.8,47,0,3,22.8,0
C16724,Tlemcen,Prepaid,36,2126.42,4.27,41,0,5,-20.0,0
C16725,Bejaia,Prepaid,10,2430.76,35.94,79,2,3,-8.5,1
C16726,Tiaret,Prepaid,16,1135.39,0.5,33,0,4,5.6,0
C16727,Tizi Ouzou,Prepaid,27,998.94,20.74,70,1,6,16.1,0
C16728,Tiaret,Prepaid,14,783.02,11.15,50,0,3,23.0,0
C16729,Chlef,Prepaid,17,1467.65,1.13,7,0,4,17.0,0
C16730,Setif,Prepaid,7,1924.13,28.48,23,0,5,-1.3,0
C16731,Ghardaia,Postpaid,13,2468.86,2.6,40,1,1,-7.8,0
C16732,Tiaret,Prepaid,11,1434.64,18.67,76,1,3,25.0,0
C16733,Chlef,Prepaid,28,1464.29,7.12,48,0,1,62.8,0
C16734,Ghardaia,Postpaid,28,2348.59,50.09,57,1,1,-19.2,0
C16735,Blida,Prepaid,41,589.65,17.11,2,1,3,-20.0,0
C16736,Tiaret,Prepaid,21,930.77,16.65,91,0,2,3.6,0
C16737,Tiaret,Postpaid,10,2756.7,19.52,82,0,1,41.7,0
C16738,Tizi Ouzou,Prepaid,13,1426.7,9.66,57,0,3,29.6,0
C16739,Chlef,Prepaid,23,1512.92,24.96,71,1,3,9.6,0
C16740,Biskra,Prepaid,31,400.0,1.29,69,0,4,39.0,0
C16741,Annaba,Prepaid,16,1521.62,5.87,50,1,5,-20.0,0
C16742,Annaba,Prepaid,49,1977.81,53.88,80,2,5,39.0,1
C16743,Annaba,Postpaid,15,1484.78,21.9,45,1,1,44.3,0
C16744,Bejaia,Prepaid,23,746.47,0.81,44,1,5,-20.0,0
C16745,Tiaret,Postpaid,18,2751.75,10.2,71,0,1,32.8,0
C16746,Setif,Prepaid,31,1899.43,23.28,45,0,5,38.7,0
C16747,Biskra,Postpaid,10,3597.37,14.15,10,1,1,4.6,0
C16748,Blida,Prepaid,13,1098.58,7.99,64,0,3,9.2,0
C16749,Tizi Ouzou,Postpaid,38,2936.01,13.25,60,0,1,60.8,0
C16750,Biskra,Prepaid,10,2256.29,29.62,25,0,4,26.9,0
C16751,Constantine,Prepaid,19,1805.97,10.74,28,2,4,22.0,0
C16752,Tiaret,Prepaid,47,1678.33,6.41,33,0,2,27.5,0
C16753,Biskra,Prepaid,26,1287.79,11.51,13,1,1,15.4,0
C16754,Constantine,Postpaid,14,2577.14,5.75,65,0,1,-10.9,0
C16755,Chlef,Prepaid,14,2301.18,3.8,58,1,2,-11.0,0
C16756,Chlef,Prepaid,21,1445.44,34.4,51,0,1,-20.0,0
C16757,Tiaret,Prepaid,2,1272.46,17.44,67,3,4,-13.6,1
C16758,Biskra,Postpaid,17,1211.9,0.5,22,0,1,12.2,0
C16759,Blida,Postpaid,13,3028.63,0.95,68,0,1,-10.3,0
C16760,Tiaret,Prepaid,13,1638.0,5.84,22,1,4,10.7,0
C16761,Oran,Prepaid,9,1603.28,12.96,92,0,5,55.3,1
C16762,Ouargla,Postpaid,10,1763.74,3.82,63,0,1,7.9,0
C16763,Blida,Postpaid,18,2371.03,5.07,58,0,1,30.2,0
C16764,Chlef,Prepaid,17,1275.02,34.65,66,1,4,35.9,0
C16765,Batna,Postpaid,27,2941.48,5.61,70,0,1,28.0,0
C16766,Bejaia,Prepaid,15,2091.28,28.44,108,1,3,25.8,0
C16767,Bejaia,Postpaid,17,1999.86,14.96,26,2,1,12.4,0
C16768,Biskra,Prepaid,9,786.55,3.51,23,0,4,41.0,1
C16769,Tiaret,Prepaid,48,1416.31,8.79,51,1,3,-8.2,0
C16770,Tlemcen,Prepaid,6,1846.38,11.7,46,0,1,7.4,0
C16771,Biskra,Prepaid,44,1597.16,23.28,31,0,2,-20.0,0
C16772,Tiaret,Prepaid,7,1989.12,10.41,83,0,2,-3.0,0
C16773,Tizi Ouzou,Postpaid,6,2320.46,5.6,28,0,1,27.6,0
C16774,Ghardaia,Prepaid,6,1316.8,13.5,46,1,4,38.4,1
C16775,Chlef,Prepaid,26,1229.16,6.3,31,0,2,47.6,0
C16776,Setif,Prepaid,17,666.29,9.43,67,0,3,11.9,0
C16777,Tizi Ouzou,Prepaid,21,1482.79,9.73,56,1,2,56.0,0
C16778,Ghardaia,Postpaid,4,2675.68,0.5,73,2,1,-7.9,1
C16779,Tlemcen,Prepaid,13,856.87,17.02,30,1,1,-0.0,0
C16780,Ouargla,Prepaid,9,1376.58,5.05,65,0,4,-0.4,0
C16781,Algiers,Prepaid,15,982.59,11.74,37,0,3,24.5,0
C16782,Chlef,Prepaid,17,1450.07,26.32,65,1,3,30.7,0
C16783,Oran,Prepaid,22,1555.83,17.76,37,0,1,-3.5,0
C16784,Algiers,Prepaid,11,1625.79,4.2,64,0,3,29.9,1
C16785,Tlemcen,Prepaid,29,930.62,11.44,30,0,5,-12.7,0
C16786,Constantine,Prepaid,69,1120.3,28.26,27,1,4,17.1,0
C16787,Algiers,Prepaid,26,1531.01,4.73,55,0,1,15.8,0
C16788,Biskra,Prepaid,20,1576.48,3.1,83,0,1,17.4,0
C16789,Algiers,Postpaid,11,3420.11,7.51,65,1,1,36.7,0
C16790,Annaba,Prepaid,27,580.8,0.71,84,3,4,36.9,1
C16791,Setif,Prepaid,30,1926.86,11.84,33,0,1,38.1,0
C16792,Ouargla,Prepaid,11,1838.53,12.35,57,0,4,43.9,0
C16793,Ouargla,Prepaid,19,903.71,1.3,9,0,2,11.5,0
C16794,Constantine,Prepaid,10,2227.89,0.91,48,2,5,12.7,1
C16795,Setif,Prepaid,12,1160.02,8.73,43,0,4,25.5,0
C16796,Biskra,Prepaid,7,2033.19,9.52,73,0,4,11.0,0
C16797,Setif,Prepaid,37,1979.63,4.06,44,0,3,37.4,0
C16798,Constantine,Prepaid,26,1284.63,1.59,14,1,4,1.9,0
C16799,Ghardaia,Postpaid,29,2104.69,30.97,35,0,1,-20.0,0
C16800,Algiers,Prepaid,3,1755.82,0.5,46,0,1,-11.1,0
C16801,Tiaret,Prepaid,13,2070.8,44.89,58,0,2,29.0,0
C16802,Ouargla,Postpaid,34,3421.48,10.99,49,1,1,40.0,0
C16803,Setif,Prepaid,45,680.41,15.83,23,0,2,4.4,0
C16804,Annaba,Postpaid,1,1448.75,8.51,47,1,1,14.6,0
C16805,Ouargla,Prepaid,17,1792.73,8.19,66,2,2,-5.3,0
C16806,Chlef,Prepaid,18,400.0,7.09,53,0,2,4.5,0
C16807,Algiers,Postpaid,23,2773.11,3.15,37,0,1,5.4,0
C16808,Blida,Prepaid,27,1251.83,18.16,44,2,5,21.6,0
C16809,Ghardaia,Prepaid,31,400.0,7.84,23,0,3,35.2,0
C16810,Batna,Prepaid,13,1464.77,45.51,50,0,3,54.3,0
C16811,Oran,Prepaid,9,1319.4,10.76,56,1,4,27.8,0
C16812,Bejaia,Prepaid,36,1234.62,26.41,2,0,2,6.2,0
C16813,Ghardaia,Prepaid,36,523.48,8.48,104,1,4,-20.0,0
C16814,Biskra,Prepaid,28,813.73,4.85,36,0,4,32.0,0
C16815,Tiaret,Prepaid,26,1867.91,3.24,86,0,4,7.8,0
C16816,Chlef,Prepaid,4,1917.52,4.12,46,0,4,-14.4,0
C16817,Ghardaia,Prepaid,12,1624.15,15.07,51,1,1,19.2,0
C16818,Annaba,Prepaid,2,1414.51,37.44,37,0,3,21.2,0
C16819,Tiaret,Prepaid,40,972.26,2.28,63,0,2,38.5,0
C16820,Biskra,Postpaid,19,2827.96,33.11,86,1,1,17.1,0
C16821,Chlef,Prepaid,22,1147.88,15.82,39,1,3,4.9,0
C16822,Tlemcen,Postpaid,23,2465.2,8.98,24,1,1,71.0,0
C16823,Annaba,Prepaid,34,899.43,76.28,14,2,4,21.6,1
C16824,Chlef,Prepaid,46,1866.46,19.84,46,1,4,10.2,0
C16825,Ouargla,Prepaid,20,453.0,9.74,19,0,4,9.3,0
C16826,Ouargla,Prepaid,32,1147.51,0.5,70,0,2,0.8,0
C16827,Ouargla,Prepaid,3,1208.28,8.4,12,0,4,15.4,0
C16828,Tiaret,Prepaid,13,1346.06,2.19,97,0,3,18.1,0
C16829,Setif,Prepaid,15,846.67,11.6,68,0,2,11.3,0
C16830,Tiaret,Prepaid,22,1318.99,85.0,37,0,3,38.6,0
C16831,Biskra,Postpaid,24,2770.87,7.59,45,0,1,-4.4,0
C16832,Algiers,Prepaid,17,1614.63,3.52,45,0,2,35.8,0
C16833,Tizi Ouzou,Prepaid,17,638.07,39.43,40,0,4,-1.9,0
C16834,Tlemcen,Prepaid,11,1912.25,63.3,30,0,1,30.4,1
C16835,Tlemcen,Prepaid,8,1400.3,20.38,49,1,2,45.1,1
C16836,Tlemcen,Prepaid,57,1706.14,8.67,85,0,2,3.4,0
C16837,Ouargla,Postpaid,10,2863.48,12.99,26,0,1,78.6,0
C16838,Biskra,Postpaid,1,2742.21,19.14,66,0,1,3.5,0
C16839,Blida,Postpaid,22,2342.16,1.31,56,1,1,-20.0,0
C16840,Chlef,Prepaid,28,1764.49,3.46,73,0,3,32.9,0
C16841,Algiers,Prepaid,17,1301.5,6.82,21,0,3,81.2,0
C16842,Algiers,Prepaid,13,1469.32,31.35,8,1,2,7.9,0
C16843,Tiaret,Prepaid,4,1403.79,2.62,32,3,1,-4.1,1
C16844,Setif,Prepaid,57,1306.01,3.28,55,0,5,47.1,0
C16845,Annaba,Prepaid,27,1949.7,10.08,51,1,1,-19.4,0
C16846,Bejaia,Prepaid,24,1647.93,9.62,65,0,3,-9.3,0
C16847,Ghardaia,Postpaid,6,2753.12,14.51,35,1,1,-17.6,0
C16848,Ouargla,Postpaid,36,2467.2,11.67,49,1,1,37.2,0
C16849,Ghardaia,Postpaid,9,3081.13,12.93,11,2,1,-6.9,0
C16850,Ghardaia,Prepaid,2,867.04,12.74,28,1,3,-20.0,0
C16851,Batna,Prepaid,20,1854.62,6.18,48,0,1,33.0,0
C16852,Ghardaia,Prepaid,57,1251.45,4.62,58,1,2,24.2,0
C16853,Annaba,Prepaid,17,1575.88,3.97,32,0,2,5.1,0
C16854,Tizi Ouzou,Prepaid,28,2333.42,3.4,57,1,3,4.2,0
C16855,Biskra,Prepaid,37,1352.15,3.43,26,0,4,44.8,0
C16856,Tiaret,Postpaid,13,2950.39,3.28,15,0,1,8.8,0
C16857,Tiaret,Prepaid,22,400.0,20.6,26,1,3,37.8,0
C16858,Biskra,Prepaid,7,1200.99,14.09,27,0,2,-0.3,1
C16859,Blida,Prepaid,17,1398.89,18.33,70,0,2,40.7,0
C16860,Ouargla,Prepaid,22,1305.52,22.04,55,0,5,35.5,0
C16861,Bejaia,Postpaid,6,2489.95,2.66,33,0,1,-7.3,0
C16862,Chlef,Postpaid,6,2353.22,9.24,30,1,1,42.8,1
C16863,Tiaret,Prepaid,11,808.08,9.65,2,1,3,-9.4,0
C16864,Bejaia,Prepaid,10,1533.74,2.59,16,0,3,-20.0,0
C16865,Annaba,Prepaid,3,660.4,3.04,33,0,3,60.9,0
C16866,Ouargla,Postpaid,22,4174.77,4.42,23,0,1,-20.0,0
C16867,Tiaret,Prepaid,21,1113.78,12.89,54,0,1,35.3,0
C16868,Annaba,Prepaid,20,1338.24,16.79,36,1,2,8.3,1
C16869,Setif,Prepaid,12,1821.05,4.12,37,0,2,-20.0,0
C16870,Batna,Prepaid,47,1271.75,8.85,44,1,4,7.5,0
C16871,Constantine,Prepaid,1,1155.99,26.42,88,0,4,30.4,1
C16872,Biskra,Prepaid,17,1350.38,12.53,36,0,4,43.1,0
C16873,Oran,Postpaid,36,3115.43,2.36,50,0,1,-0.3,0
C16874,Constantine,Prepaid,20,2435.83,1.59,72,0,2,30.6,0
C16875,Constantine,Prepaid,6,2137.55,16.81,37,0,5,47.5,0
C16876,Tiaret,Postpaid,14,2806.16,2.84,80,1,1,43.8,0
C16877,Chlef,Prepaid,26,1483.21,2.05,55,0,2,15.0,0
C16878,Oran,Prepaid,3,1840.62,8.22,77,0,2,13.0,0
C16879,Tlemcen,Prepaid,19,1560.34,3.47,25,1,3,25.6,0
C16880,Algiers,Postpaid,18,2749.82,7.79,27,0,1,2.1,0
C16881,Tlemcen,Prepaid,15,1168.88,37.86,51,0,2,-20.0,0
C16882,Setif,Postpaid,23,2579.58,18.62,41,1,1,-13.0,0
C16883,Chlef,Prepaid,15,1547.98,5.21,32,0,1,49.7,0
C16884,Setif,Prepaid,21,1686.19,10.48,64,0,4,8.7,0
C16885,Constantine,Prepaid,8,1794.79,5.96,91,0,1,37.0,1
C16886,Constantine,Postpaid,6,2824.58,11.67,70,0,1,-5.6,0
C16887,Bejaia,Prepaid,41,1457.78,16.42,33,0,4,14.0,0
C16888,Ghardaia,Postpaid,18,3494.79,4.95,71,0,1,2.1,0
C16889,Setif,Postpaid,14,2432.35,12.71,20,0,1,9.4,0
C16890,Algiers,Prepaid,7,1378.86,23.0,43,1,3,-9.3,1
C16891,Blida,Postpaid,4,1521.87,2.73,65,0,1,5.0,0
C16892,Batna,Prepaid,21,2297.72,15.7,19,2,4,15.0,0
C16893,Tiaret,Postpaid,29,2074.88,8.65,45,1,1,-3.9,0
C16894,Tizi Ouzou,Postpaid,2,2911.54,7.68,48,0,1,-1.5,0
C16895,Constantine,Prepaid,4,1659.2,14.53,58,1,5,60.6,1
C16896,Algiers,Postpaid,17,2349.91,8.87,37,1,1,6.8,0
C16897,Constantine,Prepaid,42,1808.32,7.88,39,1,4,38.4,0
C16898,Tizi Ouzou,Prepaid,15,1519.94,5.53,48,1,5,39.3,0
C16899,Blida,Postpaid,11,1574.11,23.48,19,0,1,15.2,0
C16900,Bejaia,Prepaid,26,1938.33,19.87,49,1,3,-4.3,0
C16901,Algiers,Prepaid,14,1746.13,2.51,46,0,1,40.4,0
C16902,Ouargla,Prepaid,7,1337.47,31.87,66,1,3,28.2,1
C16903,Tizi Ouzou,Prepaid,8,1808.14,22.07,27,0,2,-15.0,0
C16904,Biskra,Prepaid,4,1165.36,2.57,41,0,2,-16.4,1
C16905,Bejaia,Prepaid,22,855.39,0.51,60,2,1,17.8,1
C16906,Ghardaia,Prepaid,19,1288.55,0.79,51,0,2,7.4,0
C16907,Biskra,Prepaid,4,400.0,12.34,53,1,3,15.5,1
C16908,Setif,Prepaid,19,1598.59,28.52,31,0,2,-19.3,0
C16909,Batna,Postpaid,22,2243.49,12.18,48,0,1,33.7,0
C16910,Ouargla,Prepaid,30,1120.93,13.86,72,0,3,23.0,0
C16911,Bejaia,Postpaid,6,2191.97,2.77,44,0,1,-15.3,0
C16912,Chlef,Prepaid,36,603.93,50.17,27,0,3,13.2,0
C16913,Blida,Prepaid,6,1706.4,6.74,49,0,5,34.8,0
C16914,Oran,Prepaid,19,1453.79,23.17,72,0,3,-20.0,0
C16915,Ouargla,Postpaid,27,3356.78,29.86,87,0,1,5.9,0
C16916,Tiaret,Prepaid,28,1017.59,14.22,53,0,3,30.8,0
C16917,Blida,Prepaid,19,1637.26,31.95,73,0,3,-20.0,0
C16918,Chlef,Prepaid,31,1903.44,16.67,58,1,4,-20.0,0
C16919,Annaba,Postpaid,8,2855.79,33.17,47,0,1,-20.0,0
C16920,Constantine,Prepaid,17,813.6,9.94,66,0,4,54.7,0
C16921,Chlef,Prepaid,23,1826.43,8.21,2,0,3,-9.1,0
C16922,Oran,Prepaid,24,1441.0,1.78,58,0,1,35.4,0
C16923,Ouargla,Prepaid,3,1327.89,3.1,50,0,1,34.6,1
C16924,Chlef,Prepaid,17,1990.81,12.73,92,2,3,2.4,0
C16925,Constantine,Prepaid,15,1536.97,47.74,33,0,1,-12.0,0
C16926,Tlemcen,Prepaid,4,2241.83,3.88,84,1,1,24.1,1
C16927,Chlef,Postpaid,28,2675.33,26.64,13,0,1,61.2,0
C16928,Chlef,Prepaid,19,2124.94,22.52,34,1,2,-6.5,0
C16929,Tlemcen,Prepaid,14,1978.6,13.98,39,0,1,11.2,0
C16930,Oran,Postpaid,17,2382.97,33.69,84,1,1,4.5,0
C16931,Blida,Prepaid,19,1836.95,27.71,29,0,3,14.7,0
C16932,Annaba,Prepaid,28,742.09,8.92,17,0,1,16.3,0
C16933,Tizi Ouzou,Prepaid,30,1343.98,9.96,14,1,2,-20.0,0
C16934,Annaba,Prepaid,10,943.94,5.52,9,0,2,22.7,1
C16935,Biskra,Prepaid,29,1035.03,2.42,55,0,4,14.3,0
C16936,Blida,Prepaid,17,785.46,8.94,60,0,2,24.8,0
C16937,Blida,Prepaid,13,1541.83,28.31,81,1,1,29.6,0
C16938,Blida,Postpaid,18,2299.45,0.5,28,1,1,-13.3,0
C16939,Setif,Prepaid,21,2116.28,35.19,49,1,3,-3.6,0
C16940,Annaba,Prepaid,9,1157.98,0.72,65,0,4,65.7,1
C16941,Ouargla,Prepaid,31,1664.55,4.67,51,0,3,22.3,0
C16942,Bejaia,Prepaid,41,1376.86,10.27,72,0,4,41.5,0
C16943,Chlef,Prepaid,6,1487.62,0.78,59,1,2,39.9,1
C16944,Batna,Postpaid,16,2138.52,3.41,49,0,1,21.4,0
C16945,Chlef,Prepaid,18,924.06,1.88,73,0,2,-16.7,0
C16946,Ghardaia,Postpaid,10,2459.74,2.59,57,0,1,29.8,0
C16947,Ouargla,Prepaid,19,1315.3,12.74,69,0,4,36.5,0
C16948,Biskra,Prepaid,35,400.0,4.25,24,1,3,25.9,0
C16949,Algiers,Postpaid,24,2719.63,4.65,48,1,1,-13.6,0
C16950,Oran,Prepaid,27,1363.9,51.18,70,0,6,34.9,0
C16951,Biskra,Prepaid,48,875.35,22.17,12,2,1,59.5,1
C16952,Blida,Prepaid,1,1254.71,24.44,27,0,4,6.3,1
C16953,Batna,Prepaid,8,1466.95,1.55,26,0,3,32.6,0
C16954,Annaba,Prepaid,11,400.0,1.53,40,1,3,-20.0,0
C16955,Tizi Ouzou,Prepaid,1,2025.46,3.06,99,2,3,-20.0,1
C16956,Biskra,Prepaid,39,1683.79,8.16,47,1,4,32.4,0
C16957,Bejaia,Prepaid,4,1785.61,30.9,57,2,2,43.9,1
C16958,Tizi Ouzou,Prepaid,38,931.75,1.72,39,0,1,37.2,0
C16959,Bejaia,Prepaid,10,1152.96,16.55,16,0,4,7.7,0
C16960,Annaba,Prepaid,10,1940.45,21.36,59,0,2,22.2,1
C16961,Algiers,Prepaid,35,1500.77,5.66,40,0,1,13.1,0
C16962,Biskra,Prepaid,36,1501.62,11.06,55,0,3,9.1,0
C16963,Tizi Ouzou,Prepaid,40,1681.43,17.28,73,0,3,13.7,0
C16964,Blida,Prepaid,18,1818.38,14.17,38,0,3,39.5,0
C16965,Tlemcen,Prepaid,3,1468.47,7.23,90,1,2,-8.1,0
C16966,Tizi Ouzou,Prepaid,22,1604.12,9.67,73,0,4,-4.5,0
C16967,Ouargla,Prepaid,35,1268.32,19.9,58,0,1,57.9,0
C16968,Oran,Prepaid,8,1797.62,2.9,77,1,1,-1.5,1
C16969,Tlemcen,Prepaid,1,1209.82,0.5,46,2,2,-4.8,1
C16970,Setif,Prepaid,12,1305.84,32.59,62,1,2,24.8,0
C16971,Chlef,Prepaid,32,1649.28,8.25,43,1,4,14.2,0
C16972,Tiaret,Prepaid,8,1516.11,2.84,2,1,3,-18.1,0
C16973,Setif,Prepaid,18,1638.56,13.96,49,0,3,55.8,0
C16974,Algiers,Postpaid,36,2286.16,7.43,52,0,1,-7.3,0
C16975,Tizi Ouzou,Prepaid,3,960.85,57.62,38,0,4,16.0,0
C16976,Chlef,Prepaid,15,1149.6,7.06,78,1,5,-20.0,0
C16977,Ghardaia,Prepaid,7,954.1,12.03,36,0,3,17.1,0
C16978,Ouargla,Prepaid,3,1481.15,3.99,14,0,3,15.5,0
C16979,Blida,Prepaid,19,1163.61,10.63,42,2,4,21.3,0
C16980,Chlef,Prepaid,11,1594.17,8.27,60,0,5,25.5,0
C16981,Ouargla,Postpaid,13,1360.37,7.81,11,0,1,-20.0,0
C16982,Chlef,Prepaid,1,1299.88,8.71,37,0,2,38.4,0
C16983,Batna,Postpaid,39,2382.09,4.1,42,0,1,50.3,0
C16984,Batna,Postpaid,3,3504.55,20.0,49,0,1,-20.0,0
C16985,Algiers,Postpaid,18,1737.38,69.35,34,1,1,8.5,0
C16986,Setif,Prepaid,5,400.0,32.24,50,0,5,46.8,0
C16987,Tizi Ouzou,Prepaid,38,1576.17,0.5,63,2,3,11.5,0
C16988,Biskra,Prepaid,29,1866.34,6.92,15,1,3,1.9,0
C16989,Annaba,Prepaid,29,1774.14,6.71,76,0,3,53.7,0
C16990,Blida,Prepaid,5,2417.18,18.31,26,1,3,10.2,0
C16991,Chlef,Postpaid,32,2804.54,83.02,58,0,1,4.4,0
C16992,Oran,Prepaid,5,1010.67,7.11,39,1,3,-11.8,0
C16993,Oran,Prepaid,26,1386.69,6.74,68,0,1,-20.0,0
C16994,Constantine,Postpaid,14,2626.11,0.91,58,0,1,26.8,0
C16995,Ouargla,Prepaid,27,1214.19,20.88,54,0,4,26.1,0
C16996,Chlef,Postpaid,25,3710.92,0.5,70,0,1,24.1,0
C16997,Chlef,Postpaid,29,2347.31,9.04,11,0,1,36.0,0
C16998,Algiers,Prepaid,37,1889.88,46.89,46,0,5,5.2,0
C16999,Biskra,Postpaid,6,3645.77,1.63,20,0,1,58.5,1
C17000,Oran,Prepaid,17,1792.69,8.24,56,0,3,23.7,0
C17001,Annaba,Prepaid,15,1189.8,4.17,49,0,4,38.9,0
C17002,Biskra,Prepaid,7,632.68,7.72,34,0,3,-14.4,0
C17003,Biskra,Prepaid,41,2606.35,6.59,52,1,3,36.8,0
C17004,Ouargla,Prepaid,15,1035.65,19.91,28,2,5,12.9,0
C17005,Annaba,Prepaid,19,2276.64,85.0,80,0,3,-4.6,0
C17006,Ghardaia,Postpaid,34,2837.09,3.4,71,0,1,19.8,0
C17007,Biskra,Prepaid,25,2064.69,12.05,60,0,4,27.7,0
C17008,Tlemcen,Prepaid,31,1028.81,4.26,77,0,5,27.4,0
C17009,Ghardaia,Postpaid,13,3288.0,10.21,58,0,1,-2.4,0
C17010,Oran,Prepaid,11,927.69,21.03,60,0,2,-6.2,0
C17011,Annaba,Postpaid,6,2438.59,5.95,41,1,1,-20.0,0
C17012,Chlef,Prepaid,29,1734.41,32.18,45,0,4,55.3,0
C17013,Ghardaia,Prepaid,25,1930.98,4.82,15,0,2,13.4,0
C17014,Tiaret,Prepaid,16,1586.65,4.85,23,0,3,16.2,0
C17015,Tizi Ouzou,Prepaid,1,1868.24,6.2,29,1,1,54.6,1
C17016,Tiaret,Prepaid,17,509.34,6.1,27,0,3,24.3,0
C17017,Ouargla,Prepaid,46,2344.5,0.5,69,0,3,10.5,0
C17018,Tlemcen,Prepaid,26,1749.46,1.31,29,0,1,4.6,0
C17019,Biskra,Postpaid,13,2548.12,24.66,58,0,1,54.1,0
C17020,Ghardaia,Prepaid,23,1102.93,0.96,65,0,2,43.8,0
C17021,Oran,Prepaid,18,1195.55,3.87,67,0,1,32.1,0
C17022,Tiaret,Prepaid,24,1268.94,1.03,47,0,2,42.2,0
C17023,Biskra,Prepaid,7,2136.99,25.38,2,1,2,58.7,1
C17024,Constantine,Prepaid,7,1174.07,16.58,70,0,3,1.5,0
C17025,Algiers,Prepaid,30,1185.76,43.92,64,0,3,15.2,0
C17026,Batna,Postpaid,13,3525.42,2.74,50,1,1,20.9,0
C17027,Tiaret,Prepaid,1,1646.78,21.0,36,1,3,42.3,0
C17028,Blida,Prepaid,26,2035.0,13.03,44,0,4,46.7,0
C17029,Algiers,Prepaid,20,1725.91,13.4,38,1,5,-20.0,0
C17030,Oran,Prepaid,16,684.96,13.66,30,0,5,44.3,0
C17031,Oran,Prepaid,32,1763.18,8.01,38,0,4,54.5,0
C17032,Algiers,Prepaid,6,1121.43,3.26,37,0,3,8.5,1
C17033,Constantine,Prepaid,16,927.02,15.24,65,1,4,-6.3,0
C17034,Ouargla,Prepaid,32,1137.7,8.17,46,0,4,7.2,0
C17035,Setif,Prepaid,12,954.86,3.84,53,0,3,4.6,0
C17036,Chlef,Postpaid,4,2640.65,0.87,39,0,1,17.9,0
C17037,Oran,Prepaid,11,1023.99,15.24,47,0,3,27.9,0
C17038,Bejaia,Postpaid,25,3569.1,6.57,2,0,1,10.6,0
C17039,Ghardaia,Postpaid,7,3136.62,11.9,79,1,1,45.5,0
C17040,Annaba,Prepaid,23,1500.73,10.91,62,0,3,15.9,0
C17041,Tizi Ouzou,Prepaid,42,1609.61,2.83,40,0,3,-13.6,0
C17042,Setif,Prepaid,5,1570.07,1.45,82,1,1,-8.3,1
C17043,Tlemcen,Prepaid,2,1456.28,31.99,11,0,6,6.4,0
C17044,Tlemcen,Prepaid,40,1902.98,0.5,18,0,3,3.5,0
C17045,Batna,Prepaid,10,1199.13,3.45,81,1,3,47.4,1
C17046,Biskra,Prepaid,5,1894.68,1.81,63,0,3,-8.1,0
C17047,Tlemcen,Prepaid,37,1673.99,17.21,56,1,3,29.0,0
C17048,Tlemcen,Prepaid,23,1547.96,7.03,68,0,3,-20.0,0
C17049,Blida,Postpaid,20,2602.85,7.18,64,1,1,27.4,0
C17050,Algiers,Prepaid,18,2512.88,3.59,12,1,5,7.8,0
C17051,Tlemcen,Prepaid,15,2088.39,11.75,65,0,2,4.0,0
C17052,Biskra,Prepaid,10,827.27,6.31,111,0,1,-20.0,0
C17053,Oran,Prepaid,21,1573.67,3.5,2,0,3,13.3,0
C17054,Chlef,Prepaid,16,1639.29,26.12,60,0,2,-20.0,0
C17055,Algiers,Prepaid,28,1951.92,26.31,50,0,3,21.8,0
C17056,Biskra,Prepaid,30,1534.67,5.72,70,0,4,31.9,0
C17057,Tiaret,Prepaid,20,1425.61,1.8,59,0,3,34.9,0
C17058,Bejaia,Prepaid,8,1835.05,15.93,20,0,2,-12.8,0
C17059,Oran,Prepaid,3,1575.63,16.69,42,1,3,9.5,1
C17060,Ouargla,Postpaid,6,2046.38,16.48,59,0,1,-13.2,0
C17061,Tiaret,Prepaid,11,1512.37,5.63,43,1,4,43.6,1
C17062,Bejaia,Prepaid,28,1861.03,7.76,67,0,2,16.1,0
C17063,Algiers,Prepaid,23,617.91,7.46,71,1,3,13.6,0
C17064,Tiaret,Postpaid,10,2595.33,11.21,71,0,1,20.1,0
C17065,Ghardaia,Prepaid,28,1444.44,26.77,72,0,3,-17.7,0
C17066,Oran,Postpaid,34,2509.9,2.9,60,0,1,23.8,0
C17067,Blida,Prepaid,13,1197.99,3.56,51,0,4,45.0,0
C17068,Tizi Ouzou,Postpaid,25,3740.28,1.73,39,0,1,17.3,0
C17069,Chlef,Prepaid,5,1566.1,1.46,87,0,2,1.9,1
C17070,Oran,Prepaid,16,1518.98,30.87,31,1,2,35.0,0
C17071,Setif,Postpaid,12,2150.72,9.37,83,1,1,6.0,0
C17072,Ouargla,Prepaid,17,1389.37,3.07,50,0,2,-20.0,0
C17073,Biskra,Prepaid,14,1227.37,3.2,54,1,6,-9.1,0
C17074,Setif,Prepaid,8,1023.11,13.38,37,0,3,42.5,0
C17075,Bejaia,Prepaid,37,1744.52,29.68,91,0,4,8.9,0
C17076,Oran,Prepaid,9,1271.72,9.22,31,0,1,-16.6,0
C17077,Setif,Prepaid,57,1230.08,40.14,52,0,3,32.8,0
C17078,Ouargla,Prepaid,9,1062.59,52.39,41,0,3,22.4,0
C17079,Tizi Ouzou,Prepaid,25,1458.01,28.66,55,0,6,3.3,0
C17080,Batna,Prepaid,36,2167.3,5.09,69,0,2,-20.0,0
C17081,Tlemcen,Postpaid,13,2771.82,5.87,9,0,1,5.0,0
C17082,Tlemcen,Prepaid,20,2102.5,12.58,68,0,2,17.0,0
C17083,Ghardaia,Postpaid,20,2078.69,1.81,46,1,1,-4.4,0
C17084,Biskra,Prepaid,30,465.58,1.56,52,1,4,49.5,1
C17085,Algiers,Prepaid,22,2240.27,5.53,46,2,2,15.7,1
C17086,Batna,Prepaid,11,1147.1,9.38,63,0,2,38.3,0
C17087,Constantine,Prepaid,9,1489.61,20.14,66,0,3,-10.1,0
C17088,Chlef,Prepaid,17,991.44,26.9,48,1,1,31.6,0
C17089,Annaba,Prepaid,32,1372.79,9.19,59,1,4,39.7,0
C17090,Constantine,Postpaid,17,3223.5,39.24,84,0,1,26.2,0
C17091,Tiaret,Prepaid,17,1685.88,0.5,61,0,1,40.2,0
C17092,Tlemcen,Prepaid,9,830.2,1.07,76,0,3,6.7,0
C17093,Ouargla,Prepaid,6,2206.0,22.79,55,0,1,27.9,1
C17094,Ouargla,Prepaid,9,2060.69,5.68,20,0,5,25.7,0
C17095,Ghardaia,Prepaid,39,1772.1,22.13,52,0,2,20.2,0
C17096,Chlef,Prepaid,34,1288.08,2.51,68,0,1,8.6,0
C17097,Setif,Postpaid,9,2814.16,12.98,33,2,1,20.6,1
C17098,Biskra,Postpaid,27,2140.58,18.75,73,2,1,13.7,0
C17099,Constantine,Prepaid,42,1307.99,13.08,8,2,3,-6.4,0
C17100,Setif,Prepaid,23,1233.61,1.21,48,0,2,17.2,0
C17101,Biskra,Prepaid,13,1089.62,17.89,2,1,5,82.7,0
C17102,Tizi Ouzou,Postpaid,35,2993.91,8.82,38,2,1,-2.8,0
C17103,Tizi Ouzou,Prepaid,16,1402.13,20.53,29,0,5,31.3,0
C17104,Ouargla,Prepaid,23,1961.31,4.69,72,1,4,-20.0,0
C17105,Ghardaia,Prepaid,7,2644.13,2.8,78,0,5,18.3,1
C17106,Tiaret,Prepaid,13,1244.37,19.62,41,0,6,25.8,0
C17107,Biskra,Prepaid,9,2038.38,12.7,2,0,2,-1.3,1
C17108,Blida,Prepaid,9,1132.23,7.64,49,0,3,15.2,0
C17109,Algiers,Postpaid,11,2878.44,13.77,47,0,1,-2.7,0
C17110,Chlef,Postpaid,24,2109.33,3.42,76,1,1,14.6,0
C17111,Ghardaia,Prepaid,34,1132.96,29.19,51,0,1,35.2,0
C17112,Chlef,Prepaid,28,1087.58,7.11,50,1,4,-0.0,0
C17113,Constantine,Postpaid,14,1592.77,41.67,48,0,1,12.0,0
C17114,Oran,Prepaid,37,1797.7,5.81,60,0,4,4.6,0
C17115,Algiers,Postpaid,8,3050.31,0.58,40,1,1,49.5,1
C17116,Algiers,Postpaid,21,3073.49,1.86,32,0,1,14.0,0
C17117,Bejaia,Prepaid,5,1985.3,7.6,32,1,2,45.6,1
C17118,Bejaia,Prepaid,26,1892.08,3.33,61,0,3,27.2,0
C17119,Tlemcen,Prepaid,32,1050.69,1.96,22,0,4,16.8,0
C17120,Chlef,Postpaid,8,2732.44,1.38,90,0,1,-12.8,0
C17121,Chlef,Prepaid,11,1931.01,8.42,75,1,1,5.2,1
C17122,Oran,Postpaid,4,2006.11,35.78,62,0,1,8.0,0
C17123,Setif,Prepaid,3,1023.12,15.01,44,0,4,22.8,1
C17124,Annaba,Prepaid,7,2418.82,7.57,60,0,2,16.3,0
C17125,Tiaret,Prepaid,14,1955.99,61.53,51,2,2,62.0,1
C17126,Tiaret,Prepaid,21,1539.43,44.82,46,4,4,37.0,1
C17127,Tizi Ouzou,Prepaid,57,2146.09,32.7,11,0,5,50.1,0
C17128,Tiaret,Prepaid,20,1064.44,7.34,44,1,4,47.4,0
C17129,Blida,Prepaid,33,1231.8,9.85,18,1,2,-4.7,0
C17130,Annaba,Prepaid,10,919.15,15.26,67,0,2,0.1,1
C17131,Tlemcen,Postpaid,26,1499.9,1.68,50,0,1,-20.0,0
C17132,Tizi Ouzou,Prepaid,22,914.8,13.02,75,0,3,10.2,0
C17133,Biskra,Prepaid,2,1326.46,20.99,30,0,2,17.9,0
C17134,Ghardaia,Postpaid,8,2149.61,4.53,48,0,1,20.2,0
C17135,Chlef,Prepaid,7,2040.31,17.11,76,0,3,33.5,0
C17136,Constantine,Prepaid,26,1397.96,18.17,24,0,3,23.4,0
C17137,Constantine,Prepaid,37,994.18,22.17,32,0,5,35.3,0
C17138,Constantine,Prepaid,5,1193.67,11.11,21,1,3,35.2,1
C17139,Annaba,Prepaid,5,837.5,47.01,21,1,2,24.2,1
C17140,Bejaia,Prepaid,17,505.51,4.42,41,0,5,27.0,0
C17141,Ghardaia,Postpaid,23,1848.12,0.91,61,1,1,24.4,0
C17142,Setif,Prepaid,5,1909.07,11.97,54,3,2,39.7,1
C17143,Annaba,Postpaid,30,2082.81,20.33,37,0,1,11.6,0
C17144,Oran,Prepaid,27,1301.02,35.57,24,1,1,44.5,0
C17145,Constantine,Prepaid,45,1619.62,22.24,44,2,4,-7.0,0
C17146,Biskra,Prepaid,3,781.79,2.88,44,0,2,39.8,1
C17147,Ouargla,Postpaid,17,2728.23,9.94,58,1,1,9.0,0
C17148,Bejaia,Prepaid,23,701.87,36.73,26,0,3,31.4,0
C17149,Ghardaia,Prepaid,6,1252.35,24.5,61,0,3,27.3,1
C17150,Algiers,Prepaid,13,1218.23,23.23,77,0,2,52.3,0
C17151,Ghardaia,Postpaid,21,2821.87,2.35,57,0,1,26.4,0
C17152,Ouargla,Prepaid,25,1922.33,0.5,21,0,2,18.8,0
C17153,Tizi Ouzou,Prepaid,46,900.06,3.48,31,0,1,24.3,0
C17154,Chlef,Postpaid,40,3173.13,6.12,33,0,1,30.7,0
C17155,Batna,Prepaid,38,2912.85,13.34,56,0,4,22.1,0
C17156,Biskra,Prepaid,25,1679.39,28.14,40,0,4,-10.3,0
C17157,Chlef,Prepaid,27,1246.02,9.28,64,1,4,36.0,0
C17158,Oran,Prepaid,9,1120.25,20.92,43,0,5,26.4,0
C17159,Setif,Prepaid,11,436.97,64.54,38,0,4,12.2,0
C17160,Biskra,Prepaid,4,560.64,22.02,23,1,3,10.5,1
C17161,Oran,Prepaid,23,1020.89,85.0,58,0,1,45.4,0
C17162,Setif,Postpaid,32,2258.82,22.78,52,0,1,52.7,0
C17163,Oran,Prepaid,11,2096.96,16.58,62,0,4,15.5,0
C17164,Annaba,Prepaid,19,1727.14,1.83,56,1,5,3.1,0
C17165,Tiaret,Postpaid,8,2500.83,19.57,32,3,1,-20.0,1
C17166,Bejaia,Prepaid,6,1802.29,13.27,24,0,1,0.7,1
C17167,Batna,Prepaid,2,2159.4,3.32,101,1,1,11.7,1
C17168,Blida,Prepaid,42,1178.31,5.76,57,0,3,36.2,0
C17169,Blida,Prepaid,21,1284.14,23.26,32,0,7,38.6,0
C17170,Constantine,Prepaid,30,1545.7,9.61,59,0,2,-2.3,0
C17171,Biskra,Prepaid,11,1459.66,18.74,69,0,4,33.5,0
C17172,Biskra,Prepaid,22,1324.8,16.57,18,0,4,35.3,0
C17173,Annaba,Postpaid,5,3068.16,1.28,61,1,1,6.1,1
C17174,Oran,Postpaid,17,2874.0,11.93,36,0,1,-20.0,0
C17175,Setif,Postpaid,9,1563.81,8.61,28,0,1,-8.4,0
C17176,Bejaia,Postpaid,20,3487.85,14.41,37,0,1,41.0,0
C17177,Oran,Prepaid,20,1516.47,15.48,36,0,5,-2.4,0
C17178,Tizi Ouzou,Prepaid,8,1471.29,18.6,19,0,3,33.4,0
C17179,Annaba,Prepaid,11,1768.82,18.66,49,1,4,22.0,1
C17180,Blida,Prepaid,16,991.15,15.44,42,1,2,11.8,0
C17181,Batna,Prepaid,8,1426.44,1.3,16,0,3,-11.7,1
C17182,Batna,Postpaid,16,2162.29,21.41,49,0,1,29.8,0
C17183,Blida,Prepaid,5,1168.31,12.58,65,0,4,14.0,0
C17184,Bejaia,Prepaid,4,1971.45,33.58,88,0,3,25.1,0
C17185,Biskra,Prepaid,10,1201.84,28.23,59,0,2,57.0,1
C17186,Setif,Prepaid,17,944.42,17.37,45,0,3,38.7,0
C17187,Tiaret,Prepaid,26,1294.35,2.37,84,2,3,4.4,1
C17188,Bejaia,Prepaid,22,1553.53,4.42,27,2,2,33.9,1
C17189,Constantine,Prepaid,40,779.25,16.19,50,2,2,15.5,1
C17190,Bejaia,Prepaid,14,1094.86,0.5,71,0,2,55.9,0
C17191,Bejaia,Prepaid,5,930.9,4.98,45,0,2,23.6,1
C17192,Blida,Prepaid,23,2024.8,18.45,99,2,3,20.5,0
C17193,Ouargla,Prepaid,4,1589.67,28.48,14,1,1,14.0,1
C17194,Blida,Postpaid,36,2751.16,7.0,53,0,1,3.4,0
C17195,Tlemcen,Postpaid,32,1227.73,0.89,48,1,1,7.4,0
C17196,Constantine,Prepaid,7,1004.12,18.31,19,1,2,-4.2,1
C17197,Algiers,Prepaid,59,2017.3,23.38,49,1,2,-16.8,0
C17198,Blida,Postpaid,16,2780.02,3.9,37,0,1,35.4,0
C17199,Annaba,Prepaid,15,1335.06,51.1,53,0,1,-4.4,0
C17200,Ouargla,Postpaid,6,1821.87,0.96,33,0,1,28.0,0
C17201,Annaba,Prepaid,16,1880.7,21.93,79,0,3,21.8,0
C17202,Tiaret,Prepaid,7,1883.44,55.38,57,1,3,18.6,1
C17203,Tiaret,Prepaid,5,1029.37,36.44,17,0,5,3.5,0
C17204,Biskra,Prepaid,41,1971.13,11.15,46,0,3,22.3,0
C17205,Tlemcen,Prepaid,31,889.17,0.76,29,0,3,11.7,0
C17206,Setif,Postpaid,36,1823.14,14.61,65,0,1,5.0,0
C17207,Ghardaia,Prepaid,16,997.16,8.55,27,0,3,-8.4,0
C17208,Blida,Postpaid,24,2169.67,54.12,49,1,1,-4.6,0
C17209,Constantine,Prepaid,11,1256.78,39.3,66,2,4,5.7,1
C17210,Biskra,Prepaid,2,1203.56,15.62,32,0,2,-12.6,0
C17211,Tiaret,Postpaid,19,3001.67,10.34,54,1,1,11.7,0
C17212,Blida,Prepaid,2,1922.14,5.73,85,1,2,36.6,1
C17213,Tizi Ouzou,Prepaid,5,1539.24,10.42,51,0,3,-15.4,0
C17214,Batna,Prepaid,21,1278.76,0.91,38,0,2,25.4,0
C17215,Batna,Prepaid,15,2208.09,6.76,32,0,5,-15.7,0
C17216,Batna,Prepaid,48,1137.91,10.26,33,2,1,-20.0,0
C17217,Blida,Prepaid,12,1211.05,3.69,71,1,2,2.8,0
C17218,Ouargla,Prepaid,42,1860.33,1.71,84,1,1,21.7,0
C17219,Setif,Postpaid,1,2466.34,2.36,54,0,1,38.9,0
C17220,Batna,Postpaid,27,2580.05,25.87,50,1,1,14.4,0
C17221,Chlef,Prepaid,36,1287.5,13.1,36,0,4,15.3,0
C17222,Oran,Prepaid,43,1235.21,21.64,23,0,3,12.5,0
C17223,Constantine,Prepaid,10,1784.09,24.27,80,0,1,-4.6,1
C17224,Biskra,Postpaid,6,1677.08,6.96,19,0,1,44.1,0
C17225,Bejaia,Prepaid,28,1382.58,2.56,48,0,1,-6.7,0
C17226,Oran,Prepaid,34,935.19,1.14,66,1,4,36.9,0
C17227,Ghardaia,Prepaid,4,1124.21,0.5,24,0,4,27.6,1
C17228,Setif,Prepaid,13,1393.36,21.28,28,0,2,30.2,0
C17229,Ghardaia,Prepaid,2,1229.07,40.77,48,1,1,-20.0,0
C17230,Ghardaia,Prepaid,10,1887.58,5.48,48,0,3,15.5,0
C17231,Constantine,Postpaid,12,3225.89,19.24,69,0,1,6.6,0
C17232,Tizi Ouzou,Postpaid,35,2358.0,19.33,16,3,1,19.0,0
C17233,Chlef,Postpaid,8,2671.83,9.21,2,1,1,1.5,1
C17234,Annaba,Prepaid,15,622.01,10.94,27,0,2,-8.0,0
C17235,Setif,Prepaid,20,1002.92,4.72,26,0,1,42.2,1
C17236,Tiaret,Prepaid,21,1576.66,1.32,31,0,3,35.5,0
C17237,Tizi Ouzou,Prepaid,50,1682.63,7.38,66,0,1,18.9,0
C17238,Biskra,Postpaid,29,2642.85,0.8,34,1,1,35.0,0
C17239,Oran,Postpaid,7,2387.56,25.16,58,0,1,-17.0,0
C17240,Tiaret,Prepaid,21,2350.52,2.98,88,0,2,17.6,0
C17241,Oran,Prepaid,13,660.97,3.02,42,1,3,-3.5,0
C17242,Tizi Ouzou,Prepaid,20,1600.84,9.44,70,1,4,-4.8,0
C17243,Algiers,Prepaid,41,1262.73,8.27,74,0,4,-8.4,0
C17244,Ghardaia,Prepaid,9,1452.83,5.06,37,2,5,21.6,0
C17245,Chlef,Prepaid,30,2187.49,42.53,53,0,2,38.0,0
C17246,Biskra,Prepaid,8,2385.99,7.98,81,0,4,10.7,0
C17247,Algiers,Prepaid,5,2189.24,7.64,55,0,5,2.8,0
C17248,Ghardaia,Prepaid,33,2049.24,7.84,34,0,1,-20.0,0
C17249,Bejaia,Prepaid,21,2246.18,17.71,52,0,3,-12.4,0
C17250,Bejaia,Prepaid,10,400.0,16.47,65,0,1,32.3,0
C17251,Tlemcen,Prepaid,16,1146.46,7.74,69,0,2,-19.5,0
C17252,Ouargla,Prepaid,24,2444.04,1.79,67,1,1,40.8,0
C17253,Bejaia,Prepaid,7,1442.19,4.89,60,0,3,12.7,0
C17254,Annaba,Prepaid,11,1384.07,7.54,53,0,1,57.7,1
C17255,Tizi Ouzou,Prepaid,4,786.38,6.9,37,0,3,25.1,0
C17256,Algiers,Prepaid,54,1982.8,24.01,76,0,3,55.0,0
C17257,Chlef,Prepaid,50,513.88,9.26,59,1,4,8.1,0
C17258,Setif,Postpaid,43,3468.57,2.96,29,1,1,85.0,1
C17259,Chlef,Postpaid,16,3314.81,15.6,59,1,1,25.8,0
C17260,Tizi Ouzou,Prepaid,27,1084.47,21.68,47,0,3,31.9,0
C17261,Chlef,Prepaid,10,1149.6,15.2,62,1,4,2.8,0
C17262,Batna,Prepaid,2,795.97,48.82,44,1,2,60.5,1
C17263,Biskra,Prepaid,34,1126.47,4.5,17,0,4,-4.3,0
C17264,Ouargla,Prepaid,17,2288.38,9.46,60,0,6,37.1,0
C17265,Constantine,Prepaid,31,1027.63,21.61,76,0,3,60.8,0
C17266,Blida,Postpaid,6,3447.85,9.1,19,0,1,32.6,0
C17267,Tlemcen,Prepaid,46,1415.29,19.57,51,0,4,40.4,0
C17268,Annaba,Prepaid,38,1750.15,1.32,58,0,7,9.1,0
C17269,Tizi Ouzou,Prepaid,72,2120.05,14.2,62,0,3,38.8,0
C17270,Ouargla,Prepaid,11,1145.49,1.74,63,0,2,26.6,0
C17271,Bejaia,Postpaid,13,2864.25,28.68,44,2,1,15.3,0
C17272,Tiaret,Prepaid,12,1486.01,21.6,29,0,3,-7.8,0
C17273,Ghardaia,Postpaid,18,1839.68,19.84,48,1,1,-11.5,0
C17274,Setif,Prepaid,4,1823.64,11.36,31,2,3,-1.7,0
C17275,Constantine,Prepaid,6,1748.17,5.59,5,0,4,56.6,1
C17276,Batna,Prepaid,38,710.52,1.38,53,1,3,72.6,1
C17277,Chlef,Prepaid,13,1999.27,3.34,34,0,2,-4.7,0
C17278,Chlef,Postpaid,2,2797.54,13.31,59,0,1,-20.0,0
C17279,Oran,Postpaid,20,3449.82,13.67,70,0,1,21.8,0
C17280,Tlemcen,Prepaid,26,1144.09,4.09,44,2,1,30.8,1
C17281,Blida,Prepaid,39,1534.55,12.41,22,0,4,7.9,0
C17282,Chlef,Prepaid,13,1189.89,11.62,42,0,3,27.8,0
C17283,Algiers,Postpaid,32,3337.77,83.9,35,1,1,11.0,0
C17284,Biskra,Postpaid,15,2904.41,0.51,22,0,2,8.1,0
C17285,Annaba,Prepaid,11,1395.77,1.4,72,1,3,-20.0,1
C17286,Ghardaia,Prepaid,17,1702.15,4.8,52,0,2,38.4,1
C17287,Ouargla,Prepaid,5,1260.9,3.38,58,0,1,5.5,0
C17288,Bejaia,Prepaid,30,2039.36,2.72,37,0,2,56.4,0
C17289,Biskra,Prepaid,15,697.65,0.5,58,0,3,18.2,0
C17290,Constantine,Postpaid,15,3124.65,33.26,68,1,1,0.0,0
C17291,Ouargla,Prepaid,16,1313.09,11.56,45,0,2,29.8,0
C17292,Chlef,Prepaid,31,1973.81,49.39,44,0,2,18.2,0
C17293,Constantine,Prepaid,19,1310.81,19.14,84,0,2,19.8,0
C17294,Batna,Prepaid,27,1838.63,14.81,89,1,6,-20.0,0
C17295,Constantine,Prepaid,14,1028.7,13.58,76,0,3,14.0,0
C17296,Constantine,Prepaid,17,2160.09,4.91,39,2,6,17.9,0
C17297,Bejaia,Prepaid,7,1857.84,1.72,105,0,5,34.2,1
C17298,Bejaia,Prepaid,31,2367.01,10.37,31,2,4,7.8,0
C17299,Biskra,Prepaid,11,1597.72,9.75,34,0,1,-10.4,1
C17300,Ghardaia,Postpaid,36,2419.64,14.29,80,0,1,33.6,0
C17301,Constantine,Prepaid,20,1121.87,11.56,39,0,5,26.8,0
C17302,Tiaret,Postpaid,11,2324.39,34.96,51,0,1,25.5,0
C17303,Tiaret,Prepaid,22,2650.1,16.22,49,0,2,14.5,0
C17304,Batna,Postpaid,17,2307.92,11.69,97,0,1,25.8,0
C17305,Blida,Prepaid,17,1215.41,10.58,30,1,3,8.5,0
C17306,Algiers,Prepaid,18,979.58,6.73,7,1,3,18.2,0
C17307,Annaba,Prepaid,15,1209.83,0.68,2,1,1,-0.3,1
C17308,Ouargla,Prepaid,5,1591.77,45.58,55,0,5,-7.5,0
C17309,Batna,Postpaid,30,1769.13,22.64,73,0,1,-20.0,0
C17310,Annaba,Prepaid,10,1771.0,33.19,55,0,5,5.2,0
C17311,Oran,Postpaid,9,3275.28,16.8,40,0,1,6.6,0
C17312,Setif,Prepaid,27,1573.04,7.88,26,0,3,29.3,0
C17313,Blida,Postpaid,14,2442.61,13.24,2,0,1,17.4,0
C17314,Annaba,Prepaid,19,1474.77,8.69,62,1,3,-20.0,0
C17315,Algiers,Prepaid,6,1168.86,2.67,74,0,1,13.8,1
C17316,Biskra,Prepaid,8,749.6,5.84,32,0,4,76.6,1
C17317,Annaba,Prepaid,19,1840.47,25.33,51,0,2,39.9,0
C17318,Chlef,Prepaid,35,2114.56,53.22,23,1,1,-7.7,0
C17319,Tizi Ouzou,Prepaid,20,2975.18,4.13,41,0,1,10.4,0
C17320,Ouargla,Prepaid,13,1264.43,1.5,24,1,2,-20.0,0
C17321,Blida,Postpaid,8,2980.07,6.38,50,2,1,-15.5,0
C17322,Tlemcen,Prepaid,13,757.5,12.46,22,0,5,-5.9,0
C17323,Batna,Prepaid,29,892.09,8.71,29,0,2,20.9,0
C17324,Tizi Ouzou,Prepaid,31,1381.05,14.56,48,0,4,-20.0,0
C17325,Batna,Prepaid,8,742.74,35.23,90,0,1,37.2,1
C17326,Tizi Ouzou,Postpaid,6,2343.31,16.1,35,1,1,44.8,0
C17327,Algiers,Prepaid,48,1455.4,0.5,64,1,1,15.0,1
C17328,Algiers,Prepaid,6,1234.84,6.37,2,0,4,12.9,0
C17329,Biskra,Prepaid,5,597.91,4.93,69,0,6,12.5,0
C17330,Blida,Postpaid,23,2200.93,9.17,25,1,1,18.5,0
C17331,Oran,Prepaid,7,1473.14,1.05,26,0,2,-20.0,1
C17332,Tiaret,Prepaid,7,1466.85,30.04,74,0,3,27.6,0
C17333,Chlef,Prepaid,7,1512.36,3.22,44,0,2,14.5,1
C17334,Biskra,Prepaid,15,862.97,14.73,53,0,1,30.1,0
C17335,Ghardaia,Postpaid,17,2119.24,42.31,68,0,1,-20.0,0
C17336,Setif,Prepaid,31,777.74,1.91,59,0,3,-5.7,0
C17337,Ghardaia,Prepaid,12,668.82,18.93,58,0,2,24.0,0
C17338,Tiaret,Prepaid,12,1121.73,3.26,22,0,3,-4.3,0
C17339,Setif,Postpaid,30,1514.89,16.34,2,2,1,67.3,0
C17340,Bejaia,Prepaid,34,1566.59,18.01,16,0,4,13.2,0
C17341,Chlef,Prepaid,23,1583.96,12.78,54,0,5,59.4,0
C17342,Bejaia,Postpaid,7,2186.05,7.76,50,0,1,-2.2,0
C17343,Constantine,Prepaid,13,916.16,42.24,48,1,5,56.9,0
C17344,Tlemcen,Prepaid,11,1272.39,14.1,64,0,3,37.9,1
C17345,Biskra,Prepaid,6,2188.41,5.7,49,0,1,-14.0,0
C17346,Tlemcen,Prepaid,72,1027.14,42.06,46,0,3,40.6,0
C17347,Blida,Postpaid,14,945.37,7.64,37,0,1,0.4,0
C17348,Bejaia,Postpaid,30,2042.83,1.38,66,1,1,22.9,0
C17349,Biskra,Prepaid,22,1201.79,10.88,48,0,1,0.8,0
C17350,Tizi Ouzou,Prepaid,11,1506.76,3.83,67,2,4,15.3,1
C17351,Ghardaia,Prepaid,19,1418.11,40.5,12,0,2,53.2,0
C17352,Oran,Prepaid,12,2781.96,61.09,21,0,3,10.9,0
C17353,Chlef,Prepaid,19,887.97,59.43,74,1,3,42.1,0
C17354,Setif,Prepaid,5,1824.63,43.89,75,1,4,-2.2,0
C17355,Tlemcen,Prepaid,15,843.26,6.78,6,0,2,16.2,0
C17356,Tizi Ouzou,Prepaid,15,1474.07,0.91,63,1,1,34.4,1
C17357,Annaba,Prepaid,4,2010.48,14.09,91,0,2,47.2,1
C17358,Chlef,Prepaid,27,1087.73,1.35,32,0,3,-16.1,0
C17359,Tlemcen,Prepaid,11,2277.0,38.57,12,0,5,-13.5,0
C17360,Blida,Postpaid,37,1881.36,15.04,60,1,1,-4.9,0
C17361,Ghardaia,Prepaid,12,825.45,27.98,32,0,1,12.7,0
C17362,Ghardaia,Prepaid,11,1318.29,21.7,41,1,3,-20.0,0
C17363,Blida,Prepaid,20,1206.61,5.36,45,0,4,14.6,0
C17364,Batna,Prepaid,5,1504.41,13.96,25,1,2,19.0,1
C17365,Ouargla,Prepaid,22,1445.98,6.87,87,1,4,63.0,1
C17366,Batna,Prepaid,5,1319.5,19.09,34,1,4,34.3,1
C17367,Tizi Ouzou,Prepaid,40,1604.98,0.51,46,1,2,4.8,0
C17368,Bejaia,Prepaid,7,1276.54,1.79,49,0,2,2.2,0
C17369,Algiers,Prepaid,51,2215.82,1.7,70,0,2,31.1,0
C17370,Chlef,Prepaid,16,1210.25,5.39,54,0,5,30.8,0
C17371,Tizi Ouzou,Prepaid,20,1824.25,10.18,49,0,6,17.9,0
C17372,Constantine,Postpaid,11,2628.58,24.19,61,1,1,-4.4,0
C17373,Batna,Postpaid,15,2369.04,21.04,37,0,1,60.4,0
C17374,Constantine,Postpaid,4,1829.53,27.48,90,0,1,49.8,0
C17375,Annaba,Prepaid,7,1380.06,9.26,6,0,3,26.7,0
C17376,Oran,Prepaid,32,1705.04,3.05,77,0,4,-5.1,0
C17377,Chlef,Prepaid,17,1484.1,2.38,57,0,5,-20.0,0
C17378,Biskra,Prepaid,49,1689.96,15.85,75,0,4,9.6,0
C17379,Setif,Prepaid,15,1953.61,15.86,69,1,2,-14.4,0
C17380,Annaba,Prepaid,29,400.0,3.71,78,1,4,23.9,0
C17381,Constantine,Prepaid,5,1814.3,12.43,40,0,3,-19.7,0
C17382,Constantine,Prepaid,25,1358.97,22.35,13,0,3,1.4,0
C17383,Constantine,Prepaid,17,1196.99,3.47,72,2,4,9.2,0
C17384,Blida,Prepaid,9,1502.17,6.57,47,0,3,-0.3,0
C17385,Bejaia,Prepaid,2,414.59,14.25,32,0,5,12.0,0
C17386,Tiaret,Prepaid,4,1575.08,5.11,45,0,1,35.6,1
C17387,Ghardaia,Prepaid,18,1439.59,28.5,50,0,4,-1.5,0
C17388,Oran,Prepaid,7,1907.05,2.98,69,1,3,8.9,1
C17389,Biskra,Prepaid,7,1455.05,17.36,47,3,1,-10.0,1
C17390,Annaba,Postpaid,43,2081.76,54.14,46,1,1,-20.0,0
C17391,Tlemcen,Postpaid,18,2337.27,6.17,32,0,1,60.3,0
C17392,Ouargla,Prepaid,15,653.38,5.23,31,0,3,45.1,0
C17393,Blida,Prepaid,34,1113.24,15.67,74,1,2,29.2,1
C17394,Tiaret,Prepaid,31,874.23,15.56,2,0,6,55.7,0
C17395,Oran,Postpaid,2,2896.9,34.7,28,0,1,-3.3,0
C17396,Batna,Postpaid,23,2946.18,51.99,41,0,1,35.7,0
C17397,Biskra,Prepaid,42,1636.19,9.36,47,0,2,11.5,0
C17398,Batna,Prepaid,14,2166.4,5.31,59,1,3,-17.4,0
C17399,Batna,Prepaid,13,1984.8,15.33,75,1,3,32.7,0
C17400,Annaba,Prepaid,13,695.13,10.24,17,0,3,42.8,0
C17401,Bejaia,Prepaid,6,1404.94,17.06,47,1,3,21.4,0
C17402,Constantine,Postpaid,44,2417.61,24.23,52,0,1,2.3,0
C17403,Biskra,Prepaid,40,1250.53,0.5,72,0,4,37.3,0
C17404,Ghardaia,Postpaid,11,3296.63,13.48,46,0,1,-20.0,0
C17405,Tlemcen,Prepaid,7,790.74,10.02,40,0,3,41.4,0
C17406,Algiers,Postpaid,16,2922.87,0.5,51,1,1,-10.5,0
C17407,Annaba,Postpaid,11,2205.3,30.41,49,2,1,18.4,1
C17408,Algiers,Prepaid,42,981.66,11.55,57,2,1,30.2,1
C17409,Constantine,Prepaid,17,1761.71,31.08,39,1,4,13.4,0
C17410,Bejaia,Prepaid,7,1149.19,0.5,29,1,4,-20.0,1
C17411,Bejaia,Prepaid,58,1574.5,2.26,13,0,1,32.3,0
C17412,Constantine,Prepaid,14,1651.01,13.91,72,0,3,-12.3,0
C17413,Constantine,Prepaid,18,2019.57,1.57,48,2,2,-20.0,0
C17414,Biskra,Prepaid,3,724.5,5.16,46,0,3,-20.0,0
C17415,Chlef,Prepaid,15,1639.51,17.47,72,1,3,-15.5,0
C17416,Algiers,Prepaid,9,1341.06,17.61,41,0,3,-20.0,0
C17417,Tizi Ouzou,Prepaid,9,400.0,60.27,111,0,3,18.5,0
C17418,Bejaia,Prepaid,15,1498.05,15.8,49,1,4,59.9,0
C17419,Constantine,Prepaid,16,1413.64,0.5,95,0,2,28.8,0
C17420,Algiers,Prepaid,8,1649.71,4.7,44,0,3,14.2,0
C17421,Constantine,Prepaid,4,1180.98,2.75,39,0,5,10.5,1
C17422,Setif,Postpaid,19,2665.6,61.42,56,0,1,20.3,0
C17423,Tizi Ouzou,Prepaid,17,1263.6,9.8,48,0,3,-3.4,0
C17424,Constantine,Prepaid,38,2022.78,8.56,74,1,5,12.7,0
C17425,Chlef,Prepaid,24,1426.41,0.93,52,1,2,34.4,1
C17426,Tlemcen,Postpaid,10,2523.68,15.0,59,0,1,-4.1,0
C17427,Bejaia,Prepaid,25,1530.98,36.8,34,2,2,-1.9,0
C17428,Bejaia,Postpaid,19,1587.83,4.85,47,0,1,38.7,0
C17429,Biskra,Prepaid,11,1071.64,2.83,21,0,4,39.7,0
C17430,Algiers,Prepaid,28,1230.25,14.28,46,0,2,4.3,0
C17431,Tizi Ouzou,Prepaid,14,891.94,8.03,31,0,1,-18.0,0
C17432,Tiaret,Prepaid,8,691.92,38.91,88,1,1,54.9,1
C17433,Tiaret,Prepaid,15,1516.0,19.71,28,0,4,7.1,0
C17434,Biskra,Prepaid,1,2248.79,11.38,39,0,1,55.7,1
C17435,Ghardaia,Prepaid,48,2071.09,65.24,58,0,3,32.2,0
C17436,Setif,Prepaid,8,1371.98,24.9,43,0,3,8.9,0
C17437,Oran,Prepaid,22,1359.41,22.07,47,0,3,13.2,0
C17438,Annaba,Prepaid,12,1214.9,19.55,36,0,3,-8.4,0
C17439,Batna,Postpaid,52,3586.95,19.85,8,0,1,12.9,0
C17440,Bejaia,Prepaid,21,1376.49,0.5,43,0,3,17.2,0
C17441,Batna,Postpaid,2,2657.45,11.67,79,1,1,15.8,0
C17442,Ghardaia,Prepaid,51,2129.87,2.29,50,0,2,19.1,0
C17443,Batna,Prepaid,36,1327.36,6.88,35,1,3,10.4,0
C17444,Constantine,Prepaid,21,1989.44,21.71,7,0,1,17.7,0
C17445,Annaba,Postpaid,40,2789.45,25.04,31,1,1,32.1,0
C17446,Ghardaia,Prepaid,18,1157.94,8.45,22,1,4,9.9,0
C17447,Tlemcen,Prepaid,16,860.55,0.5,69,0,4,17.2,0
C17448,Bejaia,Postpaid,12,2954.34,7.72,79,1,1,28.6,0
C17449,Constantine,Prepaid,4,400.0,2.25,77,0,4,16.6,0
C17450,Ouargla,Prepaid,22,452.9,12.19,50,0,1,15.5,0
C17451,Bejaia,Prepaid,12,1248.22,32.77,13,1,6,23.9,0
C17452,Ghardaia,Prepaid,11,1108.94,22.4,75,0,2,14.1,0
C17453,Ouargla,Prepaid,11,437.05,2.21,20,0,5,24.4,0
C17454,Constantine,Postpaid,8,2925.9,27.76,55,0,1,7.9,0
C17455,Bejaia,Prepaid,18,1781.31,9.36,45,1,3,-20.0,0
C17456,Biskra,Prepaid,6,1013.51,10.18,42,5,1,6.8,1
C17457,Chlef,Prepaid,28,1306.8,6.25,60,0,5,33.3,0
C17458,Setif,Prepaid,14,1115.09,11.61,37,1,3,8.9,0
C17459,Constantine,Prepaid,4,1981.44,1.59,52,0,3,1.7,0
C17460,Tiaret,Prepaid,5,897.13,5.07,77,0,3,4.0,0
C17461,Biskra,Prepaid,19,1123.23,4.4,27,0,2,25.9,0
C17462,Blida,Prepaid,60,1521.17,14.85,25,0,4,16.1,0
C17463,Tizi Ouzou,Postpaid,7,3593.6,1.98,90,1,1,-20.0,0
C17464,Batna,Prepaid,9,1594.99,7.93,48,1,4,17.5,1
C17465,Bejaia,Prepaid,21,955.08,56.99,40,1,4,10.0,0
C17466,Bejaia,Prepaid,10,1371.05,6.07,75,0,4,37.0,0
C17467,Oran,Prepaid,9,1303.88,20.01,91,2,1,10.8,1
C17468,Annaba,Prepaid,35,1528.6,2.12,94,2,1,-17.1,0
C17469,Tlemcen,Prepaid,17,990.05,6.55,38,0,3,25.7,0
C17470,Tlemcen,Postpaid,11,1960.27,20.86,51,1,1,60.3,1
C17471,Constantine,Postpaid,17,2408.98,4.16,27,0,1,29.2,0
C17472,Oran,Prepaid,13,1684.17,3.73,42,1,6,-5.4,0
C17473,Algiers,Prepaid,23,1812.09,16.7,38,2,6,34.8,0
C17474,Annaba,Prepaid,23,2028.46,3.46,47,1,3,-20.0,0
C17475,Chlef,Prepaid,4,1410.51,3.38,36,0,4,35.2,0
C17476,Ghardaia,Prepaid,20,1525.02,15.37,58,0,3,5.9,0
C17477,Tizi Ouzou,Prepaid,61,1264.59,25.06,33,0,4,1.5,0
C17478,Chlef,Prepaid,16,1456.46,6.11,50,0,3,70.5,0
C17479,Biskra,Prepaid,47,780.31,37.31,50,1,4,8.2,0
C17480,Tlemcen,Postpaid,5,2937.07,20.69,27,0,1,25.1,0
C17481,Ghardaia,Prepaid,16,1721.07,18.95,26,0,4,11.2,0
C17482,Constantine,Prepaid,15,1278.44,8.18,48,0,2,-3.3,0
C17483,Bejaia,Postpaid,19,2546.37,9.48,52,0,1,14.7,0
C17484,Oran,Postpaid,18,2291.15,12.31,53,0,1,10.3,0
C17485,Constantine,Prepaid,32,1316.62,17.41,22,1,1,34.6,1
C17486,Batna,Prepaid,11,2092.98,0.5,53,4,2,-1.1,1
C17487,Tizi Ouzou,Prepaid,12,799.27,14.54,60,0,1,30.2,0
C17488,Bejaia,Prepaid,23,1742.19,9.57,23,0,1,-0.2,0
C17489,Bejaia,Postpaid,6,2161.19,25.54,61,0,1,28.0,0
C17490,Algiers,Prepaid,11,1506.84,2.07,34,1,3,65.7,1
C17491,Tizi Ouzou,Prepaid,26,931.18,3.57,62,0,3,59.6,0
C17492,Ouargla,Prepaid,18,934.24,29.59,68,1,1,24.0,0
C17493,Chlef,Prepaid,2,887.09,7.72,44,1,1,-20.0,0
C17494,Chlef,Postpaid,12,2469.26,3.09,68,0,1,37.6,0
C17495,Ouargla,Prepaid,7,929.38,31.86,57,0,2,6.5,0
C17496,Oran,Postpaid,18,2915.89,25.85,46,1,1,27.9,0
C17497,Oran,Prepaid,12,1135.18,1.14,31,0,4,13.5,0
C17498,Batna,Prepaid,42,568.88,2.62,28,0,3,24.2,0
C17499,Biskra,Prepaid,33,1283.26,2.73,48,1,2,20.8,1
C17500,Constantine,Prepaid,4,1522.65,3.1,48,0,1,25.4,1
C17501,Tizi Ouzou,Prepaid,35,1755.88,0.81,36,1,1,5.2,1
C17502,Bejaia,Postpaid,28,3896.84,5.46,67,0,1,-9.4,0
C17503,Chlef,Prepaid,3,1487.21,22.96,9,0,5,-20.0,0
C17504,Ghardaia,Prepaid,47,1483.1,19.93,2,0,2,-13.9,0
C17505,Algiers,Prepaid,23,1255.08,15.67,67,0,3,5.0,0
C17506,Tizi Ouzou,Prepaid,5,1179.6,0.61,46,1,1,15.9,1
C17507,Ouargla,Prepaid,6,1341.74,2.83,66,0,3,-11.6,0
C17508,Biskra,Prepaid,5,1229.79,10.11,49,0,4,51.9,1
C17509,Biskra,Postpaid,14,1258.57,16.6,74,0,1,49.4,0
C17510,Tlemcen,Prepaid,3,1751.53,5.39,46,0,2,25.5,0
C17511,Chlef,Postpaid,56,1756.74,5.52,69,0,1,-7.4,0
C17512,Tlemcen,Prepaid,31,1115.14,17.72,39,0,3,3.5,0
C17513,Blida,Prepaid,26,1560.35,8.91,29,1,2,1.5,0
C17514,Ghardaia,Prepaid,29,1577.81,85.0,41,1,1,-20.0,0
C17515,Algiers,Prepaid,12,1040.62,4.97,77,0,1,6.7,0
C17516,Tiaret,Postpaid,11,2925.4,17.49,37,0,1,-12.9,0
C17517,Chlef,Prepaid,37,1164.3,12.92,52,0,1,-1.8,0
C17518,Tlemcen,Postpaid,9,1831.38,21.36,105,3,1,22.1,1
C17519,Annaba,Prepaid,7,1680.32,20.6,21,0,2,28.7,0
C17520,Ouargla,Prepaid,11,1766.31,1.43,27,1,1,11.2,1
C17521,Batna,Postpaid,9,1163.71,4.88,52,2,1,-19.6,1
C17522,Ouargla,Prepaid,26,1765.09,7.2,54,0,1,29.4,0
C17523,Ouargla,Prepaid,69,1375.69,10.1,68,1,4,7.7,0
C17524,Tlemcen,Prepaid,19,1653.2,17.54,78,0,2,23.9,0
C17525,Blida,Prepaid,1,1368.48,1.34,62,1,3,21.3,1
C17526,Bejaia,Postpaid,17,1974.38,18.14,35,0,1,13.0,0
C17527,Ouargla,Postpaid,1,2389.0,46.54,30,0,1,3.9,0
C17528,Tiaret,Prepaid,16,1393.31,25.43,67,0,3,14.3,0
C17529,Tizi Ouzou,Postpaid,9,2848.39,6.66,44,1,1,6.4,0
C17530,Ouargla,Prepaid,17,2227.05,18.04,54,1,4,-2.2,0
C17531,Ghardaia,Prepaid,29,2333.56,3.25,19,2,4,48.9,1
C17532,Tiaret,Prepaid,17,1476.06,20.08,26,1,2,29.6,0
C17533,Bejaia,Prepaid,4,1623.15,6.02,68,0,3,41.5,0
C17534,Oran,Prepaid,26,977.97,2.0,50,1,3,19.4,0
C17535,Tlemcen,Prepaid,14,540.71,5.22,86,0,3,8.0,0
C17536,Constantine,Prepaid,35,814.27,14.94,43,0,3,21.7,0
C17537,Setif,Prepaid,15,1801.14,6.52,45,0,4,43.5,0
C17538,Batna,Prepaid,10,1310.69,6.07,34,0,4,-2.5,0
C17539,Ouargla,Prepaid,23,1428.56,10.77,85,1,3,-7.8,0
C17540,Annaba,Prepaid,5,677.18,23.25,45,1,4,1.0,0
C17541,Tizi Ouzou,Prepaid,21,1614.0,15.24,33,1,2,-5.3,0
C17542,Ghardaia,Postpaid,5,2186.15,4.69,38,0,1,12.7,0
C17543,Oran,Prepaid,18,964.8,36.7,20,2,2,2.3,0
C17544,Setif,Prepaid,12,1053.5,9.61,35,0,3,0.8,0
C17545,Bejaia,Prepaid,10,1204.73,17.68,67,0,4,-2.8,0
C17546,Tizi Ouzou,Prepaid,10,1767.86,7.2,21,2,2,-11.0,1
C17547,Chlef,Prepaid,32,1034.24,21.74,10,0,4,-7.2,0
C17548,Tlemcen,Prepaid,14,2235.83,16.89,48,2,3,32.8,0
C17549,Setif,Prepaid,18,1261.44,1.16,62,1,4,73.6,1
C17550,Annaba,Prepaid,19,1381.77,17.54,74,0,5,37.1,0
C17551,Algiers,Postpaid,58,3086.93,4.2,47,0,1,5.9,0
C17552,Tiaret,Prepaid,39,2060.07,52.06,72,0,3,35.5,0
C17553,Tiaret,Prepaid,3,1582.19,12.62,67,1,3,-20.0,0
C17554,Ouargla,Prepaid,12,2119.53,9.13,77,0,6,13.9,0
C17555,Algiers,Postpaid,36,2977.8,17.88,36,0,1,-20.0,0
C17556,Bejaia,Prepaid,30,1269.62,16.58,38,1,2,27.7,0
C17557,Chlef,Prepaid,22,1737.18,1.13,50,0,1,-16.6,0
C17558,Oran,Postpaid,32,2078.46,12.99,37,0,1,13.1,0
C17559,Chlef,Postpaid,19,3136.98,30.03,39,1,1,-16.1,0
C17560,Algiers,Postpaid,23,1941.47,21.35,40,1,1,41.8,0
C17561,Tlemcen,Prepaid,9,1786.12,10.55,27,0,4,18.7,0
C17562,Biskra,Prepaid,39,1102.22,5.17,16,0,4,14.0,0
C17563,Annaba,Postpaid,19,2442.63,17.84,23,1,1,-1.4,0
C17564,Tiaret,Prepaid,28,1326.78,24.92,75,0,6,17.1,0
C17565,Ouargla,Prepaid,11,1560.95,25.18,30,2,3,34.9,1
C17566,Blida,Prepaid,8,1385.64,14.4,48,0,3,27.9,0
C17567,Tlemcen,Prepaid,40,1472.38,12.62,64,0,2,-20.0,0
C17568,Blida,Prepaid,35,2872.64,6.47,37,0,4,32.1,0
C17569,Oran,Prepaid,14,821.05,2.09,32,2,2,51.9,1
C17570,Constantine,Prepaid,21,1194.28,7.88,59,0,3,-4.8,0
C17571,Tlemcen,Prepaid,67,1622.41,22.8,61,2,3,-1.1,0
C17572,Biskra,Postpaid,8,3051.51,30.7,36,0,1,-12.6,0
C17573,Bejaia,Prepaid,15,1440.38,7.53,40,1,2,12.6,0
C17574,Setif,Prepaid,18,706.31,11.17,54,1,3,6.5,0
C17575,Setif,Prepaid,22,1892.89,15.9,35,0,1,4.2,0
C17576,Ghardaia,Prepaid,12,1026.59,14.81,48,1,3,39.1,0
C17577,Chlef,Postpaid,14,2751.6,2.0,19,0,1,6.1,0
C17578,Tlemcen,Prepaid,43,2164.17,3.12,49,0,1,22.9,0
C17579,Bejaia,Prepaid,8,973.02,0.69,2,0,3,51.2,1
C17580,Blida,Prepaid,20,1803.19,2.92,87,0,5,28.2,0
C17581,Bejaia,Prepaid,34,1885.53,25.35,52,0,6,16.3,0
C17582,Setif,Postpaid,19,3040.79,2.37,28,1,1,-2.3,0
C17583,Biskra,Prepaid,13,2185.4,8.48,58,1,5,-14.4,0
C17584,Tlemcen,Postpaid,8,2600.48,6.78,24,1,1,24.1,0
C17585,Ouargla,Postpaid,48,1310.96,10.84,65,0,1,6.3,0
C17586,Annaba,Prepaid,11,2323.92,1.06,29,1,3,38.5,1
C17587,Tlemcen,Prepaid,21,1742.03,3.0,61,0,3,6.3,0
C17588,Chlef,Postpaid,35,3978.78,2.37,54,0,1,-20.0,0
C17589,Ouargla,Prepaid,12,2027.81,16.89,30,1,2,-13.9,0
C17590,Chlef,Prepaid,9,508.77,41.86,69,0,4,47.7,1
C17591,Batna,Postpaid,27,1641.86,7.01,53,1,1,53.8,0
C17592,Constantine,Postpaid,29,2161.19,5.46,34,0,1,32.3,0
C17593,Blida,Prepaid,4,676.78,3.18,22,0,1,-8.0,0
C17594,Chlef,Prepaid,8,967.63,5.77,2,1,6,2.3,1
C17595,Chlef,Postpaid,7,2114.42,0.91,27,0,1,34.4,0
C17596,Batna,Prepaid,8,1544.2,30.24,89,0,5,27.3,0
C17597,Setif,Prepaid,5,609.0,9.58,86,0,1,12.8,1
C17598,Setif,Prepaid,21,1366.15,2.49,22,1,6,38.9,0
C17599,Bejaia,Prepaid,21,1754.91,1.05,60,0,2,5.3,0
C17600,Blida,Postpaid,19,3884.25,0.96,67,0,1,50.3,0
C17601,Ouargla,Prepaid,28,1733.01,3.14,79,2,1,11.1,1
C17602,Tiaret,Postpaid,1,1488.41,9.69,62,2,1,-20.0,0
C17603,Tlemcen,Prepaid,33,1483.97,26.89,59,1,2,45.5,0
C17604,Tiaret,Prepaid,30,1152.24,5.35,62,1,4,58.7,0
C17605,Constantine,Postpaid,30,4057.82,4.11,48,0,1,-20.0,0
C17606,Ghardaia,Prepaid,3,1572.23,6.05,56,0,2,36.3,1
C17607,Ghardaia,Prepaid,41,1504.57,12.01,5,0,1,18.9,0
C17608,Biskra,Prepaid,8,1016.56,1.91,28,0,3,22.0,1
C17609,Oran,Prepaid,13,1793.35,2.19,52,1,4,-19.5,0
C17610,Tiaret,Prepaid,24,2161.96,2.69,63,1,2,2.5,0
C17611,Annaba,Prepaid,7,2011.72,3.81,2,0,1,-19.5,1
C17612,Batna,Prepaid,3,2304.01,3.58,74,1,4,18.0,1
C17613,Ouargla,Prepaid,9,1016.56,16.71,25,0,3,24.7,0
C17614,Tiaret,Prepaid,8,1851.33,8.39,13,0,2,26.3,1
C17615,Constantine,Prepaid,17,1942.98,9.32,26,0,4,-13.9,0
C17616,Oran,Prepaid,16,1944.75,7.42,4,0,4,21.6,0
C17617,Annaba,Prepaid,35,1635.66,12.18,51,0,2,20.1,0
C17618,Chlef,Prepaid,19,2293.11,7.06,92,1,3,1.1,0
C17619,Tlemcen,Prepaid,23,1266.38,13.9,62,1,4,20.5,0
C17620,Ouargla,Prepaid,15,1727.2,27.29,49,1,2,-10.5,0
C17621,Blida,Prepaid,9,1997.47,70.85,55,0,3,-7.1,0
C17622,Ouargla,Prepaid,2,966.6,7.95,33,1,2,15.5,1
C17623,Chlef,Postpaid,17,3102.92,1.5,44,2,1,-10.2,0
C17624,Bejaia,Prepaid,26,2082.07,3.49,21,1,2,17.8,0
C17625,Tiaret,Postpaid,23,1458.47,16.29,33,2,1,48.1,0
C17626,Biskra,Postpaid,22,2714.69,12.28,85,0,1,17.3,0
C17627,Tiaret,Prepaid,34,1606.9,4.2,12,1,6,0.4,0
C17628,Algiers,Postpaid,6,2989.59,14.47,58,1,1,30.2,1
C17629,Constantine,Prepaid,23,1019.11,52.09,86,0,2,55.4,0
C17630,Tlemcen,Prepaid,44,1991.75,21.65,78,0,5,15.3,0
C17631,Biskra,Prepaid,15,400.0,28.23,64,3,2,30.0,1
C17632,Algiers,Postpaid,7,3596.4,4.57,60,0,1,-14.3,0
C17633,Ouargla,Postpaid,10,2352.41,10.33,50,1,1,54.1,1
C17634,Oran,Postpaid,5,2010.58,3.98,98,1,1,31.1,1
C17635,Ghardaia,Postpaid,11,2071.66,15.1,72,0,1,35.3,0
C17636,Constantine,Postpaid,41,2923.68,2.43,20,0,1,-15.8,0
C17637,Batna,Prepaid,14,1308.65,4.77,30,0,6,47.6,0
C17638,Tizi Ouzou,Postpaid,34,4288.64,11.96,60,1,1,46.9,0
C17639,Bejaia,Postpaid,7,2473.83,2.89,38,0,1,-2.4,0
C17640,Tlemcen,Postpaid,13,1849.72,10.47,58,0,1,47.1,0
C17641,Oran,Prepaid,9,1118.92,7.6,58,0,4,-20.0,0
C17642,Oran,Prepaid,4,1085.32,11.16,40,1,3,46.8,1
C17643,Setif,Postpaid,26,3124.01,2.48,55,0,1,-20.0,0
C17644,Annaba,Prepaid,9,1452.46,7.86,53,0,4,24.5,1
C17645,Blida,Prepaid,27,1460.88,24.08,19,1,4,8.0,0
C17646,Oran,Prepaid,20,2608.92,2.63,29,0,4,35.4,0
C17647,Bejaia,Prepaid,53,1277.02,0.5,62,0,5,-4.5,0
C17648,Algiers,Prepaid,20,2381.96,7.76,27,0,5,-14.2,0
C17649,Tiaret,Prepaid,1,1504.27,6.2,22,0,3,40.0,1
C17650,Tlemcen,Prepaid,16,2170.39,4.48,50,0,3,-0.5,0
C17651,Tizi Ouzou,Prepaid,8,2556.88,12.37,54,1,5,10.1,1
C17652,Tlemcen,Prepaid,7,1480.17,3.45,54,0,4,24.7,0
C17653,Bejaia,Postpaid,6,2396.13,10.11,41,0,1,27.4,0
C17654,Biskra,Prepaid,7,1242.85,24.11,16,0,4,-20.0,0
C17655,Chlef,Postpaid,11,2750.65,3.75,21,0,1,0.4,0
C17656,Setif,Prepaid,13,1186.85,6.29,48,0,2,-6.0,0
C17657,Tiaret,Prepaid,26,1736.06,8.14,65,0,1,43.8,0
C17658,Bejaia,Postpaid,12,1672.75,26.64,89,0,1,-2.2,0
C17659,Algiers,Prepaid,32,1332.49,15.99,53,0,2,-18.5,0
C17660,Ouargla,Postpaid,11,2731.64,20.99,38,1,1,4.6,0
C17661,Ghardaia,Postpaid,7,2493.81,20.18,58,0,1,47.5,0
C17662,Constantine,Prepaid,7,1536.55,39.69,60,0,2,46.5,1
C17663,Biskra,Prepaid,34,1225.71,3.74,21,0,6,15.4,0
C17664,Batna,Prepaid,5,1851.03,17.14,91,2,4,29.5,1
C17665,Batna,Prepaid,2,2551.21,13.7,57,1,2,39.5,1
C17666,Algiers,Prepaid,4,1104.73,14.96,60,3,3,36.1,1
C17667,Annaba,Prepaid,15,1104.1,12.35,55,1,2,46.3,0
C17668,Ghardaia,Prepaid,33,2017.45,55.83,39,0,5,58.0,0
C17669,Biskra,Postpaid,35,2913.2,34.62,20,0,1,26.3,0
C17670,Tizi Ouzou,Prepaid,8,2092.65,1.18,45,0,4,0.8,1
C17671,Ouargla,Prepaid,8,1485.16,3.88,45,0,2,14.4,1
C17672,Chlef,Prepaid,5,1697.98,6.08,22,0,2,66.6,1
C17673,Setif,Prepaid,16,714.57,41.48,55,0,2,4.1,0
C17674,Annaba,Postpaid,6,3209.09,8.29,28,0,1,31.9,0
C17675,Algiers,Prepaid,17,1300.33,4.27,54,1,4,15.1,0
C17676,Ouargla,Prepaid,23,590.19,3.3,66,0,5,-8.7,0
C17677,Bejaia,Prepaid,23,1766.3,2.78,65,0,5,63.5,0
C17678,Chlef,Prepaid,18,1515.37,15.04,57,3,1,-6.9,1
C17679,Chlef,Prepaid,11,1520.5,1.28,52,0,4,1.8,0
C17680,Tiaret,Prepaid,11,1494.13,10.87,38,0,1,-10.4,0
C17681,Annaba,Prepaid,72,998.07,68.35,78,0,3,27.6,0
C17682,Bejaia,Prepaid,6,515.88,8.35,43,0,3,24.3,1
C17683,Constantine,Prepaid,9,1340.13,6.92,53,2,2,18.4,1
C17684,Biskra,Prepaid,12,1258.61,1.77,59,0,2,-4.8,0
C17685,Algiers,Prepaid,11,746.27,8.28,69,1,2,23.9,1
C17686,Blida,Postpaid,19,3119.37,1.36,54,1,1,30.1,0
C17687,Annaba,Prepaid,14,1765.15,0.5,22,0,3,10.6,0
C17688,Biskra,Prepaid,18,2091.04,1.04,54,0,2,16.2,0
C17689,Algiers,Prepaid,34,2217.24,53.67,73,0,3,0.3,0
C17690,Constantine,Postpaid,24,3014.43,17.07,28,0,1,-9.6,0
C17691,Oran,Prepaid,25,1289.6,2.2,45,0,3,18.6,0
C17692,Setif,Prepaid,32,2161.83,44.99,12,0,4,37.8,0
C17693,Ouargla,Prepaid,20,791.3,0.76,35,0,1,79.8,1
C17694,Tlemcen,Prepaid,39,1286.65,19.35,63,2,2,12.8,0
C17695,Blida,Prepaid,1,1210.39,20.42,87,0,1,40.4,1
C17696,Biskra,Prepaid,10,2126.2,7.3,49,0,4,5.5,0
C17697,Tlemcen,Prepaid,48,1413.27,7.73,17,2,3,37.6,0
C17698,Tlemcen,Prepaid,30,817.68,9.82,52,1,2,-12.0,0
C17699,Bejaia,Prepaid,57,744.46,1.43,20,1,1,2.8,0
C17700,Annaba,Prepaid,6,738.0,5.61,41,0,5,19.0,1
C17701,Chlef,Prepaid,39,1084.53,3.25,3,0,4,10.1,0
C17702,Algiers,Prepaid,18,1915.74,7.05,33,0,2,-14.8,0
C17703,Tiaret,Prepaid,9,719.0,15.17,2,0,6,39.0,0
C17704,Tiaret,Postpaid,3,2088.29,33.08,25,0,1,46.4,0
C17705,Oran,Prepaid,20,1867.9,9.76,7,1,5,21.8,0
C17706,Tizi Ouzou,Postpaid,22,2685.0,8.17,46,0,1,-20.0,0
C17707,Oran,Prepaid,10,1164.68,38.12,80,0,4,34.6,1
C17708,Chlef,Prepaid,26,609.93,2.45,39,0,4,-13.9,0
C17709,Setif,Postpaid,1,2477.77,42.72,52,0,1,-1.7,0
C17710,Tiaret,Prepaid,23,1275.91,1.58,48,1,3,8.0,0
C17711,Ghardaia,Prepaid,38,1732.27,39.79,103,0,1,8.9,0
C17712,Chlef,Prepaid,20,1883.34,14.35,62,0,3,24.2,0
C17713,Tizi Ouzou,Prepaid,28,783.39,16.06,52,0,1,-7.9,0
C17714,Bejaia,Prepaid,4,1362.41,1.54,28,0,3,21.0,0
C17715,Blida,Prepaid,2,1425.61,19.85,19,0,5,18.3,0
C17716,Blida,Prepaid,18,950.57,10.3,40,0,2,-11.6,0
C17717,Ghardaia,Prepaid,5,1358.05,25.66,66,0,1,-20.0,0
C17718,Setif,Prepaid,23,993.93,22.71,47,0,5,31.9,0
C17719,Annaba,Prepaid,16,1248.34,5.38,42,0,2,51.9,0
C17720,Bejaia,Prepaid,22,1170.65,9.89,59,1,2,51.1,0
C17721,Annaba,Prepaid,15,1606.95,13.37,69,0,1,44.6,0
C17722,Batna,Prepaid,5,1235.2,0.5,59,0,4,27.8,0
C17723,Tizi Ouzou,Prepaid,15,1404.09,19.36,84,1,4,35.1,0
C17724,Tlemcen,Prepaid,23,1432.24,8.89,79,0,2,-20.0,0
C17725,Bejaia,Prepaid,18,908.41,25.09,58,0,1,34.5,0
C17726,Algiers,Prepaid,19,995.1,0.72,44,0,3,-17.9,0
C17727,Setif,Prepaid,39,1247.19,4.19,28,0,2,-6.6,0
C17728,Constantine,Prepaid,10,1208.74,5.24,66,0,4,5.4,0
C17729,Tlemcen,Postpaid,39,2240.39,5.17,38,1,1,6.8,0
C17730,Chlef,Prepaid,11,1225.72,37.6,54,2,2,-7.9,1
C17731,Oran,Prepaid,14,2099.87,1.66,52,0,4,21.4,0
C17732,Chlef,Postpaid,11,3198.27,24.14,39,0,1,20.5,0
C17733,Oran,Prepaid,10,1448.91,8.02,34,1,3,20.3,0
C17734,Chlef,Prepaid,5,975.93,3.64,55,0,2,-8.0,0
C17735,Setif,Prepaid,22,834.32,9.39,45,0,2,38.9,0
C17736,Blida,Prepaid,3,2599.63,7.76,20,1,6,62.2,1
C17737,Oran,Prepaid,11,1266.52,15.28,55,0,2,-20.0,0
C17738,Ouargla,Prepaid,9,1270.0,2.92,64,1,1,-17.9,1
C17739,Chlef,Prepaid,34,1828.75,28.01,25,0,5,-1.6,0
C17740,Setif,Prepaid,13,1286.6,17.14,29,1,3,-20.0,0
C17741,Tizi Ouzou,Prepaid,9,1778.2,13.55,85,2,2,2.6,1
C17742,Chlef,Prepaid,6,1223.22,2.16,69,1,2,13.6,1
C17743,Ghardaia,Prepaid,13,624.18,25.27,33,1,4,18.5,0
C17744,Ouargla,Prepaid,10,1480.8,27.4,59,0,4,39.3,0
C17745,Bejaia,Prepaid,22,1293.1,28.68,50,1,5,22.7,0
C17746,Setif,Prepaid,15,2080.07,32.42,39,0,2,-20.0,0
C17747,Tiaret,Prepaid,23,1173.32,5.73,33,1,4,2.9,0
C17748,Batna,Prepaid,21,1621.98,33.52,34,0,2,24.1,0
C17749,Tlemcen,Prepaid,5,2536.58,1.58,38,0,3,0.5,0
C17750,Bejaia,Prepaid,15,811.08,1.42,28,0,3,-12.0,0
C17751,Batna,Prepaid,19,1814.71,1.3,34,0,1,3.2,0
C17752,Ouargla,Prepaid,25,1999.57,54.6,32,0,4,69.7,0
C17753,Annaba,Prepaid,25,1742.47,14.68,2,1,4,36.5,0
C17754,Ouargla,Prepaid,25,1436.73,13.69,47,2,5,-6.3,0
C17755,Blida,Prepaid,11,1959.04,10.7,74,0,2,33.6,1
C17756,Ouargla,Prepaid,25,935.54,1.86,48,0,5,-10.3,0
C17757,Batna,Prepaid,4,2091.91,5.12,42,0,1,54.4,1
C17758,Biskra,Prepaid,7,1530.12,10.05,62,1,4,42.0,0
C17759,Batna,Postpaid,7,2785.98,11.29,30,1,1,21.4,0
C17760,Tizi Ouzou,Postpaid,10,2302.88,16.88,24,1,1,-20.0,0
C17761,Bejaia,Prepaid,24,1440.02,33.73,41,0,3,34.4,0
C17762,Ghardaia,Prepaid,26,1085.52,20.46,29,0,5,37.2,0
C17763,Algiers,Prepaid,11,1630.88,5.13,73,1,4,16.6,0
C17764,Batna,Prepaid,22,451.82,1.77,70,1,5,-20.0,0
C17765,Oran,Prepaid,12,973.19,18.57,44,0,2,8.7,0
C17766,Setif,Prepaid,14,722.05,4.42,38,0,2,15.1,0
C17767,Oran,Prepaid,2,866.47,20.87,109,0,5,-17.8,0
C17768,Tlemcen,Prepaid,14,1569.96,14.04,40,0,2,40.2,0
C17769,Biskra,Prepaid,27,810.85,16.37,56,2,5,-5.4,0
C17770,Ouargla,Prepaid,23,1472.21,6.61,77,0,5,25.8,0
C17771,Annaba,Prepaid,21,1072.82,67.99,58,1,3,1.7,0
C17772,Biskra,Prepaid,15,1663.95,43.91,69,0,2,-8.2,0
C17773,Tiaret,Prepaid,47,931.49,10.65,74,0,4,-9.8,0
C17774,Annaba,Prepaid,9,1286.46,8.81,54,0,1,-8.2,0
C17775,Ouargla,Prepaid,15,2372.19,15.66,50,0,5,18.4,0
C17776,Blida,Prepaid,11,1076.86,23.77,7,0,3,30.5,0
C17777,Tlemcen,Prepaid,20,1874.81,5.26,35,1,3,16.9,0
C17778,Blida,Prepaid,7,1025.36,23.33,29,0,1,37.9,1
C17779,Chlef,Prepaid,28,986.22,46.94,28,0,5,3.9,0
C17780,Chlef,Postpaid,16,3128.2,2.53,38,0,1,9.6,0
C17781,Algiers,Prepaid,42,1364.73,30.54,68,0,1,23.5,0
C17782,Tiaret,Prepaid,30,2078.91,2.99,48,1,2,22.7,1
C17783,Ghardaia,Prepaid,11,1835.94,7.38,2,0,6,-20.0,0
C17784,Setif,Prepaid,21,1101.56,10.02,20,0,5,30.3,0
C17785,Annaba,Prepaid,11,1952.36,0.88,31,0,2,85.0,1
C17786,Setif,Prepaid,17,941.64,2.01,73,0,3,73.7,0
C17787,Oran,Postpaid,13,3375.13,2.38,46,2,1,8.6,0
C17788,Tlemcen,Prepaid,17,1866.22,17.04,32,0,5,47.8,0
C17789,Biskra,Prepaid,21,1851.27,62.13,52,0,4,-20.0,0
C17790,Tiaret,Prepaid,14,1423.83,10.01,36,1,1,-20.0,0
C17791,Ghardaia,Prepaid,2,2063.39,3.73,72,0,7,-5.6,1
C17792,Blida,Prepaid,6,1656.76,4.94,23,1,5,3.9,1
C17793,Oran,Prepaid,54,1897.0,25.17,41,1,2,47.8,0
C17794,Chlef,Prepaid,19,2437.87,0.94,39,1,3,68.8,1
C17795,Tizi Ouzou,Prepaid,25,1466.64,4.48,68,0,1,35.3,0
C17796,Constantine,Prepaid,14,1163.91,0.5,63,0,2,-1.8,0
C17797,Batna,Prepaid,47,836.48,0.5,75,0,1,0.5,0
C17798,Blida,Prepaid,17,1434.7,30.74,51,1,2,11.4,0
C17799,Blida,Prepaid,8,1375.32,59.72,32,0,3,4.7,0
C17800,Annaba,Postpaid,28,900.0,41.78,65,0,1,15.8,0
C17801,Tizi Ouzou,Prepaid,11,1745.94,23.46,71,1,4,-12.9,0
C17802,Bejaia,Prepaid,1,2367.79,16.74,74,1,5,-3.6,0
C17803,Setif,Prepaid,51,1338.32,5.44,53,1,4,55.1,0
C17804,Constantine,Postpaid,30,3536.68,5.31,36,0,1,-8.9,0
C17805,Tiaret,Prepaid,31,1132.09,2.49,73,1,2,2.8,0
C17806,Biskra,Prepaid,16,400.0,1.12,47,1,4,20.3,0
C17807,Tizi Ouzou,Prepaid,22,1272.05,20.97,56,0,3,6.1,0
C17808,Tizi Ouzou,Prepaid,1,1228.44,4.57,84,0,4,-7.7,0
C17809,Annaba,Prepaid,10,2317.63,59.07,61,0,4,15.5,0
C17810,Batna,Prepaid,15,1448.64,5.04,37,0,5,2.8,0
C17811,Tiaret,Prepaid,22,400.0,11.87,8,0,4,29.7,0
C17812,Annaba,Prepaid,4,1659.53,12.22,32,1,4,21.2,0
C17813,Annaba,Postpaid,30,2801.73,6.87,84,0,1,-0.9,0
C17814,Tiaret,Prepaid,31,1205.74,40.14,32,1,4,38.3,0
C17815,Annaba,Prepaid,5,1731.43,22.57,63,1,4,22.8,0
C17816,Ghardaia,Prepaid,50,1029.26,13.04,89,1,1,-20.0,0
C17817,Setif,Prepaid,28,1700.61,10.62,35,2,1,0.9,0
C17818,Annaba,Prepaid,45,1132.6,4.24,41,0,1,29.9,1
C17819,Annaba,Postpaid,18,2270.76,14.27,43,0,1,24.1,0
C17820,Annaba,Prepaid,15,975.31,10.39,2,0,1,-8.3,0
C17821,Ghardaia,Prepaid,10,1688.1,27.24,23,0,1,-20.0,0
C17822,Annaba,Prepaid,13,1457.24,0.5,49,0,3,36.0,0
C17823,Ghardaia,Prepaid,15,1145.63,10.31,34,0,2,-2.2,0
C17824,Bejaia,Prepaid,22,505.72,6.02,93,0,1,26.0,0
C17825,Blida,Postpaid,22,2896.92,23.99,36,0,1,5.6,0
C17826,Constantine,Prepaid,45,1698.27,17.66,28,0,2,49.7,0
C17827,Ouargla,Prepaid,11,1055.45,11.95,50,2,3,39.7,1
C17828,Oran,Prepaid,50,1648.78,10.71,29,0,2,-2.8,0
C17829,Oran,Postpaid,7,2820.65,7.44,47,3,1,37.1,1
C17830,Tizi Ouzou,Prepaid,3,925.09,0.5,75,1,2,7.4,1
C17831,Oran,Prepaid,22,1379.05,42.53,31,0,2,27.4,0
C17832,Biskra,Prepaid,25,945.15,0.5,34,0,7,-13.1,0
C17833,Biskra,Prepaid,6,701.94,11.43,68,0,1,-6.6,0
C17834,Batna,Postpaid,5,3285.9,6.97,57,1,1,19.2,1
C17835,Bejaia,Prepaid,6,1352.49,0.99,46,0,4,24.7,0
C17836,Algiers,Prepaid,12,2393.26,22.24,24,3,5,-6.3,1
C17837,Ouargla,Prepaid,10,1534.22,15.45,84,0,5,34.7,0
C17838,Ghardaia,Postpaid,43,2900.5,14.03,50,1,1,11.2,0
C17839,Chlef,Prepaid,12,2068.1,35.43,47,1,6,33.4,0
C17840,Algiers,Prepaid,3,1577.06,3.76,50,0,4,85.0,1
C17841,Ghardaia,Prepaid,20,736.32,1.42,43,0,1,20.8,0
C17842,Batna,Prepaid,28,1649.03,6.61,75,0,4,-20.0,0
C17843,Blida,Prepaid,22,1132.99,16.7,49,0,1,17.1,0
C17844,Bejaia,Prepaid,7,1883.97,19.92,9,0,1,43.3,0
C17845,Blida,Prepaid,9,1457.97,6.83,62,0,5,36.0,0
C17846,Batna,Postpaid,9,2877.24,9.39,53,1,2,-10.7,0
C17847,Tizi Ouzou,Prepaid,30,3071.87,7.01,52,1,6,-17.9,0
C17848,Tizi Ouzou,Prepaid,10,1786.69,4.72,36,1,1,2.1,1
C17849,Tizi Ouzou,Postpaid,27,2691.45,8.6,83,0,1,4.4,0
C17850,Bejaia,Prepaid,46,1037.1,42.23,36,0,2,6.6,0
C17851,Ghardaia,Prepaid,19,1989.57,7.55,59,1,3,22.8,0
C17852,Setif,Prepaid,9,2389.74,6.5,62,0,6,29.5,1
C17853,Batna,Prepaid,10,1213.18,10.63,32,0,4,20.0,0
C17854,Constantine,Prepaid,44,1050.29,7.87,36,0,2,-17.3,0
C17855,Ouargla,Prepaid,16,1204.22,7.04,37,1,3,30.2,0
C17856,Tizi Ouzou,Prepaid,9,1247.3,18.64,116,3,3,22.3,1
C17857,Chlef,Prepaid,4,1421.59,28.61,47,0,3,14.2,0
C17858,Setif,Prepaid,21,1923.77,19.57,11,1,2,-20.0,0
C17859,Tlemcen,Prepaid,10,1714.9,25.13,37,0,3,-5.1,0
C17860,Annaba,Prepaid,6,1407.59,4.31,31,0,1,16.8,1
C17861,Ouargla,Prepaid,19,695.67,17.61,44,0,4,-13.2,0
C17862,Bejaia,Prepaid,11,1195.91,3.9,90,0,5,16.7,1
C17863,Constantine,Prepaid,8,1617.92,21.07,66,0,1,35.6,1
C17864,Algiers,Prepaid,5,400.0,4.3,33,0,3,-3.1,0
C17865,Chlef,Prepaid,8,1690.99,2.0,49,1,3,32.8,1
C17866,Ouargla,Prepaid,10,787.68,3.15,78,0,1,29.9,1
C17867,Tlemcen,Postpaid,8,3120.27,25.05,127,0,1,28.0,0
C17868,Batna,Prepaid,35,1716.23,30.81,32,1,2,10.1,0
C17869,Chlef,Prepaid,7,1346.16,3.38,17,1,1,3.6,1
C17870,Algiers,Prepaid,17,896.7,12.4,58,1,2,14.7,0
C17871,Chlef,Prepaid,17,1084.32,2.14,57,0,4,12.3,0
C17872,Blida,Postpaid,5,1747.7,6.7,29,0,1,-7.0,0
C17873,Tlemcen,Prepaid,17,1261.84,1.49,43,0,2,16.2,0
C17874,Ghardaia,Postpaid,14,1887.0,1.0,44,1,1,24.7,0
C17875,Biskra,Postpaid,12,2774.94,2.77,24,0,1,72.8,0
C17876,Ouargla,Prepaid,1,1020.84,27.33,46,1,3,4.0,1
C17877,Constantine,Prepaid,8,2066.37,3.08,77,2,6,51.3,1
C17878,Batna,Postpaid,9,3145.48,46.38,97,0,1,24.5,0
C17879,Oran,Prepaid,26,662.01,37.05,59,0,3,17.2,0
C17880,Tiaret,Prepaid,21,1355.74,1.71,58,0,3,23.7,0
C17881,Chlef,Postpaid,14,3133.86,12.76,22,1,1,48.8,0
C17882,Batna,Prepaid,10,1777.51,23.73,24,1,2,30.5,1
C17883,Blida,Prepaid,9,1462.38,27.57,22,1,1,23.5,1
C17884,Tiaret,Postpaid,10,1957.74,20.32,39,0,1,9.4,0
C17885,Algiers,Prepaid,23,2380.01,29.72,29,0,4,8.0,0
C17886,Algiers,Prepaid,35,1159.54,8.85,59,0,3,-16.8,0
C17887,Biskra,Prepaid,20,2000.5,12.37,39,3,4,0.9,0
C17888,Annaba,Prepaid,12,1105.05,19.44,67,1,2,28.2,0
C17889,Tlemcen,Postpaid,8,1265.57,10.26,46,0,1,8.6,0
C17890,Bejaia,Prepaid,6,1431.95,6.91,2,0,3,25.7,0
C17891,Oran,Prepaid,8,2174.62,2.45,31,0,2,54.4,0
C17892,Blida,Prepaid,39,2179.19,31.78,72,0,2,25.7,0
C17893,Blida,Prepaid,8,1765.88,58.21,86,0,3,6.5,0
C17894,Bejaia,Prepaid,7,1083.81,38.9,64,0,5,8.6,0
C17895,Ghardaia,Prepaid,29,400.0,5.38,6,1,2,1.5,0
C17896,Setif,Postpaid,2,1394.27,4.22,85,0,1,9.9,0
C17897,Constantine,Postpaid,6,3107.56,1.3,48,1,1,18.9,0
C17898,Chlef,Postpaid,8,2428.71,0.99,57,0,1,-3.6,0
C17899,Setif,Prepaid,21,1476.74,6.56,34,1,3,20.7,0
C17900,Annaba,Prepaid,23,1016.37,0.77,54,1,3,18.3,0
C17901,Setif,Prepaid,10,1991.77,10.17,57,0,3,17.1,0
C17902,Batna,Prepaid,32,1063.83,4.86,18,1,4,-11.5,0
C17903,Bejaia,Prepaid,33,1578.52,54.27,59,0,4,-11.3,0
C17904,Blida,Prepaid,62,939.03,1.01,16,0,8,-9.3,0
C17905,Blida,Postpaid,9,2203.4,9.64,71,0,1,11.5,0
C17906,Constantine,Prepaid,26,1443.41,18.52,65,0,3,0.5,0
C17907,Batna,Prepaid,19,1981.89,7.26,52,0,4,52.7,0
C17908,Tlemcen,Prepaid,26,1167.2,9.51,57,1,5,43.9,0
C17909,Annaba,Prepaid,4,1463.7,6.83,59,0,3,13.8,0
C17910,Tlemcen,Prepaid,1,1978.99,5.04,50,0,4,25.6,0
C17911,Tiaret,Prepaid,2,1465.98,6.0,38,0,2,40.6,0
C17912,Ouargla,Prepaid,7,1337.61,2.53,43,0,1,27.0,1
C17913,Blida,Prepaid,28,1267.63,8.89,43,0,5,49.0,0
C17914,Blida,Prepaid,20,1635.81,13.52,55,0,2,0.8,0
C17915,Ghardaia,Prepaid,30,1084.85,8.35,48,0,4,-4.0,0
C17916,Tlemcen,Prepaid,19,1435.53,0.59,47,0,3,-20.0,0
C17917,Setif,Prepaid,18,1328.62,12.05,23,0,2,-6.1,0
C17918,Batna,Prepaid,4,1728.01,35.72,70,1,4,23.3,1
C17919,Constantine,Prepaid,38,465.65,7.58,68,0,5,1.1,0
C17920,Bejaia,Prepaid,51,539.89,5.26,93,0,3,7.6,0
C17921,Constantine,Postpaid,18,2741.48,34.18,36,1,1,25.7,0
C17922,Bejaia,Prepaid,10,1613.34,12.55,38,1,3,34.5,1
C17923,Biskra,Prepaid,52,690.22,1.42,24,0,3,11.1,0
C17924,Annaba,Prepaid,2,1347.75,15.15,18,0,2,39.8,0
C17925,Ghardaia,Prepaid,16,2227.5,58.38,9,0,2,30.5,0
C17926,Oran,Prepaid,18,1405.73,51.92,83,2,1,-20.0,0
C17927,Tiaret,Postpaid,12,3750.45,4.23,22,1,1,8.6,0
C17928,Setif,Prepaid,23,945.62,11.16,17,0,1,21.4,0
C17929,Ouargla,Prepaid,43,1311.73,9.26,71,1,2,-20.0,0
C17930,Annaba,Prepaid,31,640.65,14.79,33,1,2,70.4,0
C17931,Chlef,Prepaid,15,1304.82,35.97,56,1,2,35.7,0
C17932,Tlemcen,Prepaid,25,1030.14,4.57,80,0,3,10.9,0
C17933,Ghardaia,Postpaid,18,3965.5,20.25,48,1,1,26.8,0
C17934,Tlemcen,Postpaid,8,4188.5,29.63,60,0,1,29.2,0
C17935,Annaba,Prepaid,27,1292.98,14.34,38,1,2,6.6,0
C17936,Constantine,Prepaid,35,2647.7,10.06,76,0,1,18.2,0
C17937,Ouargla,Prepaid,12,632.95,4.17,53,0,3,2.4,0
C17938,Tiaret,Prepaid,19,1456.73,46.62,33,0,2,3.0,0
C17939,Constantine,Prepaid,10,1003.09,6.19,64,0,4,34.5,1
C17940,Batna,Postpaid,15,2188.98,14.84,59,0,1,47.8,0
C17941,Ouargla,Prepaid,23,1552.45,9.25,52,1,5,5.4,0
C17942,Algiers,Prepaid,11,1445.62,26.41,13,0,5,-3.7,0
C17943,Constantine,Prepaid,21,1418.6,17.71,68,0,4,14.0,0
C17944,Tlemcen,Prepaid,50,1702.32,17.47,29,0,1,-9.9,0
C17945,Batna,Prepaid,3,1751.15,9.02,62,0,3,8.1,0
C17946,Constantine,Prepaid,13,1835.58,1.31,61,0,3,-20.0,0
C17947,Tizi Ouzou,Prepaid,29,741.95,23.14,25,1,3,-20.0,0
C17948,Ghardaia,Prepaid,23,1184.5,1.89,40,1,4,11.2,0
C17949,Biskra,Prepaid,14,1619.38,32.4,75,0,3,24.3,0
C17950,Chlef,Prepaid,5,1548.13,28.45,73,1,5,28.3,1
C17951,Chlef,Prepaid,26,1159.45,4.42,45,0,1,53.9,0
C17952,Tiaret,Prepaid,24,1230.98,10.62,45,0,1,30.7,0
C17953,Blida,Prepaid,24,1768.23,10.79,85,1,1,52.9,0
C17954,Ouargla,Postpaid,22,2572.32,24.03,53,0,1,-13.6,0
C17955,Batna,Postpaid,24,3661.83,50.54,59,0,1,4.7,0
C17956,Setif,Prepaid,29,485.39,6.73,72,1,1,-6.6,0
C17957,Setif,Prepaid,10,1701.83,10.16,77,0,3,11.3,0
C17958,Chlef,Prepaid,18,654.75,9.83,42,0,2,43.3,0
C17959,Ghardaia,Prepaid,5,1917.04,6.91,48,0,2,-15.2,0
C17960,Bejaia,Prepaid,6,1212.41,14.01,30,0,2,35.1,1
C17961,Algiers,Prepaid,16,1510.63,10.25,31,1,4,42.5,0
C17962,Tlemcen,Prepaid,9,1735.58,9.23,68,1,2,74.2,1
C17963,Oran,Prepaid,4,2126.41,64.4,2,0,4,-19.2,0
C17964,Tiaret,Postpaid,9,3659.19,1.89,26,0,1,16.7,0
C17965,Constantine,Prepaid,7,2300.26,29.29,87,1,4,21.9,1
C17966,Algiers,Prepaid,15,1151.95,11.05,8,1,4,14.0,0
C17967,Annaba,Prepaid,19,1774.62,11.79,42,0,4,65.0,0
C17968,Ghardaia,Prepaid,50,1510.71,8.59,30,1,4,23.7,0
C17969,Setif,Prepaid,26,925.81,38.29,87,1,4,-16.0,0
C17970,Batna,Prepaid,41,935.5,85.0,73,1,3,55.4,0
C17971,Ghardaia,Postpaid,11,3722.71,18.88,31,0,2,59.3,0
C17972,Biskra,Prepaid,5,1405.98,43.43,54,0,2,17.7,0
C17973,Oran,Prepaid,14,400.0,3.31,74,1,2,62.4,1
C17974,Batna,Postpaid,13,3270.57,10.57,49,0,1,3.6,0
C17975,Tiaret,Postpaid,3,2546.94,2.58,29,1,1,4.1,1
C17976,Blida,Prepaid,17,1722.96,5.08,48,0,2,13.2,0
C17977,Setif,Prepaid,7,1198.15,3.95,35,0,4,50.4,1
C17978,Blida,Prepaid,15,1203.6,85.0,73,2,4,-9.5,0
C17979,Blida,Prepaid,10,1864.26,11.09,35,0,4,8.2,1
C17980,Chlef,Postpaid,19,2771.89,17.07,49,0,1,14.1,0
C17981,Chlef,Postpaid,23,1422.36,14.69,54,0,1,3.7,0
C17982,Tizi Ouzou,Prepaid,11,1557.55,21.88,8,0,2,40.7,1
C17983,Ouargla,Prepaid,20,1308.27,4.22,66,3,3,46.1,1
C17984,Setif,Postpaid,27,3047.85,26.45,59,0,1,41.2,0
C17985,Blida,Postpaid,66,3152.51,58.75,24,1,1,14.2,0
C17986,Algiers,Prepaid,18,1711.45,2.13,46,0,5,16.0,0
C17987,Tlemcen,Postpaid,14,2186.64,5.65,50,0,1,25.7,0
C17988,Oran,Prepaid,12,1179.48,12.1,44,2,2,-20.0,0
C17989,Blida,Postpaid,20,2799.89,15.81,55,1,1,16.1,0
C17990,Ghardaia,Postpaid,29,1624.98,15.59,22,0,1,-17.3,0
C17991,Biskra,Postpaid,6,2490.05,18.9,32,0,1,18.1,0
C17992,Bejaia,Prepaid,41,1384.11,9.06,65,0,1,-20.0,0
C17993,Annaba,Prepaid,2,1297.49,28.92,75,1,4,-16.9,0
C17994,Bejaia,Prepaid,23,1336.87,0.55,33,1,3,16.8,0
C17995,Bejaia,Prepaid,31,1601.44,7.98,50,2,1,-15.9,1
C17996,Biskra,Prepaid,6,968.62,13.04,54,1,3,33.5,1
C17997,Biskra,Prepaid,20,2355.42,13.25,87,0,4,63.6,0
C17998,Chlef,Prepaid,35,1064.94,12.07,41,1,4,35.4,0
C17999,Constantine,Prepaid,37,753.09,21.42,98,3,2,38.0,1
C18000,Ouargla,Postpaid,21,1654.46,38.17,53,1,1,6.0,0
C18001,Setif,Prepaid,16,1780.26,3.58,70,0,3,9.2,0
C18002,Blida,Prepaid,7,1463.7,3.19,48,0,3,31.9,1
C18003,Blida,Prepaid,6,1904.96,3.75,27,0,4,-20.0,0
C18004,Biskra,Prepaid,27,1693.51,3.94,109,1,2,-3.2,0
C18005,Chlef,Prepaid,3,1023.18,13.98,6,0,3,-11.9,0
C18006,Batna,Prepaid,10,1079.11,16.75,53,1,5,-6.0,0
C18007,Ouargla,Postpaid,17,2238.68,1.91,98,1,1,-20.0,0
C18008,Tiaret,Prepaid,17,1765.93,2.68,10,0,2,11.4,0
C18009,Batna,Prepaid,19,2053.72,14.14,49,1,2,17.1,0
C18010,Tizi Ouzou,Postpaid,37,2869.58,1.61,59,0,1,-16.3,0
C18011,Oran,Prepaid,7,1075.87,2.34,27,1,3,24.2,0
C18012,Tlemcen,Prepaid,3,1867.08,3.02,52,0,2,-20.0,1
C18013,Bejaia,Prepaid,14,1956.93,3.22,71,0,3,16.7,0
C18014,Setif,Prepaid,27,2654.77,3.02,45,0,3,-9.6,0
C18015,Batna,Postpaid,22,1563.01,3.44,22,0,1,16.6,0
C18016,Biskra,Prepaid,7,1201.91,3.63,45,0,3,16.1,0
C18017,Constantine,Postpaid,8,1695.31,5.3,82,0,1,50.7,0
C18018,Ghardaia,Prepaid,19,1913.49,20.0,6,0,1,69.7,0
C18019,Constantine,Prepaid,22,929.64,33.81,67,1,3,26.9,0
C18020,Biskra,Prepaid,26,1216.09,29.98,101,0,3,39.3,0
C18021,Ouargla,Prepaid,40,400.0,35.64,28,0,3,28.4,0
C18022,Tizi Ouzou,Prepaid,26,1491.69,9.41,51,0,1,-5.6,0
C18023,Blida,Prepaid,13,685.18,38.79,58,2,4,9.0,0
C18024,Tlemcen,Postpaid,11,3340.71,0.59,38,0,1,33.2,1
C18025,Biskra,Prepaid,28,1548.21,0.68,80,0,2,13.9,0
C18026,Bejaia,Prepaid,6,400.0,0.5,46,0,3,19.2,0
C18027,Bejaia,Prepaid,30,1644.06,63.44,15,0,5,18.7,0
C18028,Tlemcen,Postpaid,2,2960.73,36.85,70,0,1,8.8,0
C18029,Ghardaia,Prepaid,18,799.31,32.54,44,0,3,25.5,0
C18030,Tizi Ouzou,Postpaid,7,3523.28,16.36,39,0,1,-14.9,0
C18031,Oran,Prepaid,46,865.77,7.16,19,0,2,24.1,0
C18032,Oran,Prepaid,33,814.64,23.07,2,0,2,18.5,0
C18033,Constantine,Prepaid,37,1079.54,1.93,62,0,1,8.7,0
C18034,Blida,Prepaid,28,627.84,0.5,44,2,2,-5.2,1
C18035,Annaba,Prepaid,21,1172.67,1.61,20,0,4,10.8,0
C18036,Blida,Prepaid,21,1015.48,29.69,69,3,3,31.8,1
C18037,Blida,Postpaid,32,2422.59,41.91,46,1,1,-2.2,0
C18038,Biskra,Prepaid,28,1130.16,8.12,65,1,4,-20.0,0
C18039,Setif,Prepaid,18,1208.11,4.94,22,0,3,29.8,0
C18040,Tiaret,Postpaid,24,3658.58,57.4,53,0,1,10.8,0
C18041,Setif,Prepaid,8,1556.95,6.62,26,1,2,1.4,0
C18042,Bejaia,Prepaid,13,1099.92,6.95,15,0,2,28.4,0
C18043,Biskra,Prepaid,6,1437.84,61.84,17,1,3,71.1,1
C18044,Tlemcen,Prepaid,6,2084.63,26.73,69,0,5,49.6,1
C18045,Setif,Prepaid,22,1310.4,15.37,56,0,5,-19.6,0
C18046,Tizi Ouzou,Prepaid,62,826.42,27.34,16,0,3,3.4,0
C18047,Batna,Prepaid,1,1300.37,5.52,63,1,3,31.8,1
C18048,Ouargla,Prepaid,43,1744.58,25.68,37,0,1,70.8,0
C18049,Ghardaia,Prepaid,11,1622.82,46.44,16,0,1,21.9,1
C18050,Blida,Postpaid,26,2699.81,1.29,48,0,1,-6.5,0
C18051,Tiaret,Prepaid,16,648.15,1.0,55,0,4,51.7,0
C18052,Bejaia,Prepaid,11,1340.1,2.63,37,1,4,46.5,1
C18053,Chlef,Prepaid,5,1468.87,1.12,35,0,2,44.0,1
C18054,Batna,Postpaid,57,2798.5,29.99,71,1,1,34.4,0
C18055,Tlemcen,Postpaid,30,2316.83,13.87,74,1,1,39.8,0
C18056,Constantine,Prepaid,11,2031.17,49.46,59,0,3,8.0,0
C18057,Constantine,Prepaid,17,2729.03,8.63,96,2,6,-18.6,0
C18058,Ghardaia,Postpaid,9,3074.74,30.86,40,1,1,30.2,0
C18059,Algiers,Prepaid,28,1579.17,19.3,37,0,3,5.8,0
C18060,Constantine,Postpaid,16,3291.34,1.18,53,1,1,23.1,0
C18061,Tiaret,Prepaid,4,1701.8,5.95,50,0,2,-7.3,0
C18062,Annaba,Prepaid,47,941.78,2.41,64,0,6,44.6,0
C18063,Biskra,Prepaid,14,1807.78,4.2,29,1,5,-18.3,0
C18064,Setif,Prepaid,4,1992.44,25.74,66,0,3,60.4,1
C18065,Tiaret,Postpaid,17,2355.54,2.13,32,0,1,-11.0,0
C18066,Tiaret,Prepaid,8,598.91,5.78,39,0,3,30.0,0
C18067,Tiaret,Prepaid,22,1273.85,20.94,74,0,3,-19.1,0
C18068,Oran,Prepaid,4,2187.46,33.47,27,0,5,-8.6,0
C18069,Annaba,Postpaid,6,2782.93,3.39,37,0,2,29.5,1
C18070,Constantine,Prepaid,13,1724.64,12.41,89,0,2,1.0,0
C18071,Tlemcen,Prepaid,4,1279.16,24.19,56,0,2,1.6,0
C18072,Oran,Prepaid,13,1536.27,1.14,78,1,3,10.2,0
C18073,Oran,Prepaid,3,1563.24,10.62,76,2,3,23.7,1
C18074,Oran,Prepaid,24,1973.85,7.33,42,0,3,9.3,0
C18075,Tizi Ouzou,Postpaid,14,4088.74,47.83,39,0,1,-11.9,0
C18076,Tizi Ouzou,Prepaid,30,1289.65,54.07,44,0,3,21.5,0
C18077,Batna,Postpaid,3,1217.67,1.17,74,0,1,10.3,0
C18078,Chlef,Prepaid,13,2369.3,25.39,65,0,5,40.2,0
C18079,Algiers,Postpaid,19,2789.69,1.36,17,1,1,51.9,0
C18080,Algiers,Prepaid,15,1216.62,4.16,47,0,4,8.2,0
C18081,Ouargla,Prepaid,33,400.0,5.18,90,0,1,28.1,0
C18082,Tlemcen,Prepaid,9,1928.42,9.99,71,0,3,56.1,0
C18083,Chlef,Prepaid,18,2134.91,3.01,71,1,4,21.6,0
C18084,Ouargla,Postpaid,7,2440.53,15.49,13,0,1,35.2,0
C18085,Oran,Prepaid,16,1134.75,18.87,28,0,1,12.4,0
C18086,Oran,Prepaid,9,1200.29,3.74,50,1,2,12.3,1
C18087,Setif,Prepaid,12,1297.15,12.0,68,0,1,23.7,0
C18088,Bejaia,Postpaid,43,2665.98,5.0,72,0,1,15.4,0
C18089,Constantine,Prepaid,72,1314.37,28.72,27,1,6,32.8,0
C18090,Oran,Prepaid,53,1198.45,8.46,68,1,3,60.4,1
C18091,Biskra,Postpaid,18,1499.15,34.17,28,0,1,42.4,0
C18092,Tizi Ouzou,Prepaid,5,1380.96,4.53,37,0,3,-1.9,0
C18093,Tizi Ouzou,Postpaid,25,2815.95,55.54,73,0,1,35.1,0
C18094,Tlemcen,Prepaid,14,2227.43,5.93,13,2,2,2.8,1
C18095,Setif,Prepaid,33,2106.45,23.64,63,0,3,35.1,0
C18096,Annaba,Prepaid,17,1689.17,24.18,77,0,1,39.7,0
C18097,Annaba,Prepaid,15,1627.34,23.54,99,1,3,2.5,0
C18098,Tiaret,Prepaid,20,1503.58,13.7,60,0,3,10.1,0
C18099,Setif,Postpaid,4,2924.82,0.76,46,0,1,28.0,0
C18100,Batna,Prepaid,20,912.06,4.56,42,1,4,43.8,0
C18101,Biskra,Prepaid,11,400.0,2.95,34,0,1,0.2,0
C18102,Constantine,Prepaid,15,555.41,10.16,28,0,1,-7.8,0
C18103,Constantine,Prepaid,10,1326.5,5.89,31,0,2,0.1,1
C18104,Chlef,Prepaid,2,1390.83,0.79,65,1,5,21.6,1
C18105,Ghardaia,Prepaid,45,1036.54,8.36,29,0,4,74.3,0
C18106,Constantine,Prepaid,23,874.87,0.5,66,0,1,-11.3,0
C18107,Algiers,Prepaid,5,899.13,3.97,31,0,3,34.7,1
C18108,Algiers,Prepaid,20,739.17,41.85,69,1,3,22.8,0
C18109,Biskra,Prepaid,23,2354.14,5.06,21,0,1,33.4,0
C18110,Blida,Prepaid,10,1894.03,0.5,6,1,5,0.7,1
C18111,Ghardaia,Prepaid,11,2070.75,1.39,18,0,5,-20.0,0
C18112,Tizi Ouzou,Prepaid,12,1738.31,33.22,29,0,1,18.3,0
C18113,Blida,Prepaid,29,901.11,23.12,72,0,2,5.4,0
C18114,Ghardaia,Postpaid,28,2284.41,13.29,40,0,1,13.9,0
C18115,Batna,Postpaid,18,4086.22,3.95,61,0,1,14.7,0
C18116,Batna,Postpaid,14,1896.62,0.5,51,1,1,26.2,0
C18117,Ghardaia,Postpaid,29,1587.92,4.27,86,0,1,-16.6,0
C18118,Chlef,Prepaid,7,1583.33,1.32,43,1,2,50.7,1
C18119,Tizi Ouzou,Prepaid,13,2321.55,47.22,52,0,4,-2.9,0
C18120,Setif,Prepaid,34,499.84,6.18,40,1,2,41.7,0
C18121,Chlef,Prepaid,31,1393.73,12.12,56,0,5,49.8,0
C18122,Batna,Postpaid,32,1758.76,5.92,74,0,1,24.5,0
C18123,Constantine,Postpaid,9,2935.51,3.32,53,0,1,58.0,0
C18124,Tiaret,Prepaid,13,1795.96,3.8,36,1,4,-2.6,0
C18125,Chlef,Prepaid,21,2457.79,19.05,53,0,3,35.0,0
C18126,Constantine,Prepaid,49,1523.93,2.4,56,0,5,49.1,0
C18127,Bejaia,Prepaid,15,1179.3,29.98,44,0,1,-11.8,0
C18128,Bejaia,Prepaid,22,1061.63,1.71,63,1,5,25.0,0
C18129,Batna,Postpaid,18,2963.4,5.15,56,2,1,-0.9,0
C18130,Biskra,Prepaid,43,1795.48,4.98,59,0,3,-9.7,0
C18131,Tiaret,Prepaid,2,1841.76,0.5,51,0,1,62.7,1
C18132,Biskra,Prepaid,28,1674.53,1.12,41,1,4,11.2,0
C18133,Tizi Ouzou,Prepaid,4,1569.99,0.5,54,0,5,-8.6,0
C18134,Bejaia,Prepaid,10,1188.61,8.35,23,0,2,-13.7,0
C18135,Tlemcen,Prepaid,35,1595.0,5.82,57,1,4,-4.5,0
C18136,Chlef,Prepaid,23,932.11,5.14,27,0,1,12.5,0
C18137,Biskra,Postpaid,1,1828.63,5.15,59,0,1,58.7,0
C18138,Biskra,Prepaid,16,1579.09,2.95,65,0,4,-20.0,0
C18139,Chlef,Prepaid,30,1138.73,15.12,73,0,1,21.1,0
C18140,Setif,Prepaid,11,1051.32,17.06,84,0,3,20.6,0
C18141,Tizi Ouzou,Prepaid,15,1832.4,35.06,81,0,3,47.3,0
C18142,Blida,Prepaid,7,1801.27,3.99,40,0,1,-14.4,1
C18143,Batna,Prepaid,12,2008.14,25.69,39,2,5,17.5,0
C18144,Chlef,Prepaid,14,1570.22,4.35,15,1,1,2.6,0
C18145,Annaba,Prepaid,27,966.15,1.14,76,0,1,22.0,0
C18146,Ouargla,Prepaid,18,2462.43,0.67,24,0,2,44.2,0
C18147,Oran,Prepaid,6,1945.98,0.99,41,0,3,4.3,0
C18148,Batna,Prepaid,38,2249.04,8.38,54,0,6,62.6,0
C18149,Setif,Postpaid,18,1594.83,10.28,64,0,1,27.6,0
C18150,Blida,Prepaid,6,1782.16,8.68,58,0,1,7.2,0
C18151,Tlemcen,Prepaid,33,1834.52,6.06,62,0,2,-5.1,0
C18152,Setif,Prepaid,2,1489.42,16.44,35,0,1,-20.0,0
C18153,Constantine,Prepaid,3,557.62,0.92,56,0,3,15.1,1
C18154,Setif,Prepaid,4,1795.43,2.68,75,0,3,5.2,1
C18155,Algiers,Prepaid,4,1198.85,0.5,42,0,2,9.5,1
C18156,Algiers,Prepaid,6,1201.13,46.67,51,0,3,12.0,0
C18157,Chlef,Postpaid,19,2060.36,28.75,76,0,1,16.0,0
C18158,Ghardaia,Prepaid,5,1457.31,22.55,54,0,4,24.6,0
C18159,Ouargla,Prepaid,28,1094.59,4.26,42,1,1,22.1,1
C18160,Ghardaia,Prepaid,23,400.0,23.39,49,1,3,16.7,0
C18161,Constantine,Prepaid,13,1505.67,6.01,45,0,2,9.8,0
C18162,Blida,Prepaid,1,1309.06,5.82,13,0,3,23.3,0
C18163,Setif,Prepaid,19,1197.48,4.43,46,1,3,20.4,0
C18164,Batna,Prepaid,32,2384.04,8.95,61,2,4,51.5,1
C18165,Chlef,Postpaid,17,1931.77,3.03,20,0,1,42.7,0
C18166,Algiers,Prepaid,12,1721.2,8.83,72,0,4,36.9,0
C18167,Tiaret,Postpaid,26,2629.54,46.98,92,1,1,43.2,0
C18168,Tizi Ouzou,Prepaid,3,1137.27,19.88,79,1,2,-10.1,1
C18169,Batna,Prepaid,59,1390.23,38.46,37,0,4,7.4,0
C18170,Ouargla,Prepaid,30,1007.71,6.91,62,0,5,30.0,0
C18171,Batna,Prepaid,4,1501.57,4.99,36,0,1,-11.7,1
C18172,Setif,Prepaid,10,2030.94,4.34,53,0,3,35.4,0
C18173,Algiers,Prepaid,20,793.43,67.36,54,1,4,44.9,0
C18174,Ouargla,Prepaid,4,1774.3,11.04,52,0,5,13.9,0
C18175,Tlemcen,Prepaid,7,530.11,27.86,24,0,3,10.8,0
C18176,Ouargla,Prepaid,18,1402.12,18.66,42,0,5,-13.8,0
C18177,Setif,Prepaid,12,1729.56,7.93,66,1,3,-20.0,0
C18178,Bejaia,Prepaid,32,2282.99,25.27,71,0,6,-17.6,0
C18179,Annaba,Prepaid,43,1314.98,21.2,84,0,2,56.2,0
C18180,Ouargla,Prepaid,65,1013.12,0.5,61,0,3,0.3,0
C18181,Algiers,Prepaid,29,537.7,8.78,43,0,1,8.5,0
C18182,Chlef,Prepaid,48,1854.56,15.74,78,0,3,3.8,0
C18183,Blida,Postpaid,30,2168.02,0.5,24,0,1,-0.2,0
C18184,Annaba,Postpaid,15,1652.0,4.63,19,1,1,25.0,0
C18185,Tlemcen,Prepaid,12,1119.07,19.2,58,1,4,15.0,0
C18186,Tizi Ouzou,Prepaid,39,1124.38,25.07,87,1,6,3.2,0
C18187,Chlef,Prepaid,34,726.85,2.03,47,0,5,36.9,0
C18188,Tlemcen,Prepaid,27,2065.42,20.69,18,0,2,-10.3,0
C18189,Tlemcen,Prepaid,19,1417.1,11.95,64,1,1,7.9,0
C18190,Annaba,Postpaid,9,2941.85,6.46,48,1,1,36.5,1
C18191,Constantine,Prepaid,5,463.18,2.98,64,1,3,30.2,1
C18192,Tiaret,Postpaid,14,977.99,7.26,105,1,1,-10.8,0
C18193,Tiaret,Postpaid,22,3572.01,36.59,42,1,1,-2.8,0
C18194,Biskra,Postpaid,41,1815.12,7.22,32,1,1,-14.5,0
C18195,Tlemcen,Prepaid,44,1338.35,3.0,14,1,1,3.6,0
C18196,Ghardaia,Prepaid,8,1546.98,26.23,96,0,2,-8.4,0
C18197,Tlemcen,Prepaid,7,894.72,32.51,64,0,2,39.9,1
C18198,Annaba,Prepaid,7,2150.08,23.37,52,0,2,1.6,1
C18199,Setif,Postpaid,8,3268.57,5.56,25,1,1,10.9,0
C18200,Oran,Prepaid,23,880.66,0.5,61,0,4,16.5,0
C18201,Tlemcen,Prepaid,10,1005.55,2.38,62,1,5,18.9,1
C18202,Biskra,Prepaid,13,937.56,11.45,20,0,1,14.4,0
C18203,Annaba,Prepaid,14,1272.93,9.0,58,2,3,49.8,1
C18204,Chlef,Postpaid,27,2899.46,14.48,33,0,1,-20.0,0
C18205,Ouargla,Prepaid,29,1522.85,7.12,37,1,3,72.4,1
C18206,Ouargla,Postpaid,41,3546.4,15.91,61,1,1,12.7,0
C18207,Tizi Ouzou,Postpaid,22,3278.16,24.75,47,0,1,13.3,0
C18208,Bejaia,Postpaid,16,2403.16,24.66,72,0,1,37.3,0
C18209,Ouargla,Prepaid,15,2137.35,1.61,44,0,4,-11.8,0
C18210,Tiaret,Prepaid,17,463.7,35.5,31,0,1,12.0,0
C18211,Biskra,Prepaid,37,799.32,4.48,76,0,3,32.9,0
C18212,Setif,Postpaid,22,1453.93,5.13,30,0,1,31.9,0
C18213,Setif,Prepaid,25,1408.28,0.85,65,2,1,-0.9,1
C18214,Biskra,Prepaid,23,1979.17,75.33,89,0,4,-20.0,0
C18215,Tiaret,Prepaid,14,1202.46,3.69,53,1,4,20.4,0
C18216,Chlef,Postpaid,9,1709.86,10.59,18,1,1,62.7,1
C18217,Ouargla,Postpaid,14,1828.21,1.18,70,0,1,37.8,0
C18218,Setif,Prepaid,19,667.28,42.7,109,0,2,19.2,0
C18219,Tlemcen,Prepaid,65,1972.94,12.72,44,1,2,1.9,0
C18220,Annaba,Prepaid,18,982.2,22.49,22,1,2,-7.4,0
C18221,Ghardaia,Postpaid,6,3029.41,4.94,28,0,1,17.1,0
C18222,Oran,Postpaid,23,2921.81,5.28,36,0,1,8.7,0
C18223,Constantine,Postpaid,9,2312.37,1.84,78,0,1,18.6,0
C18224,Constantine,Postpaid,41,3544.52,1.82,90,0,1,14.1,0
C18225,Setif,Prepaid,11,1319.73,6.61,53,0,1,-14.2,0
C18226,Oran,Prepaid,11,1134.86,12.71,44,0,4,59.0,0
C18227,Biskra,Prepaid,7,617.69,11.14,48,0,2,13.7,0
C18228,Batna,Prepaid,11,1685.05,2.63,42,0,4,-14.5,0
C18229,Bejaia,Prepaid,7,1779.57,23.51,30,0,5,-20.0,0
C18230,Batna,Prepaid,47,1504.83,8.14,23,0,4,-13.9,0
C18231,Setif,Prepaid,15,1642.65,9.02,59,0,4,12.9,0
C18232,Tiaret,Postpaid,11,2788.92,2.05,51,0,1,-20.0,0
C18233,Bejaia,Prepaid,6,573.84,22.52,40,0,4,5.0,0
C18234,Batna,Postpaid,21,2762.46,3.72,40,0,1,40.3,0
C18235,Annaba,Prepaid,22,1091.38,4.74,15,0,4,-17.5,0
C18236,Blida,Prepaid,14,512.37,15.9,102,0,3,15.7,0
C18237,Algiers,Prepaid,1,2469.79,18.92,39,1,5,-9.8,0
C18238,Constantine,Prepaid,6,1518.53,0.5,45,1,2,33.8,1
C18239,Algiers,Prepaid,11,926.33,8.55,20,1,3,43.1,1
C18240,Chlef,Prepaid,12,1831.34,0.69,74,1,5,21.5,0
C18241,Algiers,Postpaid,16,3106.58,6.98,63,0,1,22.5,0
C18242,Constantine,Prepaid,14,1261.06,18.09,20,2,4,-8.7,0
C18243,Oran,Prepaid,11,915.86,24.5,49,0,2,53.3,1
C18244,Setif,Prepaid,8,1461.33,4.1,78,0,2,79.8,1
C18245,Setif,Postpaid,21,1919.75,23.02,60,0,1,25.0,0
C18246,Constantine,Prepaid,8,1158.39,10.78,46,0,2,-9.5,0
C18247,Tiaret,Prepaid,10,1595.66,6.31,27,1,2,30.2,1
C18248,Batna,Prepaid,2,1433.91,5.29,63,0,1,18.7,1
C18249,Tiaret,Prepaid,20,1366.86,0.5,48,2,1,1.4,1
C18250,Algiers,Prepaid,13,1179.41,3.92,62,0,4,11.0,0
C18251,Annaba,Prepaid,16,767.55,5.85,2,0,1,-5.1,0
C18252,Oran,Prepaid,35,1386.2,18.31,23,2,1,47.7,1
C18253,Constantine,Prepaid,17,1992.0,1.86,32,1,4,25.4,0
C18254,Algiers,Prepaid,16,2426.13,6.05,103,0,4,50.6,0
C18255,Batna,Postpaid,10,3337.54,2.32,13,1,1,29.2,0
C18256,Annaba,Prepaid,9,1833.95,33.5,41,0,2,31.5,0
C18257,Blida,Prepaid,24,1757.51,6.44,2,1,1,1.4,0
C18258,Tlemcen,Prepaid,9,1339.46,13.45,63,1,4,2.3,0
C18259,Setif,Prepaid,13,1574.32,0.5,49,0,3,-20.0,0
C18260,Ouargla,Prepaid,51,2219.36,1.05,52,0,3,29.5,0
C18261,Ouargla,Prepaid,15,1798.05,1.44,53,0,3,50.6,0
C18262,Batna,Postpaid,15,2581.31,3.19,31,2,1,6.4,0
C18263,Blida,Postpaid,23,2127.03,0.94,42,0,1,2.2,0
C18264,Batna,Prepaid,21,2505.51,29.89,20,1,6,-2.8,0
C18265,Tiaret,Postpaid,5,3498.53,6.45,64,0,1,12.8,0
C18266,Ouargla,Postpaid,16,3065.57,3.39,33,1,1,85.0,0
C18267,Algiers,Prepaid,28,1804.43,12.0,53,0,4,16.4,0
C18268,Blida,Prepaid,11,1333.44,22.88,64,0,3,5.2,0
C18269,Oran,Prepaid,7,1193.59,38.03,54,1,2,50.4,1
C18270,Ghardaia,Prepaid,27,1504.18,9.36,91,2,3,21.3,0
C18271,Ouargla,Postpaid,39,2553.19,4.83,41,1,1,-13.9,0
C18272,Constantine,Prepaid,17,1067.48,13.57,71,0,2,1.5,0
C18273,Algiers,Prepaid,5,1141.82,0.5,58,1,5,23.5,1
C18274,Setif,Prepaid,11,1399.08,0.66,93,0,4,41.1,1
C18275,Ouargla,Prepaid,13,1245.54,15.88,43,1,1,-12.7,0
C18276,Tlemcen,Prepaid,8,400.0,5.9,41,0,6,-8.2,0
C18277,Oran,Prepaid,12,1470.24,9.48,51,0,1,41.1,0
C18278,Chlef,Prepaid,63,1685.49,8.73,74,1,4,48.6,1
C18279,Batna,Prepaid,7,2237.0,30.49,62,1,3,84.9,1
C18280,Constantine,Postpaid,18,4030.69,39.39,90,0,1,-1.5,0
C18281,Annaba,Prepaid,3,1181.17,3.58,81,0,2,22.5,1
C18282,Tizi Ouzou,Prepaid,16,1355.32,3.69,65,1,4,40.3,1
C18283,Ghardaia,Postpaid,27,1773.13,16.87,46,0,1,-20.0,0
C18284,Setif,Prepaid,19,2241.46,31.84,50,0,1,5.9,0
C18285,Ghardaia,Prepaid,14,1418.39,4.85,43,0,3,2.6,0
C18286,Tlemcen,Prepaid,47,400.0,12.57,30,0,3,25.6,0
C18287,Ghardaia,Prepaid,8,1976.51,41.51,60,0,3,-12.4,0
C18288,Algiers,Postpaid,46,1938.94,6.32,35,1,1,0.8,0
C18289,Oran,Prepaid,10,1375.69,23.62,51,2,5,13.4,1
C18290,Ouargla,Prepaid,24,1693.59,4.06,24,0,1,55.4,0
C18291,Tiaret,Prepaid,19,908.49,32.42,97,0,5,70.7,0
C18292,Annaba,Prepaid,27,1829.13,32.06,50,0,2,-1.9,0
C18293,Tlemcen,Prepaid,58,1550.3,31.6,34,0,1,-5.6,0
C18294,Ouargla,Prepaid,16,1435.94,50.93,55,2,4,20.1,0
C18295,Batna,Postpaid,21,1831.45,30.3,57,0,1,18.1,0
C18296,Annaba,Prepaid,15,1905.34,1.23,55,0,1,8.0,0
C18297,Tiaret,Postpaid,23,3432.3,15.85,102,0,1,-20.0,0
C18298,Algiers,Prepaid,3,400.0,16.46,28,0,5,8.9,0
C18299,Annaba,Prepaid,20,1906.36,22.98,45,0,4,36.1,0
C18300,Batna,Prepaid,46,904.62,11.91,101,1,5,-1.5,0
C18301,Tiaret,Prepaid,23,2003.96,15.12,62,0,1,10.1,0
C18302,Ouargla,Prepaid,50,719.39,9.25,61,0,6,-20.0,0
C18303,Oran,Prepaid,65,1305.58,7.42,58,0,4,26.4,0
C18304,Chlef,Prepaid,2,1614.65,13.7,10,0,3,7.6,0
C18305,Biskra,Prepaid,7,1442.06,4.97,2,0,4,2.9,1
C18306,Annaba,Prepaid,3,1360.08,25.51,63,0,4,-9.4,0
C18307,Batna,Postpaid,12,2726.96,10.84,54,1,1,0.8,0
C18308,Tlemcen,Prepaid,38,1419.08,6.11,42,1,5,-2.5,0
C18309,Biskra,Prepaid,14,1444.54,0.96,29,1,2,-3.2,1
C18310,Setif,Postpaid,12,1960.09,19.43,88,1,1,14.0,0
C18311,Tizi Ouzou,Prepaid,31,1087.23,26.59,31,0,3,-20.0,0
C18312,Blida,Prepaid,4,881.5,61.37,44,1,1,-6.1,1
C18313,Constantine,Postpaid,60,2474.64,26.82,60,0,1,56.7,0
C18314,Biskra,Prepaid,36,1245.02,17.79,29,0,4,-20.0,0
C18315,Tiaret,Prepaid,19,1120.53,5.39,34,1,2,14.9,0
C18316,Algiers,Postpaid,4,2701.12,6.17,18,0,1,-10.3,0
C18317,Tiaret,Prepaid,17,535.56,3.46,35,0,4,28.8,0
C18318,Tizi Ouzou,Prepaid,58,1298.4,17.53,34,0,2,1.0,0
C18319,Chlef,Prepaid,32,1301.58,11.69,51,0,4,-18.5,0
C18320,Chlef,Prepaid,6,1441.7,46.08,93,0,2,14.3,0
C18321,Oran,Prepaid,8,1701.83,13.31,52,0,1,43.0,1
C18322,Setif,Prepaid,22,2076.36,41.8,45,0,4,-20.0,0
C18323,Batna,Prepaid,15,1467.91,0.5,18,1,2,23.9,1
C18324,Biskra,Postpaid,21,2607.43,4.18,52,0,1,-7.1,0
C18325,Setif,Postpaid,24,1470.44,14.08,25,0,1,41.1,0
C18326,Annaba,Prepaid,16,1106.07,1.8,32,1,6,-20.0,0
C18327,Blida,Prepaid,14,896.13,3.82,44,1,5,20.5,0
C18328,Tizi Ouzou,Prepaid,16,904.18,39.12,31,1,5,-12.6,0
C18329,Algiers,Prepaid,25,400.0,19.12,11,1,1,69.7,1
C18330,Ghardaia,Prepaid,24,1057.26,12.19,63,0,2,22.0,0
C18331,Biskra,Postpaid,16,2666.46,5.98,89,0,1,-7.3,0
C18332,Annaba,Prepaid,16,1837.18,40.6,53,1,3,0.4,0
C18333,Oran,Prepaid,7,1524.05,15.04,28,0,2,38.7,0
C18334,Annaba,Prepaid,11,1662.89,12.13,25,0,3,1.5,0
C18335,Biskra,Postpaid,13,3222.07,37.59,51,0,1,66.4,0
C18336,Tlemcen,Prepaid,22,1144.93,54.91,72,0,3,38.9,0
C18337,Blida,Prepaid,11,1074.05,13.31,60,0,3,29.1,1
C18338,Algiers,Postpaid,13,3610.86,14.79,65,1,1,18.6,0
C18339,Constantine,Prepaid,10,1030.49,15.38,33,0,2,13.0,0
C18340,Ouargla,Prepaid,29,1173.52,8.23,42,0,3,8.3,0
C18341,Setif,Prepaid,22,1507.36,1.31,35,0,1,29.3,0
C18342,Bejaia,Prepaid,47,1796.89,2.35,51,0,4,1.1,0
C18343,Oran,Prepaid,29,1408.72,17.13,25,1,6,-20.0,0
C18344,Tlemcen,Postpaid,7,4698.88,11.93,53,0,1,50.6,0
C18345,Ouargla,Prepaid,28,509.14,7.8,19,0,3,8.9,0
C18346,Annaba,Prepaid,8,1695.89,6.08,59,0,4,20.6,0
C18347,Algiers,Prepaid,30,1474.98,9.24,42,0,2,44.9,0
C18348,Algiers,Prepaid,45,1134.13,13.54,79,0,1,9.4,0
C18349,Bejaia,Prepaid,1,1204.04,4.13,63,0,1,25.6,1
C18350,Ouargla,Prepaid,16,1301.7,36.01,58,0,4,31.6,0
C18351,Tiaret,Prepaid,4,1723.78,12.24,78,0,4,-10.2,0
C18352,Batna,Prepaid,27,1703.65,0.86,46,0,5,45.9,0
C18353,Tiaret,Prepaid,41,1244.27,4.79,51,2,4,-0.4,1
C18354,Bejaia,Prepaid,15,1824.79,19.14,73,1,2,-2.2,0
C18355,Constantine,Postpaid,46,2675.38,10.6,55,0,1,26.1,0
C18356,Blida,Prepaid,22,759.1,13.57,2,0,4,3.2,0
C18357,Ouargla,Postpaid,2,2547.27,5.28,74,0,1,11.4,0
C18358,Oran,Prepaid,26,1965.66,6.95,58,0,2,5.1,0
C18359,Annaba,Prepaid,36,400.0,1.12,75,0,3,51.0,0
C18360,Constantine,Prepaid,9,1729.66,5.38,58,1,2,19.6,1
C18361,Batna,Prepaid,2,430.03,16.76,49,0,1,17.3,0
C18362,Oran,Prepaid,26,1373.72,27.32,85,0,2,17.9,0
C18363,Biskra,Prepaid,30,1829.5,7.2,52,0,3,-20.0,0
C18364,Bejaia,Prepaid,38,1372.97,20.0,47,0,3,-10.4,0
C18365,Blida,Prepaid,6,1997.28,3.07,49,1,3,11.6,1
C18366,Tizi Ouzou,Postpaid,36,2482.06,30.04,38,0,1,-1.6,0
C18367,Ouargla,Prepaid,9,1897.65,50.94,33,0,4,51.8,1
C18368,Biskra,Prepaid,14,1737.92,12.88,68,2,3,18.7,0
C18369,Algiers,Prepaid,14,944.55,12.06,63,0,3,49.5,0
C18370,Algiers,Postpaid,7,3004.84,11.54,27,0,1,8.2,0
C18371,Blida,Prepaid,17,1412.41,2.01,72,1,4,-10.8,0
C18372,Biskra,Prepaid,25,2017.43,22.21,47,0,3,39.9,0
C18373,Constantine,Prepaid,35,1499.58,12.84,46,1,1,13.1,0
C18374,Tiaret,Prepaid,39,958.24,1.47,34,0,5,27.6,0
C18375,Chlef,Prepaid,2,1352.73,28.57,54,2,1,-10.6,1
C18376,Ouargla,Postpaid,43,2955.5,15.11,75,0,1,51.6,0
C18377,Oran,Prepaid,21,1670.92,10.05,20,1,1,30.5,0
C18378,Constantine,Prepaid,36,1049.83,4.86,19,1,2,-20.0,0
C18379,Batna,Prepaid,23,1563.52,14.28,21,1,4,28.6,0
C18380,Annaba,Postpaid,43,2516.42,11.19,8,0,1,23.0,0
C18381,Blida,Postpaid,10,1698.45,10.35,68,1,1,30.2,0
C18382,Chlef,Prepaid,17,1417.9,8.57,61,0,3,31.0,0
C18383,Ouargla,Postpaid,6,2057.79,27.07,35,1,2,14.4,0
C18384,Biskra,Prepaid,5,400.0,5.32,61,0,2,53.8,1
C18385,Ouargla,Postpaid,10,2788.48,23.97,23,0,2,43.7,0
C18386,Blida,Prepaid,33,517.93,34.7,81,1,4,5.4,0
C18387,Ouargla,Prepaid,61,952.67,29.25,59,1,3,49.7,0
C18388,Tizi Ouzou,Postpaid,25,2721.39,19.75,16,1,1,34.2,0
C18389,Batna,Prepaid,13,1711.22,7.48,15,0,5,21.0,0
C18390,Tiaret,Prepaid,13,1447.08,40.36,49,1,1,-7.7,0
C18391,Annaba,Prepaid,31,770.93,17.22,70,0,2,-20.0,0
C18392,Algiers,Prepaid,20,734.8,2.54,39,0,3,-20.0,0
C18393,Tiaret,Prepaid,8,1661.06,5.43,26,1,3,34.5,1
C18394,Tlemcen,Postpaid,23,2785.98,16.42,81,0,1,-20.0,0
C18395,Blida,Prepaid,7,912.67,37.54,33,0,2,45.5,1
C18396,Tiaret,Prepaid,19,2508.14,43.35,47,0,1,3.0,0
C18397,Constantine,Prepaid,15,1369.59,19.27,19,0,3,21.8,0
C18398,Setif,Prepaid,11,845.28,1.09,45,1,4,38.8,1
C18399,Tizi Ouzou,Prepaid,36,1334.22,12.47,10,0,4,-11.2,0
C18400,Algiers,Prepaid,15,1842.81,40.98,2,2,3,3.3,0
C18401,Batna,Prepaid,16,756.53,20.32,45,3,2,32.9,1
C18402,Tiaret,Prepaid,4,1658.24,26.17,55,1,2,-20.0,1
C18403,Batna,Prepaid,22,1284.58,2.47,64,3,5,62.3,1
C18404,Chlef,Prepaid,9,934.93,7.4,22,2,5,1.7,1
C18405,Setif,Prepaid,22,1811.49,5.18,65,0,4,35.2,0
C18406,Chlef,Postpaid,6,2549.87,5.2,43,1,1,20.1,1
C18407,Tiaret,Prepaid,4,1410.02,6.13,2,1,5,26.6,1
C18408,Batna,Prepaid,28,1713.17,18.54,30,1,4,33.3,0
C18409,Annaba,Prepaid,11,1807.55,29.23,45,0,3,-6.0,0
C18410,Bejaia,Postpaid,27,2696.53,0.5,21,0,1,11.3,0
C18411,Constantine,Prepaid,35,1480.3,0.5,41,2,3,9.9,1
C18412,Chlef,Prepaid,1,1538.33,10.44,55,0,1,-0.3,0
C18413,Blida,Postpaid,24,2648.48,7.41,43,0,1,66.4,0
C18414,Blida,Prepaid,53,1853.66,15.03,43,0,1,9.5,0
C18415,Tiaret,Prepaid,8,1472.83,9.54,73,0,3,-13.1,0
C18416,Batna,Prepaid,24,1907.58,10.06,92,0,2,-0.4,0
C18417,Setif,Prepaid,32,1634.16,4.14,49,0,5,15.3,0
C18418,Ghardaia,Prepaid,1,1635.0,0.5,79,0,1,18.8,1
C18419,Ghardaia,Prepaid,23,2214.02,2.74,73,1,1,29.8,0
C18420,Bejaia,Postpaid,7,919.54,7.85,62,0,1,13.0,0
C18421,Tizi Ouzou,Postpaid,6,2800.52,27.3,56,0,1,-16.5,0
C18422,Ghardaia,Prepaid,13,1215.37,6.2,31,0,1,38.3,0
C18423,Chlef,Prepaid,11,2217.99,3.06,39,0,3,7.3,0
C18424,Constantine,Prepaid,14,1625.59,47.36,12,0,3,-3.5,0
C18425,Oran,Postpaid,6,2446.46,11.06,21,0,1,-12.8,0
C18426,Chlef,Prepaid,29,1292.14,8.37,56,0,3,-8.7,0
C18427,Constantine,Prepaid,16,673.0,0.91,8,0,4,65.7,0
C18428,Batna,Prepaid,35,1497.9,0.57,17,0,3,29.9,0
C18429,Setif,Prepaid,22,1105.68,21.81,40,0,4,0.7,0
C18430,Ghardaia,Prepaid,8,1320.73,34.15,34,1,2,-20.0,0
C18431,Setif,Prepaid,18,1423.58,11.78,49,1,3,13.8,0
C18432,Chlef,Prepaid,1,2252.76,3.52,59,1,5,28.9,1
C18433,Blida,Prepaid,28,2399.75,1.3,43,1,3,38.3,1
C18434,Batna,Prepaid,31,1798.15,0.71,31,1,2,-0.6,0
C18435,Algiers,Postpaid,7,3072.46,17.2,45,0,1,62.2,0
C18436,Ouargla,Prepaid,16,1173.25,9.15,2,0,2,13.4,0
C18437,Biskra,Prepaid,44,1624.37,3.72,50,0,3,-20.0,0
C18438,Chlef,Prepaid,15,1110.77,9.9,62,0,2,38.5,0
C18439,Tlemcen,Prepaid,13,1034.99,4.28,71,0,2,18.6,0
C18440,Tiaret,Prepaid,6,1265.6,5.46,36,1,4,9.9,1
C18441,Constantine,Prepaid,9,905.28,7.76,18,0,3,-12.9,0
C18442,Tizi Ouzou,Prepaid,3,1394.89,2.04,57,0,3,19.5,0
C18443,Algiers,Prepaid,13,998.86,19.18,40,1,3,1.2,0
C18444,Bejaia,Prepaid,16,939.22,7.49,71,0,1,62.8,0
C18445,Ghardaia,Prepaid,29,1269.02,17.99,59,0,3,-20.0,0
C18446,Blida,Prepaid,6,1529.16,16.11,34,0,4,21.2,0
C18447,Ouargla,Postpaid,1,2162.03,3.14,53,0,1,46.2,0
C18448,Bejaia,Prepaid,20,1452.85,0.5,63,1,1,-13.2,0
C18449,Annaba,Postpaid,11,3093.62,11.36,20,0,1,-2.4,0
C18450,Blida,Prepaid,15,1556.18,5.53,58,1,4,-2.0,0
C18451,Tiaret,Prepaid,5,1836.63,0.69,37,0,2,26.8,1
C18452,Oran,Prepaid,28,1441.78,14.79,41,0,1,-20.0,0
C18453,Biskra,Prepaid,1,1308.47,21.96,37,1,2,32.4,1
C18454,Chlef,Postpaid,1,2892.7,85.0,43,0,1,28.7,0
C18455,Ghardaia,Prepaid,16,1632.95,18.72,85,1,2,14.2,0
C18456,Tlemcen,Prepaid,33,1662.79,17.1,34,0,3,11.3,0
C18457,Annaba,Prepaid,7,997.37,5.18,74,1,2,36.1,1
C18458,Chlef,Prepaid,26,1914.51,23.95,54,0,5,-6.9,0
C18459,Biskra,Prepaid,9,1178.65,27.73,49,2,3,2.8,1
C18460,Batna,Prepaid,30,2309.46,8.96,73,1,3,39.6,0
C18461,Ouargla,Prepaid,26,1666.69,1.2,47,1,2,19.4,0
C18462,Chlef,Prepaid,12,1594.52,6.45,87,0,6,-20.0,0
C18463,Constantine,Prepaid,16,1392.29,0.5,34,1,4,44.5,1
C18464,Bejaia,Prepaid,8,1537.55,3.37,35,0,2,4.1,1
C18465,Setif,Prepaid,45,1632.23,28.11,50,0,2,27.7,0
C18466,Blida,Prepaid,12,1959.29,11.83,33,0,3,-0.4,0
C18467,Tlemcen,Prepaid,11,2500.22,1.49,60,0,2,18.6,1
C18468,Biskra,Prepaid,20,1865.07,47.18,46,0,1,24.5,0
C18469,Blida,Postpaid,15,3293.96,11.54,37,0,1,80.0,0
C18470,Oran,Postpaid,7,970.24,18.14,48,0,1,26.2,0
C18471,Oran,Prepaid,16,1437.95,3.72,78,0,1,44.1,1
C18472,Chlef,Prepaid,46,1158.17,3.51,22,0,1,-13.8,0
C18473,Biskra,Prepaid,20,876.66,12.09,58,0,4,4.2,0
C18474,Oran,Postpaid,1,2373.27,20.9,62,1,1,16.0,0
C18475,Algiers,Prepaid,23,1623.79,2.95,60,1,5,-20.0,0
C18476,Ghardaia,Prepaid,37,1565.15,0.5,35,1,1,-1.7,0
C18477,Constantine,Postpaid,1,3036.71,1.34,30,1,1,60.1,1
C18478,Constantine,Postpaid,9,2293.4,1.46,61,1,1,78.1,1
C18479,Ghardaia,Postpaid,43,2531.99,8.74,78,0,1,-20.0,0
C18480,Algiers,Prepaid,5,833.15,19.22,61,0,5,-3.3,0
C18481,Annaba,Prepaid,6,870.35,59.74,55,0,5,14.3,0
C18482,Oran,Prepaid,6,465.8,7.82,62,0,2,-8.5,0
C18483,Batna,Prepaid,7,2154.98,47.76,14,1,3,-20.0,0
C18484,Annaba,Prepaid,37,1576.92,32.07,17,0,2,15.2,0
C18485,Oran,Prepaid,17,421.62,4.52,45,0,2,-14.2,0
C18486,Algiers,Prepaid,6,2166.57,1.35,22,0,3,-11.2,0
C18487,Bejaia,Postpaid,10,3074.8,12.45,61,1,1,9.0,0
C18488,Biskra,Prepaid,5,1338.51,9.02,48,1,1,36.2,1
C18489,Ghardaia,Prepaid,66,3176.81,32.25,36,0,3,-6.7,0
C18490,Tlemcen,Postpaid,26,2446.5,6.79,76,1,1,-10.1,0
C18491,Biskra,Prepaid,21,1125.55,7.39,33,1,5,12.0,0
C18492,Batna,Prepaid,29,1125.36,9.38,68,0,3,41.0,0
C18493,Chlef,Prepaid,5,696.09,6.27,13,0,3,52.0,1
C18494,Bejaia,Prepaid,7,1638.85,13.7,86,0,3,30.3,1
C18495,Tiaret,Postpaid,12,2610.18,1.28,18,1,1,24.0,0
C18496,Bejaia,Postpaid,20,2851.95,2.24,84,1,1,57.0,0
C18497,Setif,Prepaid,31,1246.63,53.31,28,1,6,51.3,0
C18498,Algiers,Prepaid,16,669.91,9.55,39,0,3,14.1,0
C18499,Blida,Prepaid,18,2218.94,10.93,63,0,3,44.4,0
C18500,Annaba,Prepaid,19,1967.76,1.28,53,1,4,24.8,0
C18501,Bejaia,Prepaid,16,1843.52,11.4,46,0,4,53.7,0
C18502,Tiaret,Prepaid,20,1206.76,35.41,64,1,2,5.6,0
C18503,Oran,Prepaid,11,1834.43,20.25,69,0,1,3.6,1
C18504,Algiers,Prepaid,31,1437.73,0.85,70,0,1,4.7,0
C18505,Tizi Ouzou,Postpaid,22,1804.68,9.48,46,1,1,-20.0,0
C18506,Tizi Ouzou,Postpaid,10,2343.77,1.16,60,0,1,40.9,0
C18507,Annaba,Prepaid,19,2218.45,14.44,63,0,4,-19.7,0
C18508,Biskra,Prepaid,13,1705.71,31.62,21,0,6,34.7,0
C18509,Batna,Prepaid,24,974.46,2.32,2,0,4,16.3,0
C18510,Tizi Ouzou,Prepaid,6,1439.72,16.83,8,0,1,24.4,0
C18511,Tizi Ouzou,Prepaid,29,1600.02,9.99,57,0,3,-7.7,0
C18512,Ghardaia,Postpaid,12,2413.01,4.08,15,0,1,58.2,0
C18513,Oran,Prepaid,17,1091.46,1.66,74,0,1,30.2,0
C18514,Batna,Prepaid,22,1546.71,16.13,71,0,4,26.9,0
C18515,Ouargla,Prepaid,26,1350.02,12.66,68,0,2,64.5,0
C18516,Biskra,Postpaid,22,1949.87,23.53,37,0,1,20.4,0
C18517,Algiers,Postpaid,16,1601.93,4.97,52,0,1,-5.1,0
C18518,Blida,Prepaid,5,1942.87,21.46,71,0,1,-4.6,0
C18519,Chlef,Prepaid,22,1476.24,16.46,31,1,2,-11.4,0
C18520,Tiaret,Prepaid,26,1535.38,20.55,51,1,5,-2.0,0
C18521,Tizi Ouzou,Prepaid,43,400.0,0.66,65,1,2,-6.6,1
C18522,Tlemcen,Prepaid,33,400.0,16.38,62,0,3,17.6,0
C18523,Ghardaia,Prepaid,11,791.29,26.76,40,0,4,15.1,0
C18524,Blida,Postpaid,12,2428.12,5.83,69,0,1,-1.0,0
C18525,Ouargla,Prepaid,14,1543.44,5.04,47,1,3,-20.0,0
C18526,Tiaret,Prepaid,50,1927.76,15.65,43,0,4,71.6,0
C18527,Algiers,Prepaid,3,1192.43,27.36,73,0,4,22.3,0
C18528,Ghardaia,Prepaid,6,1166.17,2.67,94,2,5,46.2,1
C18529,Bejaia,Prepaid,3,1468.13,56.54,51,1,2,17.2,1
C18530,Setif,Prepaid,4,1427.12,3.47,33,1,2,21.5,1
C18531,Chlef,Postpaid,10,3553.46,29.3,87,0,1,5.1,0
C18532,Algiers,Postpaid,21,2071.45,21.19,51,0,1,8.9,0
C18533,Tiaret,Prepaid,27,1374.04,15.57,17,1,4,-6.8,0
C18534,Oran,Prepaid,21,2133.82,26.97,40,0,7,-11.9,0
C18535,Ghardaia,Postpaid,29,3389.65,13.87,35,0,1,17.3,0
C18536,Setif,Prepaid,27,1532.45,0.75,61,1,3,13.2,0
C18537,Oran,Prepaid,24,1750.06,0.5,52,0,1,-5.4,0
C18538,Annaba,Postpaid,5,2988.87,14.26,35,0,1,39.1,1
C18539,Chlef,Prepaid,32,1065.88,11.04,53,0,2,10.0,0
C18540,Oran,Prepaid,23,1746.18,0.69,29,0,3,6.7,0
C18541,Oran,Prepaid,22,1159.21,6.02,55,0,5,8.5,0
C18542,Tiaret,Postpaid,15,2926.31,13.57,7,1,1,-11.1,0
C18543,Annaba,Prepaid,23,1224.92,14.7,76,1,4,11.7,0
C18544,Chlef,Prepaid,27,1279.1,0.95,31,0,4,41.1,0
C18545,Tlemcen,Prepaid,5,1516.21,2.24,27,0,1,16.4,1
C18546,Annaba,Prepaid,17,1230.48,19.7,29,1,4,37.9,0
C18547,Annaba,Prepaid,11,2472.49,10.58,60,0,6,6.7,0
C18548,Chlef,Postpaid,7,3105.75,9.35,74,0,1,5.7,0
C18549,Biskra,Postpaid,6,2674.51,8.92,48,0,1,5.7,0
C18550,Annaba,Postpaid,40,2461.56,9.91,57,2,1,36.1,0
C18551,Bejaia,Prepaid,22,1662.14,18.63,62,1,5,20.7,0
C18552,Biskra,Prepaid,24,1211.69,16.76,5,0,3,49.6,0
C18553,Constantine,Postpaid,8,2933.73,39.07,77,0,1,-20.0,0
C18554,Chlef,Prepaid,23,1527.87,24.74,66,2,4,85.0,1
C18555,Tiaret,Prepaid,4,1191.35,3.54,53,0,2,-2.1,1
C18556,Chlef,Prepaid,7,1610.49,36.04,40,1,1,-7.0,1
C18557,Tlemcen,Prepaid,4,631.37,10.04,14,0,1,-10.3,0
C18558,Tiaret,Prepaid,10,1268.82,33.49,48,1,1,13.7,1
C18559,Oran,Postpaid,34,3248.75,4.12,33,1,2,-3.2,0
C18560,Ouargla,Prepaid,16,1238.11,15.33,19,0,5,-20.0,0
C18561,Biskra,Prepaid,17,1476.81,48.79,49,0,3,44.6,0
C18562,Bejaia,Prepaid,6,1089.22,44.14,69,1,3,-6.5,0
C18563,Blida,Prepaid,16,1554.0,8.48,34,0,4,41.4,0
C18564,Biskra,Postpaid,41,2659.57,8.53,7,1,1,-13.9,0
C18565,Batna,Postpaid,28,2810.27,28.5,11,0,1,-9.3,0
C18566,Tiaret,Prepaid,13,1047.0,23.03,55,0,2,3.6,0
C18567,Biskra,Prepaid,56,1880.35,16.38,64,1,4,25.5,0
C18568,Tlemcen,Prepaid,4,1919.3,3.25,31,0,2,36.1,1
C18569,Tizi Ouzou,Prepaid,10,1290.01,23.63,23,0,3,36.3,1
C18570,Oran,Postpaid,15,2935.96,5.36,63,0,1,-11.5,0
C18571,Constantine,Prepaid,23,986.29,2.46,2,1,1,11.2,1
C18572,Ouargla,Prepaid,30,1528.12,11.71,66,0,2,18.2,0
C18573,Constantine,Prepaid,51,585.97,43.01,76,0,4,31.3,0
C18574,Chlef,Prepaid,34,1550.09,20.91,38,1,1,-5.3,0
C18575,Tlemcen,Postpaid,19,2980.66,26.62,67,1,1,62.1,0
C18576,Chlef,Prepaid,6,1879.61,4.44,47,0,3,28.8,1
C18577,Blida,Prepaid,14,1636.76,35.87,91,0,4,-20.0,0
C18578,Biskra,Prepaid,35,786.95,18.17,18,2,4,-9.7,1
C18579,Constantine,Prepaid,18,1374.1,11.71,73,1,3,31.3,0
C18580,Chlef,Prepaid,4,751.39,22.42,25,0,6,22.4,1
C18581,Bejaia,Prepaid,23,2062.06,29.11,95,0,1,-11.5,0
C18582,Batna,Prepaid,33,1640.18,10.61,36,0,2,53.0,0
C18583,Tizi Ouzou,Prepaid,38,2088.5,29.12,26,1,3,10.5,0
C18584,Blida,Prepaid,16,1963.21,11.19,31,0,4,-2.3,0
C18585,Tizi Ouzou,Prepaid,10,1695.33,6.38,64,0,3,6.2,0
C18586,Blida,Prepaid,29,873.1,0.96,59,0,1,-19.7,0
C18587,Chlef,Postpaid,11,2687.87,38.68,11,0,1,21.7,0
C18588,Blida,Prepaid,36,1700.72,2.39,65,0,3,26.8,0
C18589,Ghardaia,Prepaid,16,1168.13,2.83,42,0,3,-20.0,0
C18590,Blida,Prepaid,13,1553.91,1.16,18,1,3,-17.9,0
C18591,Tlemcen,Postpaid,22,2082.78,7.81,2,0,1,-14.3,0
C18592,Ouargla,Prepaid,12,1370.55,19.11,38,0,4,3.0,0
C18593,Biskra,Prepaid,18,1930.72,5.14,100,0,2,-1.2,0
C18594,Tlemcen,Prepaid,22,2029.57,6.85,21,0,3,16.8,0
C18595,Ghardaia,Postpaid,21,1285.45,1.5,38,0,1,3.8,0
C18596,Tiaret,Prepaid,16,1423.2,6.22,67,0,4,51.9,0
C18597,Blida,Prepaid,2,914.93,5.75,53,1,2,-13.1,1
C18598,Bejaia,Prepaid,14,1361.82,24.84,81,1,3,-0.4,0
C18599,Annaba,Prepaid,7,1659.91,68.59,83,1,5,-14.2,0
C18600,Bejaia,Prepaid,7,1920.91,16.7,40,2,2,-20.0,1
C18601,Chlef,Prepaid,15,1110.69,23.19,55,0,1,10.4,0
C18602,Annaba,Postpaid,9,1884.56,3.85,60,2,1,29.4,1
C18603,Tlemcen,Postpaid,19,3690.24,22.04,68,0,1,61.2,0
C18604,Ouargla,Prepaid,25,1872.83,2.93,7,0,1,57.0,0
C18605,Chlef,Prepaid,14,1515.88,9.65,27,1,4,46.1,0
C18606,Tizi Ouzou,Prepaid,29,1213.28,3.23,71,0,1,19.6,0
C18607,Tiaret,Prepaid,12,2348.25,25.46,48,0,5,10.3,0
C18608,Setif,Prepaid,38,1389.47,34.29,29,1,7,25.7,0
C18609,Blida,Prepaid,13,1148.76,9.63,74,0,2,9.9,0
C18610,Batna,Postpaid,31,1148.82,3.99,29,0,1,27.1,0
C18611,Batna,Prepaid,10,1131.76,22.06,59,0,3,-12.4,0
C18612,Tlemcen,Prepaid,37,1683.61,38.65,24,0,2,8.2,0
C18613,Algiers,Prepaid,23,1173.37,40.95,42,0,1,-6.5,0
C18614,Tiaret,Prepaid,19,1705.3,0.5,72,1,4,52.2,1
C18615,Algiers,Prepaid,68,1974.22,19.92,122,0,3,40.5,0
C18616,Setif,Prepaid,3,1900.22,19.61,56,0,3,23.7,0
C18617,Bejaia,Prepaid,33,1459.62,2.44,42,0,6,-14.3,0
C18618,Algiers,Prepaid,10,1888.47,1.35,45,0,3,6.6,0
C18619,Chlef,Prepaid,16,1745.38,21.6,55,0,1,9.7,0
C18620,Constantine,Prepaid,7,1898.88,7.88,43,0,1,10.5,1
C18621,Tizi Ouzou,Prepaid,10,917.84,18.93,15,0,2,29.3,1
C18622,Setif,Postpaid,10,2119.63,37.56,48,1,1,-10.8,0
C18623,Algiers,Postpaid,18,3711.14,12.72,57,0,1,48.8,0
C18624,Setif,Prepaid,18,965.44,0.88,8,0,2,19.3,0
C18625,Annaba,Prepaid,25,748.98,7.11,43,0,4,23.4,0
C18626,Annaba,Prepaid,21,1626.63,15.77,18,0,4,18.5,0
C18627,Ghardaia,Prepaid,24,1966.36,2.47,79,2,3,40.0,1
C18628,Blida,Postpaid,40,2298.44,3.33,49,1,1,13.0,0
C18629,Algiers,Prepaid,11,1168.6,37.95,52,0,4,23.9,1
C18630,Ouargla,Prepaid,5,1463.61,2.49,38,1,4,44.6,1
C18631,Ghardaia,Prepaid,22,2114.32,22.39,59,1,2,44.9,0
C18632,Tiaret,Postpaid,22,1270.12,15.25,41,0,1,-10.9,0
C18633,Ghardaia,Postpaid,15,2936.81,8.6,42,1,1,27.9,0
C18634,Setif,Prepaid,22,815.14,16.19,71,1,3,55.8,0
C18635,Tizi Ouzou,Postpaid,34,1610.26,12.19,58,0,1,27.1,0
C18636,Chlef,Prepaid,12,1363.14,9.74,33,0,1,43.1,0
C18637,Chlef,Prepaid,23,1549.91,2.56,7,1,5,64.4,0
C18638,Chlef,Prepaid,5,1365.31,2.77,45,0,4,6.0,0
C18639,Bejaia,Prepaid,7,1611.3,7.84,44,0,2,4.3,0
C18640,Tizi Ouzou,Prepaid,7,1697.9,3.86,56,1,1,28.0,1
C18641,Bejaia,Postpaid,6,2995.38,0.5,27,0,1,4.0,0
C18642,Constantine,Postpaid,10,2170.91,15.98,3,1,1,25.9,0
C18643,Oran,Prepaid,15,1522.01,18.09,51,0,2,-5.0,0
C18644,Algiers,Prepaid,12,400.0,3.71,56,0,4,6.8,0
C18645,Batna,Prepaid,28,1347.46,5.4,32,0,3,-3.9,0
C18646,Blida,Prepaid,19,1662.25,7.49,55,1,2,-14.1,0
C18647,Constantine,Prepaid,21,1344.51,23.81,59,1,1,36.5,0
C18648,Constantine,Prepaid,24,1685.35,1.57,2,0,1,44.0,0
C18649,Setif,Postpaid,4,3051.78,5.84,9,1,1,-8.4,0
C18650,Blida,Prepaid,19,2018.42,2.65,2,0,4,26.3,0
C18651,Tizi Ouzou,Prepaid,22,1111.07,5.37,33,1,4,15.2,0
C18652,Bejaia,Prepaid,16,2010.01,71.69,31,1,2,-12.1,0
C18653,Annaba,Prepaid,10,1849.61,20.19,25,1,3,20.2,1
C18654,Annaba,Postpaid,34,2871.1,4.18,76,0,1,15.7,0
C18655,Setif,Prepaid,34,2529.8,20.06,79,1,2,35.2,1
C18656,Ouargla,Prepaid,39,2112.86,35.49,26,1,3,10.5,0
C18657,Setif,Prepaid,27,1574.81,20.78,47,0,1,47.2,0
C18658,Oran,Prepaid,1,1138.89,0.56,62,1,3,38.7,1
C18659,Bejaia,Prepaid,19,1962.04,25.9,33,1,4,14.6,0
C18660,Tlemcen,Postpaid,3,2497.36,15.35,67,0,1,4.0,0
C18661,Bejaia,Prepaid,14,1857.61,3.11,46,1,4,-2.1,0
C18662,Tizi Ouzou,Prepaid,58,1405.43,38.5,56,0,7,-0.8,0
C18663,Annaba,Prepaid,7,1116.9,27.71,28,1,2,21.4,0
C18664,Tiaret,Prepaid,21,462.81,3.82,50,2,3,22.6,1
C18665,Oran,Prepaid,9,1284.96,3.2,61,0,2,41.6,1
C18666,Tiaret,Prepaid,72,1176.36,7.96,54,0,2,55.8,0
C18667,Blida,Prepaid,13,1290.06,50.56,38,1,3,-20.0,0
C18668,Ouargla,Prepaid,23,1043.42,34.24,26,0,2,33.5,0
C18669,Batna,Postpaid,9,2845.25,24.54,63,1,1,-7.9,0
C18670,Constantine,Postpaid,51,2524.75,12.75,52,0,1,15.9,0
C18671,Batna,Postpaid,1,1599.05,6.63,43,1,1,7.6,0
C18672,Ghardaia,Prepaid,34,1646.86,15.76,44,2,4,58.6,1
C18673,Tizi Ouzou,Postpaid,33,2468.77,5.23,51,1,1,29.0,0
C18674,Tiaret,Prepaid,15,1619.42,5.56,75,0,2,68.7,0
C18675,Tiaret,Prepaid,5,525.66,0.96,93,0,3,4.3,0
C18676,Bejaia,Postpaid,19,2367.3,4.84,48,0,1,28.0,0
C18677,Ghardaia,Prepaid,40,1239.58,2.91,51,0,3,30.3,0
C18678,Tizi Ouzou,Postpaid,18,3732.86,15.31,26,1,1,15.3,0
C18679,Oran,Postpaid,16,2966.59,24.32,59,1,1,20.3,0
C18680,Bejaia,Prepaid,27,1129.8,6.54,42,0,3,11.7,0
C18681,Biskra,Postpaid,17,1427.36,2.55,53,0,1,68.1,0
C18682,Setif,Prepaid,15,1570.24,45.84,45,0,2,5.3,0
C18683,Algiers,Prepaid,12,1318.88,6.65,25,1,4,37.1,0
C18684,Tiaret,Postpaid,39,2757.68,5.69,50,0,1,13.1,0
C18685,Ouargla,Prepaid,13,1329.92,2.88,59,0,6,33.0,0
C18686,Bejaia,Prepaid,23,1961.17,21.69,86,0,2,0.2,0
C18687,Tlemcen,Prepaid,12,1144.05,7.13,44,0,2,62.9,0
C18688,Oran,Prepaid,5,1434.67,21.79,77,0,3,37.7,0
C18689,Ouargla,Postpaid,14,2674.96,29.73,27,1,1,28.1,0
C18690,Algiers,Postpaid,24,2780.73,18.09,33,1,1,16.2,0
C18691,Tizi Ouzou,Prepaid,25,1871.32,12.26,43,0,2,-10.3,0
C18692,Ouargla,Prepaid,22,1114.72,1.93,41,1,3,14.7,0
C18693,Blida,Prepaid,19,1124.9,29.27,58,0,5,-16.2,0
C18694,Blida,Prepaid,2,2255.05,23.28,18,1,7,45.2,1
C18695,Tizi Ouzou,Prepaid,5,890.47,22.62,49,1,4,41.6,1
C18696,Ghardaia,Prepaid,53,1849.38,83.21,31,0,2,41.7,0
C18697,Tlemcen,Prepaid,18,415.99,26.09,27,1,3,11.3,0
C18698,Tlemcen,Prepaid,5,2208.5,4.01,64,1,4,25.8,1
C18699,Tizi Ouzou,Prepaid,15,2208.94,3.11,78,0,3,26.7,0
C18700,Ghardaia,Prepaid,9,1827.56,0.59,39,2,1,4.1,1
C18701,Oran,Prepaid,36,954.57,18.52,19,0,4,27.2,0
C18702,Ghardaia,Postpaid,37,2236.46,6.85,48,1,1,-17.0,0
C18703,Ouargla,Postpaid,6,2595.98,7.02,40,1,2,8.1,0
C18704,Annaba,Prepaid,15,1198.56,9.51,23,0,1,15.3,0
C18705,Tiaret,Postpaid,14,3013.02,37.29,44,0,1,-12.0,0
C18706,Biskra,Prepaid,8,2045.62,1.71,25,0,3,31.4,1
C18707,Ghardaia,Postpaid,11,3431.4,25.27,11,1,1,35.5,0
C18708,Bejaia,Prepaid,5,1265.83,9.39,35,0,5,85.0,1
C18709,Tizi Ouzou,Prepaid,24,1016.49,5.81,80,1,4,-12.3,0
C18710,Algiers,Prepaid,13,1333.11,4.81,32,0,4,9.6,0
C18711,Biskra,Prepaid,17,1391.83,14.13,12,1,2,31.1,0
C18712,Ouargla,Prepaid,26,1683.77,25.75,53,0,4,17.2,0
C18713,Biskra,Prepaid,12,1243.77,1.12,37,0,2,0.7,0
C18714,Tlemcen,Prepaid,14,1599.54,1.4,53,0,2,9.9,0
C18715,Algiers,Prepaid,24,1841.64,6.16,24,0,5,47.4,0
C18716,Setif,Prepaid,15,1594.19,27.41,55,4,3,30.3,1
C18717,Chlef,Prepaid,33,1595.78,24.68,71,0,4,-20.0,0
C18718,Algiers,Postpaid,16,1728.99,3.25,21,0,1,7.4,0
C18719,Blida,Prepaid,14,1564.0,3.43,43,1,4,43.3,0
C18720,Chlef,Prepaid,5,1387.71,6.93,40,0,3,2.5,0
C18721,Bejaia,Prepaid,8,987.24,10.43,53,1,5,6.9,1
C18722,Constantine,Prepaid,4,1155.58,30.27,47,0,3,9.2,0
C18723,Blida,Prepaid,13,2248.98,1.22,44,0,2,43.3,0
C18724,Chlef,Prepaid,14,1033.59,1.2,16,1,4,8.3,0
C18725,Tiaret,Prepaid,2,806.68,29.59,61,1,3,24.4,1
C18726,Annaba,Postpaid,44,3726.37,46.53,42,0,1,30.7,0
C18727,Constantine,Prepaid,6,1133.23,34.77,40,1,5,16.3,1
C18728,Algiers,Postpaid,14,2954.15,25.22,64,0,1,11.9,0
C18729,Biskra,Postpaid,32,2620.7,5.68,62,1,1,39.2,0
C18730,Tiaret,Prepaid,21,893.46,5.58,39,0,5,25.1,0
C18731,Tlemcen,Prepaid,32,2292.29,1.07,52,0,4,70.4,0
C18732,Batna,Prepaid,9,663.58,21.01,66,0,3,45.1,0
C18733,Ouargla,Prepaid,21,1310.09,1.81,54,1,3,27.0,1
C18734,Bejaia,Prepaid,19,474.78,26.27,41,0,2,-20.0,0
C18735,Bejaia,Prepaid,19,400.0,7.69,57,0,1,32.0,0
C18736,Chlef,Prepaid,23,1574.39,6.25,115,0,1,-4.5,0
C18737,Oran,Postpaid,35,1632.82,10.13,53,0,1,61.7,0
C18738,Annaba,Prepaid,20,1197.35,37.97,58,1,3,47.1,0
C18739,Tlemcen,Prepaid,20,1041.93,12.88,38,0,4,11.3,0
C18740,Setif,Prepaid,7,1787.55,19.36,85,1,5,13.5,0
C18741,Ouargla,Prepaid,25,1575.21,3.17,79,1,1,2.9,0
C18742,Tlemcen,Prepaid,16,1620.57,10.08,24,0,1,-0.8,0
C18743,Constantine,Postpaid,36,2517.29,2.76,23,0,1,41.1,0
C18744,Constantine,Prepaid,20,1462.7,31.81,34,0,5,29.0,0
C18745,Blida,Prepaid,53,1376.82,21.72,47,0,5,-20.0,0
C18746,Oran,Prepaid,4,917.34,18.38,2,1,3,25.1,1
C18747,Batna,Prepaid,30,1692.94,6.42,43,1,2,-20.0,0
C18748,Bejaia,Prepaid,25,1621.56,3.93,34,0,3,46.4,0
C18749,Tiaret,Prepaid,6,767.34,21.13,63,0,2,0.8,0
C18750,Algiers,Prepaid,22,1197.77,25.65,29,0,2,41.8,0
C18751,Chlef,Prepaid,24,1476.9,16.42,63,0,3,27.1,0
C18752,Tlemcen,Prepaid,1,847.16,9.19,78,0,4,-5.2,0
C18753,Setif,Prepaid,47,1240.4,26.14,48,0,3,30.6,0
C18754,Oran,Prepaid,9,1887.34,4.72,18,0,6,43.6,1
C18755,Tlemcen,Postpaid,14,3137.91,5.3,109,1,1,-15.6,0
C18756,Chlef,Prepaid,15,707.17,40.48,63,0,4,17.1,0
C18757,Tlemcen,Prepaid,14,506.73,14.8,43,1,1,59.9,1
C18758,Ouargla,Postpaid,19,2459.67,13.28,43,1,1,15.1,0
C18759,Tiaret,Prepaid,17,1820.0,14.76,4,0,5,-15.6,0
C18760,Constantine,Prepaid,27,501.62,13.05,51,0,5,-16.5,0
C18761,Ouargla,Prepaid,35,541.88,12.48,88,0,3,-1.9,0
C18762,Constantine,Prepaid,13,1202.86,15.87,68,0,3,46.4,0
C18763,Batna,Prepaid,42,923.22,5.18,42,0,4,26.0,0
C18764,Chlef,Prepaid,29,1689.85,24.2,62,1,3,-16.2,0
C18765,Annaba,Prepaid,19,1472.51,83.86,69,0,4,41.6,0
C18766,Batna,Prepaid,3,1528.2,26.72,2,1,3,27.0,1
C18767,Tlemcen,Postpaid,10,2957.29,4.09,33,1,1,-20.0,0
C18768,Biskra,Prepaid,22,1513.15,3.36,29,0,4,-20.0,0
C18769,Bejaia,Prepaid,8,1072.03,9.56,56,0,1,14.5,0
C18770,Annaba,Prepaid,9,1745.08,9.82,35,2,3,3.8,1
C18771,Chlef,Postpaid,45,2405.68,48.07,61,0,1,12.2,0
C18772,Bejaia,Prepaid,33,848.97,6.2,16,0,4,39.3,0
C18773,Tiaret,Prepaid,4,1630.27,11.17,19,1,4,7.3,1
C18774,Chlef,Postpaid,5,2648.39,24.97,27,0,1,-20.0,0
C18775,Annaba,Postpaid,25,2298.03,2.44,52,0,1,43.3,0
C18776,Annaba,Prepaid,34,2099.77,9.12,21,0,3,48.9,0
C18777,Oran,Prepaid,13,1083.65,8.69,55,0,2,55.5,0
C18778,Setif,Postpaid,26,3464.18,24.57,32,0,1,-5.5,0
C18779,Ouargla,Postpaid,3,3616.66,17.02,64,1,1,-14.8,0
C18780,Tlemcen,Prepaid,2,2295.67,8.76,35,2,1,26.4,1
C18781,Blida,Prepaid,1,1228.48,61.81,40,0,2,48.7,1
C18782,Biskra,Postpaid,15,2513.31,2.19,38,0,1,-11.6,0
C18783,Tizi Ouzou,Prepaid,24,906.74,3.18,21,2,1,-3.8,1
C18784,Bejaia,Prepaid,19,759.61,8.89,50,0,3,38.9,0
C18785,Oran,Prepaid,7,1775.5,17.83,68,0,1,-20.0,0
C18786,Oran,Postpaid,3,1258.31,8.7,64,1,1,-1.6,0
C18787,Biskra,Prepaid,1,421.94,20.52,37,0,2,-10.5,0
C18788,Tlemcen,Postpaid,19,1914.31,5.33,83,0,1,29.0,0
C18789,Tlemcen,Prepaid,9,865.29,10.07,46,0,2,40.3,1
C18790,Blida,Prepaid,22,1320.61,38.04,41,0,2,-20.0,0
C18791,Blida,Prepaid,13,1129.26,33.57,58,0,3,-0.7,0
C18792,Annaba,Prepaid,14,1639.61,10.5,66,0,3,-0.2,0
C18793,Blida,Postpaid,4,1423.52,4.35,46,2,1,-9.3,1
C18794,Blida,Prepaid,31,1459.58,3.99,48,1,3,5.1,0
C18795,Bejaia,Prepaid,14,517.47,5.26,80,0,3,15.8,0
C18796,Biskra,Postpaid,8,3404.92,30.89,7,1,1,3.1,0
C18797,Algiers,Prepaid,9,2073.99,8.73,61,0,1,16.2,1
C18798,Ouargla,Prepaid,4,1521.64,2.5,63,1,1,3.5,1
C18799,Setif,Prepaid,5,1481.32,35.62,52,0,4,-7.7,0
C18800,Constantine,Postpaid,23,2872.59,9.79,66,0,1,-9.7,0
C18801,Blida,Prepaid,17,1843.64,20.3,56,0,1,39.2,0
C18802,Bejaia,Postpaid,21,1443.26,9.62,83,0,1,-20.0,0
C18803,Ghardaia,Prepaid,12,1339.3,6.59,44,0,1,37.9,0
C18804,Ouargla,Prepaid,23,1311.02,5.41,80,0,4,26.1,0
C18805,Batna,Prepaid,60,1225.48,30.31,49,0,4,-3.0,0
C18806,Bejaia,Postpaid,23,3112.67,7.83,79,0,1,22.4,0
C18807,Constantine,Prepaid,8,1023.65,1.46,56,2,3,49.8,1
C18808,Batna,Prepaid,29,1436.47,14.61,57,0,1,-20.0,0
C18809,Algiers,Prepaid,19,1385.12,12.01,88,0,2,66.3,0
C18810,Tizi Ouzou,Prepaid,23,2186.53,1.62,58,0,4,14.2,0
C18811,Ghardaia,Prepaid,9,2211.15,11.07,27,0,1,12.3,1
C18812,Annaba,Prepaid,12,1935.58,16.41,55,0,3,-15.9,0
C18813,Annaba,Prepaid,27,614.83,0.5,41,0,2,-9.9,0
C18814,Biskra,Prepaid,28,1819.9,15.72,39,1,3,25.5,0
C18815,Blida,Prepaid,13,1946.85,27.43,62,0,2,35.9,0
C18816,Constantine,Postpaid,15,3134.69,19.74,31,0,1,11.1,0
C18817,Ouargla,Prepaid,18,1502.36,12.38,60,0,5,40.8,0
C18818,Tiaret,Prepaid,5,863.18,0.83,81,1,5,23.3,1
C18819,Ghardaia,Prepaid,25,1599.63,24.73,50,0,3,14.2,0
C18820,Oran,Prepaid,2,1231.2,3.63,42,0,3,38.2,1
C18821,Oran,Prepaid,48,1734.8,9.48,96,1,3,53.8,0
C18822,Tiaret,Prepaid,34,434.76,7.5,101,0,4,29.6,0
C18823,Algiers,Prepaid,28,2235.49,12.95,73,1,7,-20.0,0
C18824,Annaba,Prepaid,11,1393.59,1.95,28,1,5,18.6,1
C18825,Bejaia,Postpaid,32,3196.49,3.62,32,1,1,38.2,0
C18826,Tizi Ouzou,Postpaid,41,2568.73,9.09,41,0,1,-20.0,0
C18827,Constantine,Prepaid,28,526.8,8.0,9,0,3,2.0,0
C18828,Ghardaia,Postpaid,24,3108.81,20.29,50,1,1,-10.9,0
C18829,Ghardaia,Prepaid,25,1260.26,10.81,7,0,5,44.1,0
C18830,Ghardaia,Prepaid,1,840.99,2.18,23,1,3,-11.2,1
C18831,Setif,Postpaid,28,2870.45,9.25,65,1,1,9.6,0
C18832,Algiers,Postpaid,21,2787.29,25.8,37,0,1,38.2,0
C18833,Blida,Prepaid,11,1501.46,3.24,37,0,3,35.7,1
C18834,Tiaret,Postpaid,15,2837.43,7.62,40,0,1,19.9,0
C18835,Ouargla,Prepaid,28,1475.84,19.15,37,1,3,25.8,0
C18836,Oran,Prepaid,7,1613.69,2.13,50,0,1,-11.5,1
C18837,Setif,Prepaid,41,1336.51,77.36,34,0,1,30.7,0
C18838,Batna,Prepaid,16,1452.41,0.5,33,0,3,39.9,0
C18839,Batna,Prepaid,18,650.43,13.29,80,0,3,60.2,0
C18840,Algiers,Prepaid,40,1370.03,46.38,30,0,3,11.8,0
C18841,Blida,Prepaid,1,1037.6,27.45,12,0,1,3.4,0
C18842,Annaba,Prepaid,16,2165.38,1.39,59,1,2,-16.4,1
C18843,Tiaret,Prepaid,30,1913.9,0.67,53,0,1,35.1,0
C18844,Chlef,Prepaid,40,1063.61,44.4,67,0,2,10.5,0
C18845,Annaba,Postpaid,20,1917.4,29.84,50,1,1,71.6,0
C18846,Annaba,Prepaid,7,1603.84,36.93,43,0,5,26.6,0
C18847,Chlef,Prepaid,16,2406.79,5.87,11,0,2,3.8,0
C18848,Chlef,Prepaid,5,612.47,4.28,32,0,4,-0.7,0
C18849,Ouargla,Prepaid,9,1263.84,5.21,55,2,4,35.5,1
C18850,Setif,Prepaid,10,2652.94,17.35,111,0,5,6.7,0
C18851,Chlef,Postpaid,9,3158.3,26.51,69,0,1,2.5,0
C18852,Batna,Prepaid,5,2053.71,4.6,54,0,3,15.8,0
C18853,Bejaia,Prepaid,10,1791.51,7.07,47,0,3,17.9,0
C18854,Tiaret,Prepaid,22,923.59,7.26,81,0,3,18.6,0
C18855,Constantine,Prepaid,28,1530.46,18.1,51,1,4,62.3,0
C18856,Tiaret,Prepaid,27,705.35,11.37,41,1,5,30.8,0
C18857,Tiaret,Prepaid,30,1887.74,2.35,71,0,3,15.0,0
C18858,Biskra,Prepaid,4,1591.28,5.89,38,0,1,10.5,0
C18859,Algiers,Prepaid,40,1278.57,10.35,2,0,3,42.7,0
C18860,Tlemcen,Prepaid,16,2045.62,10.33,56,1,2,27.0,0
C18861,Bejaia,Prepaid,19,2007.33,12.26,45,1,3,44.5,0
C18862,Tizi Ouzou,Prepaid,14,2103.32,9.02,44,0,3,25.8,0
C18863,Biskra,Prepaid,35,1956.18,31.67,66,1,5,54.1,0
C18864,Chlef,Prepaid,19,1610.35,11.07,73,1,6,4.7,0
C18865,Algiers,Prepaid,4,1188.57,13.8,63,0,1,0.5,0
C18866,Setif,Prepaid,23,1046.26,1.4,5,0,1,33.1,0
C18867,Constantine,Prepaid,3,1856.62,20.22,44,0,5,63.7,1
C18868,Algiers,Postpaid,15,2874.1,36.74,22,0,1,35.1,0
C18869,Setif,Prepaid,10,1707.34,12.41,22,0,1,19.0,0
C18870,Annaba,Postpaid,15,2279.63,33.7,40,1,1,-3.4,0
C18871,Ouargla,Prepaid,4,875.27,3.88,62,0,5,-2.0,1
C18872,Tiaret,Prepaid,7,1018.82,8.13,38,0,3,-14.5,0
C18873,Bejaia,Prepaid,42,1408.25,4.16,52,1,1,-12.3,0
C18874,Setif,Prepaid,25,2226.14,12.67,50,0,3,42.6,0
C18875,Algiers,Postpaid,20,2761.86,3.09,49,1,1,-19.9,0
C18876,Batna,Prepaid,14,1853.1,17.58,26,0,4,54.8,0
C18877,Biskra,Prepaid,7,1029.43,4.42,91,0,4,-5.5,0
C18878,Algiers,Prepaid,13,1266.13,5.76,40,0,5,13.8,0
C18879,Oran,Postpaid,17,1466.04,7.48,73,1,1,13.7,0
C18880,Tlemcen,Prepaid,11,536.27,1.47,81,0,5,-20.0,1
C18881,Biskra,Prepaid,14,1865.69,5.46,58,1,2,1.4,0
C18882,Setif,Prepaid,5,1962.45,9.79,54,0,2,56.3,1
C18883,Biskra,Prepaid,11,971.45,8.43,65,0,4,4.9,1
C18884,Ghardaia,Prepaid,13,735.1,9.87,48,0,5,-2.5,0
C18885,Tizi Ouzou,Prepaid,22,1078.19,1.93,29,1,1,22.4,1
C18886,Biskra,Prepaid,13,687.87,8.11,66,0,4,48.5,0
C18887,Blida,Prepaid,70,942.21,12.63,59,0,1,47.4,0
C18888,Ghardaia,Prepaid,9,1334.71,14.21,14,0,1,14.7,0
C18889,Oran,Prepaid,19,1764.26,15.13,28,0,6,56.6,0
C18890,Algiers,Prepaid,15,1465.44,17.12,36,1,2,36.7,0
C18891,Setif,Prepaid,6,1102.8,0.51,51,0,4,20.5,0
C18892,Ghardaia,Postpaid,9,3517.76,15.15,67,0,1,9.1,0
C18893,Tizi Ouzou,Prepaid,31,1218.46,3.41,47,1,4,25.2,0
C18894,Biskra,Prepaid,3,1469.87,10.71,28,0,3,13.2,0
C18895,Tlemcen,Prepaid,18,499.89,22.95,47,0,4,31.8,0
C18896,Annaba,Prepaid,15,724.08,11.41,44,0,2,-4.6,0
C18897,Tlemcen,Prepaid,44,1891.29,26.96,48,0,4,-20.0,0
C18898,Chlef,Postpaid,45,3668.8,6.37,63,0,1,28.1,0
C18899,Tiaret,Prepaid,26,1298.38,0.5,49,2,2,10.5,1
C18900,Oran,Prepaid,5,2004.96,30.66,20,0,5,22.7,0
C18901,Tizi Ouzou,Prepaid,56,1191.82,0.5,39,0,1,-20.0,0
C18902,Blida,Prepaid,49,2157.28,20.13,29,1,3,58.9,1
C18903,Batna,Prepaid,4,2137.14,21.79,22,0,4,-20.0,0
C18904,Ghardaia,Postpaid,7,2618.03,39.9,58,0,1,-9.1,0
C18905,Bejaia,Prepaid,10,1637.44,19.59,31,0,3,49.8,0
C18906,Chlef,Postpaid,27,2223.04,16.95,25,1,1,5.3,0
C18907,Oran,Prepaid,4,1699.15,3.3,53,0,3,-0.2,0
C18908,Constantine,Prepaid,15,1503.32,26.92,38,1,3,18.7,0
C18909,Annaba,Postpaid,14,2865.27,8.96,14,0,1,38.9,0
C18910,Chlef,Prepaid,6,1650.47,7.57,91,0,1,32.5,0
C18911,Batna,Prepaid,5,1411.12,8.27,15,0,1,0.4,0
C18912,Chlef,Prepaid,35,923.29,21.25,55,0,4,39.9,0
C18913,Tizi Ouzou,Postpaid,12,2066.01,21.51,29,1,1,1.8,0
C18914,Tiaret,Prepaid,6,2126.29,8.16,35,1,3,39.1,1
C18915,Algiers,Prepaid,11,1315.79,0.5,25,0,2,23.0,1
C18916,Algiers,Postpaid,44,2819.82,17.98,49,0,1,-17.1,0
C18917,Annaba,Postpaid,18,2707.13,16.92,69,0,1,-15.6,0
C18918,Tizi Ouzou,Prepaid,6,1772.28,30.1,35,0,6,2.3,0
C18919,Chlef,Prepaid,23,1158.98,46.52,81,0,3,21.7,0
C18920,Setif,Postpaid,10,3303.26,34.93,58,1,2,-12.8,0
C18921,Blida,Prepaid,25,1638.44,2.82,36,0,4,16.9,0
C18922,Batna,Prepaid,7,1783.08,1.49,67,0,3,17.1,0
C18923,Tlemcen,Postpaid,29,3157.33,12.4,25,0,1,-14.0,0
C18924,Tiaret,Prepaid,17,868.47,1.8,37,0,3,65.0,0
C18925,Constantine,Postpaid,10,2416.36,18.64,73,1,1,40.4,1
C18926,Algiers,Prepaid,6,856.68,0.5,44,0,2,-2.4,0
C18927,Blida,Prepaid,34,2358.13,48.43,2,0,2,30.0,0
C18928,Biskra,Prepaid,10,2115.32,51.1,21,1,1,21.5,1
C18929,Blida,Postpaid,35,1198.41,4.01,55,1,1,0.4,0
C18930,Blida,Prepaid,28,1087.4,24.76,62,1,3,24.4,0
C18931,Biskra,Prepaid,4,1022.89,1.44,51,0,4,37.5,1
C18932,Setif,Postpaid,33,4348.39,10.37,5,1,1,47.4,0
C18933,Annaba,Postpaid,9,2308.28,9.7,85,1,1,20.8,0
C18934,Chlef,Postpaid,72,2739.63,12.46,18,0,1,12.1,0
C18935,Setif,Prepaid,14,1046.1,2.74,44,2,3,22.2,1
C18936,Ouargla,Prepaid,15,1178.58,2.39,19,0,5,18.6,0
C18937,Algiers,Prepaid,70,872.43,14.88,44,1,3,40.8,0
C18938,Biskra,Prepaid,65,1600.65,12.06,82,1,2,31.1,0
C18939,Setif,Prepaid,15,1309.31,5.06,45,0,5,-20.0,0
C18940,Tizi Ouzou,Prepaid,23,1292.19,17.35,53,0,2,-12.4,0
C18941,Tlemcen,Prepaid,41,2164.32,0.5,55,0,4,31.1,0
C18942,Tizi Ouzou,Prepaid,50,1646.09,3.68,50,0,2,-18.5,0
C18943,Ghardaia,Prepaid,28,1447.77,21.86,52,0,2,21.5,0
C18944,Algiers,Prepaid,18,2004.31,45.25,60,0,1,20.4,0
C18945,Chlef,Prepaid,2,1404.27,22.87,57,0,1,23.1,1
C18946,Setif,Prepaid,50,1771.05,9.96,39,0,4,22.2,0
C18947,Annaba,Prepaid,41,1373.74,2.21,44,0,1,3.7,0
C18948,Constantine,Prepaid,14,1301.38,9.39,64,1,5,10.5,0
C18949,Blida,Prepaid,29,885.26,3.75,27,0,4,-8.9,0
C18950,Tizi Ouzou,Prepaid,18,1712.68,9.1,37,0,4,49.1,0
C18951,Tlemcen,Prepaid,42,1661.25,4.85,28,1,1,4.9,1
C18952,Biskra,Prepaid,26,1264.37,6.23,58,0,4,41.4,0
C18953,Constantine,Prepaid,11,974.89,15.53,45,0,2,-2.7,0
C18954,Oran,Prepaid,30,1452.91,4.83,41,0,4,-9.5,0
C18955,Tiaret,Prepaid,20,1962.38,29.84,31,3,5,9.7,1
C18956,Tlemcen,Postpaid,34,2863.45,13.88,61,1,1,7.1,0
C18957,Chlef,Prepaid,7,400.0,18.8,60,2,3,-14.5,0
C18958,Biskra,Postpaid,33,3257.09,16.89,63,0,1,7.0,0
C18959,Bejaia,Postpaid,22,2659.53,47.24,47,0,1,44.5,0
C18960,Ghardaia,Prepaid,23,1565.23,31.58,36,1,4,9.5,0
C18961,Biskra,Prepaid,34,1909.44,9.61,30,0,5,31.0,0
C18962,Biskra,Prepaid,8,2126.04,11.57,38,0,2,-4.6,0
C18963,Annaba,Prepaid,54,1834.19,7.53,26,0,2,22.9,0
C18964,Tlemcen,Prepaid,11,911.49,12.1,5,1,2,-20.0,0
C18965,Annaba,Prepaid,39,1647.26,61.02,31,1,3,-20.0,0
C18966,Bejaia,Postpaid,24,3011.26,3.07,43,2,1,-10.4,0
C18967,Constantine,Prepaid,49,2291.34,37.03,33,0,1,0.4,0
C18968,Tlemcen,Prepaid,31,1624.31,4.08,49,2,4,-15.6,0
C18969,Setif,Postpaid,7,3025.08,1.7,17,1,1,-4.8,0
C18970,Tizi Ouzou,Prepaid,9,1466.23,0.58,29,0,5,-14.8,0
C18971,Bejaia,Prepaid,27,1574.2,2.76,31,0,4,75.0,0
C18972,Blida,Postpaid,15,1920.63,15.55,67,1,1,23.0,0
C18973,Batna,Prepaid,20,1018.71,15.69,58,0,6,-13.9,0
C18974,Chlef,Postpaid,21,3137.81,3.66,8,1,1,35.2,0
C18975,Constantine,Prepaid,11,1413.48,1.95,72,0,2,16.4,1
C18976,Annaba,Prepaid,12,842.25,12.61,73,0,3,23.4,0
C18977,Biskra,Postpaid,12,2930.1,5.74,43,0,1,19.3,0
C18978,Constantine,Prepaid,6,858.98,0.5,47,0,2,-7.5,1
C18979,Bejaia,Prepaid,34,2106.48,37.74,54,0,1,21.5,0
C18980,Chlef,Prepaid,5,1386.12,35.7,81,0,2,-0.4,1
C18981,Biskra,Prepaid,37,1292.53,12.56,64,0,1,72.4,0
C18982,Ouargla,Prepaid,37,1034.2,6.04,33,0,1,9.2,0
C18983,Annaba,Prepaid,16,1526.39,7.57,31,1,4,10.1,0
C18984,Ghardaia,Prepaid,24,1748.21,49.32,40,0,3,68.8,0
C18985,Constantine,Prepaid,24,1605.37,15.96,88,0,3,13.9,0
C18986,Setif,Prepaid,15,1788.33,8.83,46,0,2,27.1,0
C18987,Tiaret,Prepaid,25,1428.12,17.05,46,1,2,-18.4,0
C18988,Tiaret,Prepaid,9,1548.66,14.7,55,1,3,13.6,1
C18989,Tizi Ouzou,Postpaid,6,3436.38,2.58,61,1,1,6.2,0
C18990,Chlef,Prepaid,2,2458.56,19.01,60,2,3,11.5,1
C18991,Tizi Ouzou,Postpaid,21,2164.02,7.29,34,1,1,-11.3,0
C18992,Constantine,Prepaid,15,400.0,33.91,70,0,2,15.3,0
C18993,Tlemcen,Postpaid,16,2238.38,23.61,36,0,1,16.7,0
C18994,Tizi Ouzou,Postpaid,4,2881.98,10.93,42,2,1,18.6,1
C18995,Ouargla,Postpaid,11,2268.34,3.36,14,0,1,48.0,0
C18996,Constantine,Prepaid,17,602.45,0.63,69,0,1,-9.2,0
C18997,Biskra,Prepaid,53,2368.63,12.89,15,1,4,-20.0,0
C18998,Tizi Ouzou,Postpaid,6,1970.84,0.5,13,0,1,26.6,1
C18999,Bejaia,Prepaid,11,1908.77,33.65,51,0,3,-14.8,0
C19000,Tizi Ouzou,Prepaid,9,1812.37,4.85,65,0,2,-2.8,0
C19001,Constantine,Prepaid,6,1708.01,2.25,82,0,3,35.4,1
C19002,Blida,Postpaid,12,2771.41,25.59,58,0,1,41.1,0
C19003,Oran,Prepaid,9,1190.12,0.5,75,0,5,-20.0,0
C19004,Chlef,Prepaid,21,1496.35,17.9,41,1,1,63.5,0
C19005,Chlef,Prepaid,29,2017.68,9.72,57,1,5,-13.9,0
C19006,Tiaret,Postpaid,10,3237.62,9.56,27,0,1,10.8,0
C19007,Oran,Prepaid,31,1889.41,2.34,89,1,1,18.7,0
C19008,Constantine,Prepaid,16,1371.11,0.91,64,1,2,21.4,0
C19009,Blida,Prepaid,11,1793.41,0.78,28,1,4,18.2,1
C19010,Ghardaia,Prepaid,30,805.32,2.43,35,0,3,23.0,0
C19011,Tizi Ouzou,Prepaid,22,2270.62,32.04,43,2,3,32.7,0
C19012,Constantine,Prepaid,6,1427.82,24.68,33,0,2,14.0,0
C19013,Tiaret,Postpaid,5,2434.96,23.01,54,1,1,33.3,1
C19014,Algiers,Postpaid,21,2515.46,11.38,57,0,1,12.1,0
C19015,Ouargla,Prepaid,18,828.19,25.09,45,0,2,49.2,0
C19016,Blida,Prepaid,12,1277.14,7.11,51,1,2,-7.4,0
C19017,Tizi Ouzou,Postpaid,11,2821.16,22.65,57,0,1,1.7,0
C19018,Tlemcen,Prepaid,18,1667.79,32.18,39,0,2,13.3,0
C19019,Tlemcen,Prepaid,34,1442.54,0.95,22,0,5,-3.5,0
C19020,Setif,Prepaid,11,400.0,3.43,30,0,2,8.8,0
C19021,Batna,Prepaid,35,900.0,29.22,76,0,3,-18.1,0
C19022,Tiaret,Prepaid,24,1809.96,3.52,65,1,3,25.3,0
C19023,Tizi Ouzou,Prepaid,25,892.39,10.08,29,1,3,29.6,0
C19024,Ghardaia,Prepaid,25,1908.24,2.43,31,1,3,37.4,0
C19025,Tizi Ouzou,Postpaid,6,1912.14,12.13,40,1,1,-20.0,0
C19026,Biskra,Prepaid,22,1317.98,0.5,72,2,2,-10.5,0
C19027,Tizi Ouzou,Prepaid,20,1437.65,13.94,2,0,8,35.1,0
C19028,Tiaret,Prepaid,25,1705.29,6.89,12,0,3,25.9,0
C19029,Setif,Prepaid,22,1316.44,0.5,61,1,3,11.3,0
C19030,Constantine,Prepaid,15,1995.68,5.8,30,0,4,35.6,0
C19031,Ouargla,Prepaid,14,1184.5,0.75,49,0,2,-20.0,0
C19032,Annaba,Prepaid,30,1551.73,12.73,37,0,3,4.0,0
C19033,Oran,Prepaid,13,1245.36,3.3,39,0,3,20.0,0
C19034,Constantine,Postpaid,6,3456.34,17.82,47,0,1,32.5,0
C19035,Constantine,Prepaid,17,681.06,26.7,37,0,4,53.5,0
C19036,Algiers,Prepaid,36,769.51,0.5,71,1,3,13.4,0
C19037,Ouargla,Prepaid,6,1605.29,15.43,46,0,1,6.4,1
C19038,Bejaia,Prepaid,6,400.0,5.49,66,0,3,24.9,0
C19039,Bejaia,Postpaid,20,3604.16,7.72,34,0,1,13.9,0
C19040,Setif,Postpaid,22,2190.73,1.8,48,1,1,-19.3,0
C19041,Bejaia,Prepaid,20,1546.82,1.61,62,0,2,-15.7,0
C19042,Bejaia,Prepaid,10,782.61,30.11,75,0,5,27.3,0
C19043,Bejaia,Prepaid,1,1143.3,1.47,57,0,4,34.1,0
C19044,Annaba,Prepaid,12,1021.51,1.53,47,0,2,-2.1,0
C19045,Bejaia,Prepaid,24,767.09,13.97,45,1,3,54.2,0
C19046,Annaba,Prepaid,25,680.4,18.87,49,0,1,17.4,0
C19047,Annaba,Prepaid,9,1424.41,3.43,17,1,1,-16.9,1
C19048,Biskra,Prepaid,7,1592.72,10.88,23,0,2,27.4,1
C19049,Algiers,Prepaid,22,1741.85,1.17,19,0,3,38.0,0
C19050,Blida,Prepaid,4,1965.49,12.66,49,0,4,11.9,0
C19051,Oran,Postpaid,28,2187.29,1.85,51,2,1,11.0,0
C19052,Tiaret,Prepaid,25,1469.17,25.25,69,0,1,21.5,0
C19053,Ouargla,Prepaid,23,2152.9,6.35,50,0,2,2.2,0
C19054,Batna,Prepaid,8,1854.49,20.85,37,0,4,71.1,1
C19055,Constantine,Prepaid,25,1466.47,43.63,16,1,1,49.5,1
C19056,Chlef,Prepaid,39,737.23,11.03,47,2,5,52.7,0
C19057,Ghardaia,Prepaid,25,1236.69,11.47,62,0,2,-0.6,0
C19058,Bejaia,Prepaid,3,1453.28,16.21,9,0,3,5.7,0
C19059,Batna,Prepaid,25,1362.37,7.83,57,0,5,23.4,0
C19060,Tiaret,Postpaid,33,2135.81,4.51,36,2,1,74.3,1
C19061,Biskra,Postpaid,7,1936.92,35.17,23,1,1,1.2,0
C19062,Blida,Prepaid,15,1320.17,13.35,34,1,3,-20.0,0
C19063,Constantine,Prepaid,1,1838.33,2.23,39,0,2,-8.7,1
C19064,Ghardaia,Prepaid,15,1984.35,24.33,34,0,3,29.7,0
C19065,Tlemcen,Prepaid,21,1968.2,3.83,76,1,3,17.0,0
C19066,Batna,Prepaid,20,1857.09,11.74,53,0,3,34.8,0
C19067,Batna,Prepaid,12,999.19,28.04,56,0,4,23.7,0
C19068,Constantine,Prepaid,20,744.13,20.35,75,0,3,-20.0,0
C19069,Constantine,Prepaid,8,1249.78,7.65,17,0,3,-17.1,0
C19070,Annaba,Prepaid,16,1690.51,25.03,27,0,1,-2.3,0
C19071,Annaba,Prepaid,46,1806.91,9.96,18,1,2,24.7,0
C19072,Algiers,Prepaid,24,1660.02,10.86,90,1,6,7.0,0
C19073,Tlemcen,Prepaid,9,1692.13,20.68,46,1,5,10.9,0
C19074,Ouargla,Postpaid,19,2362.76,0.5,22,1,1,14.1,0
C19075,Algiers,Prepaid,38,1887.87,2.17,66,1,2,50.0,1
C19076,Tizi Ouzou,Prepaid,9,1722.54,21.93,29,0,4,-7.5,0
C19077,Setif,Prepaid,23,2106.61,5.95,32,0,4,33.6,0
C19078,Tlemcen,Prepaid,5,1647.47,0.5,75,0,3,25.3,1
C19079,Annaba,Postpaid,3,2309.05,6.37,61,0,1,31.5,0
C19080,Tiaret,Prepaid,12,1746.31,3.46,44,2,4,22.6,1
C19081,Biskra,Prepaid,16,1121.91,0.66,48,1,3,37.2,0
C19082,Annaba,Prepaid,22,1446.92,4.44,57,1,2,0.4,0
C19083,Ouargla,Prepaid,1,2160.37,5.86,47,1,3,31.4,1
C19084,Annaba,Postpaid,22,2698.73,9.16,28,1,1,44.0,0
C19085,Oran,Prepaid,14,2123.59,14.36,48,1,1,50.7,1
C19086,Constantine,Prepaid,16,1496.55,1.16,31,0,4,30.3,0
C19087,Tizi Ouzou,Postpaid,13,3444.18,13.39,44,0,1,-3.1,0
C19088,Batna,Prepaid,1,1397.57,2.75,30,1,5,47.1,1
C19089,Ghardaia,Postpaid,23,3652.22,47.38,48,1,1,19.7,0
C19090,Bejaia,Prepaid,7,2729.5,8.52,44,0,4,3.0,0
C19091,Batna,Prepaid,28,503.97,3.48,51,0,3,16.2,0
C19092,Tiaret,Prepaid,14,1211.25,11.79,67,0,2,66.8,0
C19093,Blida,Prepaid,10,652.92,21.52,49,2,4,27.7,1
C19094,Ghardaia,Prepaid,16,941.06,2.29,15,1,5,32.7,0
C19095,Batna,Prepaid,6,1463.68,0.83,36,1,3,26.6,1
C19096,Tizi Ouzou,Prepaid,23,1063.11,11.61,47,0,2,11.3,0
C19097,Annaba,Postpaid,37,2097.61,18.67,68,1,1,-0.9,0
C19098,Tlemcen,Prepaid,71,1722.21,2.94,63,0,2,9.6,0
C19099,Tlemcen,Prepaid,21,1393.95,10.87,67,0,3,-11.1,0
C19100,Ouargla,Prepaid,28,1225.95,48.08,50,1,5,39.4,0
C19101,Algiers,Prepaid,7,400.0,1.08,61,1,3,27.7,1
C19102,Bejaia,Postpaid,11,3085.23,26.0,29,0,1,19.4,0
C19103,Tiaret,Postpaid,8,2567.91,17.82,69,1,1,8.4,0
C19104,Ghardaia,Prepaid,20,1282.35,8.53,37,0,3,-20.0,0
C19105,Tlemcen,Prepaid,67,1534.21,12.01,39,1,2,28.0,0
C19106,Tiaret,Prepaid,22,2081.96,19.57,36,1,5,27.7,0
C19107,Blida,Prepaid,9,2152.63,4.2,84,0,2,42.4,1
C19108,Tlemcen,Postpaid,27,2400.01,10.58,35,1,1,22.3,0
C19109,Bejaia,Prepaid,20,1634.28,12.26,42,0,2,23.1,0
C19110,Tiaret,Postpaid,7,3438.61,2.47,56,1,1,10.8,1
C19111,Bejaia,Prepaid,28,1514.96,3.41,9,0,8,-16.0,0
C19112,Bejaia,Prepaid,5,1154.98,10.59,35,1,4,8.6,1
C19113,Chlef,Prepaid,46,1245.28,7.5,34,0,4,9.5,0
C19114,Chlef,Postpaid,8,2847.88,6.18,75,2,1,21.5,1
C19115,Biskra,Prepaid,15,1149.98,8.57,64,0,2,21.6,0
C19116,Tizi Ouzou,Prepaid,4,1045.64,58.22,20,1,6,-20.0,0
C19117,Tiaret,Prepaid,18,1420.87,5.39,54,0,2,28.5,0
C19118,Ouargla,Prepaid,26,2610.67,2.97,49,0,3,76.8,0
C19119,Algiers,Prepaid,17,902.49,3.46,45,0,2,-20.0,0
C19120,Chlef,Prepaid,25,1238.76,29.55,68,2,3,2.2,0
C19121,Oran,Prepaid,36,1768.27,5.94,12,1,3,29.8,0
C19122,Batna,Postpaid,28,3007.07,18.22,38,0,1,71.4,0
C19123,Batna,Prepaid,35,1526.99,18.32,20,0,6,2.2,0
C19124,Ghardaia,Prepaid,32,1162.68,24.76,62,1,5,37.9,0
C19125,Tizi Ouzou,Prepaid,1,1425.91,2.02,75,2,3,1.0,1
C19126,Algiers,Postpaid,8,2764.85,4.71,46,1,1,25.9,1
C19127,Tizi Ouzou,Prepaid,20,1133.87,7.41,31,2,2,10.7,1
C19128,Annaba,Prepaid,13,732.35,7.83,48,3,3,-13.4,0
C19129,Chlef,Prepaid,21,1843.62,26.38,71,0,3,-5.6,0
C19130,Chlef,Prepaid,7,2280.15,16.17,30,1,4,51.5,1
C19131,Tlemcen,Prepaid,23,1108.73,4.01,35,1,3,46.2,1
C19132,Tiaret,Prepaid,8,1851.53,5.6,16,0,2,25.2,1
C19133,Algiers,Prepaid,5,1749.33,11.75,32,0,2,-20.0,0
C19134,Chlef,Postpaid,19,2961.66,19.1,29,1,1,-1.7,0
C19135,Tlemcen,Prepaid,45,860.0,16.9,76,0,4,40.4,0
C19136,Chlef,Prepaid,27,2034.71,26.9,47,0,4,-17.6,0
C19137,Ouargla,Prepaid,10,2412.29,15.05,70,0,2,7.3,0
C19138,Biskra,Prepaid,25,1871.81,9.03,96,0,3,12.6,0
C19139,Algiers,Prepaid,8,2005.49,3.18,79,1,3,-20.0,0
C19140,Annaba,Prepaid,14,1938.7,16.8,89,0,3,4.4,0
C19141,Setif,Postpaid,17,2609.83,12.42,44,1,1,-20.0,0
C19142,Batna,Prepaid,25,1552.74,6.81,65,0,2,-20.0,0
C19143,Tlemcen,Postpaid,20,2337.03,39.66,55,0,1,7.6,0
C19144,Tizi Ouzou,Prepaid,10,1325.85,56.82,58,1,2,-20.0,0
C19145,Setif,Prepaid,38,1674.97,4.05,40,0,5,-20.0,0
C19146,Ouargla,Prepaid,8,1192.49,0.5,38,1,4,2.7,1
C19147,Ghardaia,Postpaid,14,1411.36,2.68,16,0,1,14.2,0
C19148,Setif,Prepaid,27,1235.97,10.54,36,1,5,6.6,0
C19149,Batna,Prepaid,18,2009.1,4.83,65,0,2,-10.6,0
C19150,Constantine,Prepaid,19,1405.71,7.31,38,0,5,11.1,0
C19151,Tlemcen,Prepaid,7,970.0,55.4,36,0,4,-0.5,0
C19152,Setif,Prepaid,20,1831.48,0.5,31,0,3,18.9,0
C19153,Bejaia,Prepaid,43,1264.92,14.75,51,1,4,6.1,0
C19154,Tizi Ouzou,Prepaid,30,1519.68,0.52,95,0,2,1.0,0
C19155,Algiers,Prepaid,7,1089.48,7.93,59,1,1,19.1,1
C19156,Tiaret,Postpaid,27,2967.73,10.87,38,0,1,-18.0,0
C19157,Chlef,Prepaid,18,1305.22,15.59,40,2,2,-1.5,0
C19158,Tizi Ouzou,Prepaid,38,2499.94,3.37,28,1,4,35.6,0
C19159,Constantine,Prepaid,7,400.0,28.94,44,1,4,-11.0,0
C19160,Batna,Prepaid,16,1178.91,16.68,42,1,2,-20.0,0
C19161,Ghardaia,Prepaid,27,525.6,3.64,98,0,2,-4.3,0
C19162,Biskra,Prepaid,18,1860.88,15.89,53,0,6,32.6,0
C19163,Batna,Prepaid,1,2054.77,2.28,45,2,2,26.3,1
C19164,Oran,Prepaid,29,1973.33,1.97,54,0,1,21.4,0
C19165,Tiaret,Prepaid,10,1937.75,12.52,51,0,4,32.8,0
C19166,Chlef,Postpaid,42,3021.34,1.81,62,0,2,5.1,0
C19167,Oran,Prepaid,7,1609.91,8.16,63,1,1,-17.3,0
C19168,Constantine,Prepaid,7,628.63,13.16,49,0,1,-20.0,0
C19169,Ouargla,Postpaid,20,2615.74,31.33,68,1,1,19.8,0
C19170,Bejaia,Prepaid,1,639.38,29.15,53,1,1,31.8,1
C19171,Tizi Ouzou,Prepaid,46,2208.96,56.76,69,0,4,64.1,0
C19172,Tiaret,Prepaid,27,1185.55,14.16,69,0,1,18.2,0
C19173,Chlef,Prepaid,2,797.37,10.27,9,0,5,14.1,0
C19174,Constantine,Postpaid,18,2128.0,27.59,61,0,1,-13.7,0
C19175,Tlemcen,Prepaid,11,1116.38,0.84,60,1,4,38.5,1
C19176,Tlemcen,Prepaid,8,1470.12,19.85,16,1,2,6.7,1
C19177,Blida,Prepaid,16,1493.11,2.62,38,1,4,32.5,0
C19178,Batna,Prepaid,22,2136.15,11.46,46,2,6,31.2,0
C19179,Algiers,Prepaid,17,1983.22,3.49,63,0,5,38.9,0
C19180,Constantine,Prepaid,25,1743.87,13.84,79,1,3,5.8,0
C19181,Batna,Prepaid,15,1560.17,15.64,49,1,2,-12.8,0
C19182,Bejaia,Prepaid,16,2389.8,0.76,57,1,3,51.6,0
C19183,Tizi Ouzou,Prepaid,16,1312.63,23.22,40,1,3,1.1,0
C19184,Tiaret,Prepaid,41,1286.36,20.8,46,1,2,51.2,0
C19185,Tizi Ouzou,Prepaid,16,1636.42,18.77,37,0,2,43.3,0
C19186,Annaba,Prepaid,7,1520.25,73.68,40,1,3,16.0,1
C19187,Tizi Ouzou,Prepaid,17,1590.02,3.75,23,1,4,-12.3,0
C19188,Batna,Prepaid,8,1792.96,8.38,15,0,3,55.5,1
C19189,Oran,Prepaid,8,423.13,35.92,60,1,4,-1.3,0
C19190,Setif,Prepaid,24,1038.42,16.0,66,0,5,16.4,0
C19191,Blida,Prepaid,16,2115.5,6.72,40,2,4,5.3,1
C19192,Tiaret,Prepaid,14,1922.44,3.42,69,2,6,9.0,1
C19193,Biskra,Prepaid,12,1118.4,7.17,47,2,1,4.1,0
C19194,Tizi Ouzou,Postpaid,9,2542.12,13.69,33,0,1,38.5,0
C19195,Tiaret,Prepaid,30,953.05,25.97,57,1,3,9.7,0
C19196,Ouargla,Postpaid,57,3434.82,7.66,8,0,1,-10.9,0
C19197,Constantine,Prepaid,4,1447.77,0.5,62,0,4,42.3,1
C19198,Tiaret,Prepaid,20,1340.05,19.51,54,1,3,53.6,0
C19199,Tiaret,Postpaid,12,2824.72,19.03,38,1,1,1.7,0
C19200,Oran,Prepaid,14,960.94,7.66,40,0,5,9.1,0
C19201,Oran,Prepaid,31,1301.69,3.11,99,0,2,1.9,0
C19202,Oran,Postpaid,21,3271.77,4.06,59,0,1,5.7,0
C19203,Tiaret,Prepaid,25,1068.95,1.98,43,1,4,16.1,0
C19204,Batna,Prepaid,22,1194.76,6.87,14,1,3,41.3,0
C19205,Biskra,Prepaid,14,1764.92,0.8,47,0,3,23.8,0
C19206,Blida,Prepaid,7,1447.13,16.42,52,0,3,4.0,0
C19207,Oran,Postpaid,5,2287.38,22.03,58,0,1,2.6,0
C19208,Chlef,Postpaid,3,2869.45,25.06,77,0,1,-8.4,0
C19209,Tiaret,Prepaid,51,616.3,2.11,64,0,4,47.0,0
C19210,Tlemcen,Postpaid,17,1971.78,47.04,44,0,1,13.4,0
C19211,Tiaret,Prepaid,20,1046.26,4.41,70,1,4,13.4,0
C19212,Ouargla,Prepaid,5,2318.46,3.89,38,1,4,-8.4,1
C19213,Chlef,Postpaid,5,3089.46,2.05,50,0,1,-3.2,0
C19214,Bejaia,Prepaid,18,1033.62,6.83,52,0,2,-11.0,0
C19215,Constantine,Prepaid,8,1555.39,27.29,27,0,3,10.8,0
C19216,Tlemcen,Prepaid,34,1402.32,16.5,24,0,4,1.9,0
C19217,Chlef,Prepaid,31,1434.83,7.61,20,0,2,20.7,0
C19218,Tlemcen,Prepaid,9,2379.89,6.16,55,0,5,-17.4,0
C19219,Algiers,Postpaid,22,2373.76,3.97,96,1,1,85.0,0
C19220,Ouargla,Postpaid,10,2730.35,0.74,59,0,1,7.2,0
C19221,Constantine,Prepaid,2,2546.29,2.57,58,0,1,9.2,0
C19222,Tizi Ouzou,Prepaid,26,1056.46,30.98,78,1,2,-6.3,0
C19223,Blida,Prepaid,5,1624.71,5.29,43,0,5,-19.6,0
C19224,Bejaia,Postpaid,17,4017.93,3.42,75,0,1,16.1,0
C19225,Ghardaia,Prepaid,8,1405.46,41.71,46,0,3,-4.3,0
C19226,Biskra,Prepaid,5,1500.19,11.67,15,0,5,46.6,0
C19227,Ghardaia,Prepaid,30,1066.89,3.34,85,1,2,36.8,0
C19228,Constantine,Prepaid,14,1504.29,9.2,48,0,4,-20.0,0
C19229,Constantine,Postpaid,19,2902.19,76.78,41,0,1,13.5,0
C19230,Ghardaia,Postpaid,14,2498.66,20.9,31,0,1,25.4,0
C19231,Constantine,Postpaid,12,1517.07,14.8,51,0,1,12.4,0
C19232,Constantine,Prepaid,11,592.61,8.27,70,1,4,46.9,1
C19233,Ouargla,Prepaid,11,1802.48,28.54,36,0,4,-20.0,0
C19234,Tiaret,Prepaid,2,1830.99,5.36,76,2,6,7.7,1
C19235,Algiers,Prepaid,8,1644.12,26.42,71,1,1,3.8,1
C19236,Tlemcen,Postpaid,22,3102.64,11.41,65,1,1,11.4,0
C19237,Setif,Prepaid,11,1548.74,30.6,67,0,2,52.7,0
C19238,Setif,Postpaid,10,2723.19,3.49,47,0,1,-2.0,0
C19239,Tiaret,Postpaid,22,2022.0,18.52,59,2,2,12.0,0
C19240,Ouargla,Prepaid,12,1477.32,5.46,35,2,4,34.3,0
C19241,Batna,Prepaid,15,1527.05,9.98,73,1,1,34.2,0
C19242,Setif,Prepaid,71,1869.49,0.87,43,0,4,22.9,0
C19243,Biskra,Postpaid,35,900.0,5.68,88,3,1,4.7,0
C19244,Constantine,Prepaid,29,1110.27,1.61,67,1,3,5.4,0
C19245,Oran,Postpaid,32,2301.97,3.54,46,0,1,-7.6,0
C19246,Tizi Ouzou,Prepaid,36,431.22,11.63,54,0,5,-9.2,0
C19247,Constantine,Postpaid,15,2427.14,6.14,51,0,1,2.2,0
C19248,Annaba,Prepaid,32,1123.49,4.97,58,0,3,47.4,0
C19249,Algiers,Prepaid,20,2015.14,5.32,38,1,5,1.7,0
C19250,Bejaia,Prepaid,46,1391.53,24.7,38,0,3,-20.0,0
C19251,Ouargla,Prepaid,22,723.78,6.18,3,0,3,12.3,0
C19252,Setif,Prepaid,20,2012.26,3.76,2,1,2,-11.4,0
C19253,Algiers,Prepaid,12,918.02,23.47,58,1,2,63.8,0
C19254,Batna,Prepaid,14,1207.47,15.35,14,0,2,-20.0,0
C19255,Batna,Prepaid,11,1987.49,8.57,38,0,5,28.5,0
C19256,Ghardaia,Prepaid,30,672.16,13.04,36,0,2,-7.4,0
C19257,Batna,Postpaid,12,2508.63,3.88,62,1,1,10.4,0
C19258,Chlef,Postpaid,9,2143.24,3.03,20,0,1,-8.6,0
C19259,Ouargla,Prepaid,7,977.5,36.48,22,0,3,31.0,1
C19260,Algiers,Prepaid,14,1640.05,4.73,74,1,2,61.6,1
C19261,Bejaia,Prepaid,22,449.29,14.7,48,0,3,-2.1,0
C19262,Tizi Ouzou,Postpaid,19,3100.94,29.58,58,0,1,60.5,0
C19263,Batna,Prepaid,22,1202.5,10.55,54,0,4,61.3,0
C19264,Annaba,Postpaid,53,2243.65,12.37,22,1,1,-20.0,0
C19265,Annaba,Prepaid,15,695.89,18.34,30,1,3,0.1,0
C19266,Bejaia,Prepaid,18,1637.47,30.71,66,0,4,36.2,0
C19267,Biskra,Prepaid,13,2334.01,6.03,53,2,4,21.1,1
C19268,Batna,Prepaid,11,1279.92,10.37,76,1,2,15.9,1
C19269,Batna,Prepaid,7,1209.5,0.5,46,0,2,-11.4,1
C19270,Tlemcen,Prepaid,72,1615.06,7.44,71,1,3,60.0,0
C19271,Batna,Postpaid,12,1894.25,2.67,39,1,1,-3.7,0
C19272,Oran,Prepaid,28,1011.93,8.74,43,1,4,25.4,0
C19273,Bejaia,Prepaid,19,1096.22,9.27,39,2,1,-18.7,0
C19274,Bejaia,Prepaid,16,1852.14,11.51,51,0,3,29.8,0
C19275,Algiers,Prepaid,10,1662.45,2.33,77,1,3,51.9,1
C19276,Annaba,Prepaid,10,1285.12,7.59,36,1,4,26.7,1
C19277,Tizi Ouzou,Prepaid,19,801.09,4.33,66,0,1,21.5,0
C19278,Chlef,Prepaid,9,2026.32,3.26,44,0,2,12.4,0
C19279,Setif,Postpaid,18,3490.37,1.82,85,1,1,26.7,0
C19280,Bejaia,Prepaid,8,1846.43,4.68,35,0,1,-5.8,0
C19281,Biskra,Prepaid,8,675.44,12.87,52,0,4,30.1,0
C19282,Chlef,Prepaid,37,1796.63,51.37,57,0,2,-20.0,0
C19283,Ghardaia,Postpaid,56,2769.71,1.47,58,0,1,12.0,0
C19284,Ghardaia,Prepaid,16,412.95,4.12,74,0,5,-6.1,0
C19285,Annaba,Prepaid,13,1532.84,16.54,59,1,5,43.8,0
C19286,Algiers,Prepaid,43,1207.08,9.06,72,1,2,46.8,0
C19287,Constantine,Prepaid,39,1237.57,0.83,74,0,1,39.2,0
C19288,Constantine,Prepaid,6,789.12,0.91,74,2,1,22.6,1
C19289,Algiers,Prepaid,7,1381.35,1.54,40,0,3,5.9,0
C19290,Biskra,Prepaid,59,923.59,13.82,57,1,1,18.8,0
C19291,Blida,Postpaid,18,2556.54,16.61,32,1,1,25.2,0
C19292,Algiers,Postpaid,18,2662.13,61.48,47,1,1,-3.1,0
C19293,Constantine,Prepaid,14,1414.97,0.78,60,0,5,-6.3,0
C19294,Ghardaia,Prepaid,14,1740.44,13.01,17,0,4,8.3,0
C19295,Algiers,Postpaid,16,2647.27,6.72,18,0,1,19.1,0
C19296,Biskra,Prepaid,49,1502.88,8.63,46,1,2,6.6,0
C19297,Bejaia,Prepaid,38,598.63,5.82,55,0,2,-3.9,0
C19298,Ghardaia,Prepaid,36,400.0,19.48,46,0,4,62.4,0
C19299,Bejaia,Prepaid,19,1068.21,17.77,51,1,6,-2.1,0
C19300,Setif,Prepaid,4,2010.81,2.74,68,0,4,-20.0,0
C19301,Blida,Prepaid,13,1058.61,0.5,39,0,5,-3.8,0
C19302,Tizi Ouzou,Postpaid,15,2420.09,44.3,12,1,1,47.8,0
C19303,Oran,Prepaid,3,2328.56,49.4,60,0,4,-3.0,0
C19304,Algiers,Prepaid,2,1302.39,12.52,55,0,4,-18.2,0
C19305,Oran,Prepaid,23,1482.7,37.12,58,2,3,33.0,0
C19306,Tlemcen,Prepaid,17,1411.84,11.7,43,0,5,22.0,0
C19307,Constantine,Prepaid,35,1351.17,42.15,39,0,3,39.5,0
C19308,Constantine,Postpaid,21,2686.16,25.65,36,0,1,58.8,0
C19309,Biskra,Prepaid,8,1231.22,5.91,21,2,2,38.5,1
C19310,Setif,Prepaid,2,963.32,28.14,9,0,4,-10.7,0
C19311,Bejaia,Prepaid,15,1484.3,15.57,9,0,3,39.7,0
C19312,Biskra,Prepaid,30,1944.98,14.35,52,0,3,21.9,0
C19313,Tiaret,Prepaid,44,1391.9,28.48,65,0,3,-8.2,0
C19314,Tiaret,Prepaid,17,1572.62,6.89,69,0,4,23.0,0
C19315,Bejaia,Prepaid,25,986.98,28.23,46,1,3,-3.2,0
C19316,Bejaia,Postpaid,5,2216.52,11.7,42,0,1,-20.0,0
C19317,Ouargla,Prepaid,15,456.81,8.6,67,0,3,12.1,0
C19318,Chlef,Prepaid,3,457.38,22.22,42,0,3,25.4,0
C19319,Constantine,Prepaid,22,1579.6,1.05,39,0,1,-10.7,0
C19320,Batna,Prepaid,6,2761.41,7.21,13,0,2,19.8,1
C19321,Tiaret,Prepaid,11,646.35,13.0,25,1,4,0.4,1
C19322,Bejaia,Postpaid,8,2303.09,3.53,66,0,1,-18.8,0
C19323,Blida,Prepaid,8,557.75,46.27,18,1,1,29.6,1
C19324,Tizi Ouzou,Prepaid,4,1058.98,25.58,35,0,2,42.2,1
C19325,Algiers,Prepaid,16,1202.28,0.63,56,0,4,10.7,0
C19326,Oran,Prepaid,7,1409.06,57.59,45,0,2,22.3,0
C19327,Ouargla,Prepaid,31,951.76,11.86,25,0,5,20.1,0
C19328,Setif,Prepaid,12,1800.36,15.23,65,0,3,22.3,0
C19329,Blida,Prepaid,26,1499.04,3.35,54,0,2,28.0,0
C19330,Blida,Prepaid,7,815.27,34.08,63,0,2,46.9,1
C19331,Tizi Ouzou,Prepaid,22,1483.28,8.77,54,1,4,27.7,0
C19332,Tlemcen,Prepaid,23,1156.2,45.77,49,0,3,42.6,0
C19333,Ghardaia,Prepaid,11,507.61,22.96,23,0,3,1.2,0
C19334,Oran,Prepaid,36,1248.67,17.8,76,1,2,18.8,0
C19335,Ouargla,Postpaid,28,4152.46,14.89,20,0,1,23.4,0
C19336,Tlemcen,Prepaid,7,1303.52,1.36,58,0,2,22.1,1
C19337,Ghardaia,Prepaid,35,1476.53,34.11,69,0,3,-1.4,0
C19338,Chlef,Postpaid,35,2074.06,0.81,53,0,1,9.8,0
C19339,Oran,Prepaid,30,2027.17,9.21,58,0,4,11.3,0
C19340,Setif,Prepaid,23,2459.93,2.26,80,0,5,37.6,0
C19341,Batna,Prepaid,2,1656.76,30.1,61,0,2,23.6,1
C19342,Constantine,Prepaid,7,2355.71,32.56,51,0,1,25.1,0
C19343,Oran,Prepaid,13,1718.47,2.83,29,0,5,44.9,0
C19344,Tiaret,Prepaid,8,1325.84,16.58,12,1,2,9.2,1
C19345,Ghardaia,Postpaid,15,2845.61,5.19,43,1,1,48.1,0
C19346,Setif,Prepaid,16,1523.56,10.44,29,1,4,9.9,0
C19347,Blida,Prepaid,11,1867.61,0.84,59,0,4,29.2,0
C19348,Chlef,Prepaid,14,1408.48,18.53,18,1,1,45.1,0
C19349,Tlemcen,Prepaid,32,817.38,11.55,24,0,3,18.9,0
C19350,Chlef,Prepaid,14,1637.41,17.37,82,0,3,9.2,0
C19351,Annaba,Prepaid,4,1257.72,2.06,83,0,2,18.2,1
C19352,Tiaret,Prepaid,5,1369.12,10.02,38,1,5,17.8,0
C19353,Annaba,Prepaid,37,842.81,34.14,26,0,2,-20.0,0
C19354,Bejaia,Prepaid,18,1983.53,32.83,62,0,5,5.1,0
C19355,Algiers,Prepaid,6,1323.47,2.17,60,0,2,14.1,1
C19356,Oran,Postpaid,14,1597.71,17.8,56,0,1,17.9,0
C19357,Bejaia,Prepaid,9,1658.57,16.39,37,0,4,-9.5,0
C19358,Tiaret,Prepaid,33,1752.56,2.81,44,0,3,18.4,0
C19359,Biskra,Prepaid,43,1079.5,2.96,69,1,7,33.5,0
C19360,Chlef,Prepaid,22,1478.47,8.96,49,0,3,10.0,0
C19361,Oran,Prepaid,16,825.67,9.77,99,0,2,45.8,0
C19362,Batna,Prepaid,9,799.14,5.14,94,1,3,7.9,0
C19363,Tiaret,Prepaid,31,447.1,60.62,42,0,2,31.4,0
C19364,Tiaret,Postpaid,13,2694.77,0.79,55,1,1,46.4,0
C19365,Bejaia,Prepaid,15,1760.31,10.69,43,0,3,-12.5,0
C19366,Tizi Ouzou,Prepaid,37,1868.61,9.25,12,2,2,19.9,1
C19367,Ouargla,Prepaid,6,1144.67,3.18,14,3,3,31.5,1
C19368,Tiaret,Postpaid,31,3314.49,15.41,11,1,1,14.5,0
C19369,Setif,Prepaid,10,1302.45,0.5,66,0,2,9.4,1
C19370,Tlemcen,Prepaid,20,930.94,0.95,81,0,4,44.2,0
C19371,Bejaia,Prepaid,20,1904.79,40.65,23,0,3,10.4,0
C19372,Ghardaia,Prepaid,1,636.68,6.32,86,0,3,-8.3,0
C19373,Blida,Prepaid,7,1638.55,19.31,57,0,4,7.4,0
C19374,Setif,Prepaid,17,1245.48,2.53,30,1,3,41.3,1
C19375,Chlef,Prepaid,17,1361.53,16.8,85,0,4,28.8,0
C19376,Bejaia,Prepaid,25,1383.91,10.66,47,0,2,-13.8,0
C19377,Bejaia,Prepaid,23,1293.7,7.28,7,0,2,-20.0,0
C19378,Blida,Prepaid,5,985.42,0.5,31,0,3,20.0,1
C19379,Tizi Ouzou,Prepaid,23,1579.57,11.76,24,0,5,23.2,0
C19380,Constantine,Prepaid,10,1711.47,16.31,49,0,4,23.7,1
C19381,Bejaia,Postpaid,25,3076.89,8.98,35,1,1,18.2,0
C19382,Bejaia,Postpaid,44,2589.7,21.89,66,1,1,-2.3,0
C19383,Batna,Postpaid,34,2848.46,15.15,83,2,1,54.7,0
C19384,Chlef,Prepaid,20,1775.11,9.46,40,2,2,48.1,1
C19385,Tiaret,Prepaid,21,1101.51,1.23,24,2,5,26.3,1
C19386,Biskra,Prepaid,13,1622.73,0.51,52,1,1,10.4,0
C19387,Batna,Postpaid,48,3201.78,0.51,53,0,1,-20.0,0
C19388,Batna,Postpaid,16,2491.57,5.93,36,0,1,-20.0,0
C19389,Ouargla,Prepaid,16,1751.58,12.79,41,0,3,21.3,0
C19390,Constantine,Prepaid,7,2142.44,1.04,24,0,1,10.0,1
C19391,Tizi Ouzou,Postpaid,4,2712.24,19.24,63,0,1,38.8,0
C19392,Bejaia,Prepaid,33,698.05,30.61,38,0,4,15.9,0
C19393,Annaba,Prepaid,9,2063.9,3.84,60,0,3,57.4,1
C19394,Tiaret,Prepaid,72,552.66,4.65,71,1,2,40.5,1
C19395,Setif,Prepaid,25,826.44,20.62,19,0,3,-3.6,0
C19396,Annaba,Prepaid,15,472.81,8.12,45,0,3,-20.0,0
C19397,Algiers,Prepaid,9,400.0,11.89,32,1,3,39.4,1
C19398,Oran,Prepaid,20,2034.03,1.2,38,2,3,23.2,0
C19399,Algiers,Prepaid,26,1405.35,20.34,53,1,2,-2.0,0
C19400,Batna,Prepaid,9,1280.39,36.77,29,0,3,-20.0,0
C19401,Biskra,Prepaid,9,1372.09,17.36,60,1,4,9.5,0
C19402,Ouargla,Prepaid,28,1610.32,43.39,34,0,4,28.6,0
C19403,Oran,Prepaid,18,1854.11,19.34,87,1,5,10.1,0
C19404,Tiaret,Prepaid,10,992.75,0.5,13,0,6,24.4,1
C19405,Ghardaia,Postpaid,8,2251.26,3.6,39,0,1,3.9,0
C19406,Annaba,Prepaid,14,2804.53,17.48,37,0,4,-17.5,0
C19407,Ouargla,Prepaid,33,1807.16,66.55,41,0,2,19.5,0
C19408,Bejaia,Prepaid,6,973.29,6.28,54,0,2,7.2,0
C19409,Tlemcen,Prepaid,6,1522.17,13.88,35,0,3,15.9,0
C19410,Tlemcen,Prepaid,16,1775.34,4.73,77,0,2,-10.9,0
C19411,Algiers,Prepaid,11,1081.7,11.18,60,0,3,24.2,0
C19412,Blida,Prepaid,26,1096.68,9.85,65,0,3,3.6,0
C19413,Blida,Prepaid,5,1232.66,6.93,44,0,2,82.0,1
C19414,Chlef,Postpaid,4,1613.31,14.07,52,0,1,11.2,0
C19415,Ouargla,Prepaid,28,1876.62,52.57,27,1,4,30.1,0
C19416,Biskra,Prepaid,6,1536.99,0.65,31,2,2,30.8,1
C19417,Annaba,Postpaid,11,1664.22,1.03,83,1,1,14.5,0
C19418,Algiers,Prepaid,6,1741.08,0.62,46,0,2,19.5,1
C19419,Biskra,Prepaid,13,1465.6,22.72,2,0,2,63.5,0
C19420,Annaba,Prepaid,30,2113.2,19.43,12,0,1,16.4,0
C19421,Tiaret,Postpaid,6,3121.0,23.04,37,0,1,42.6,0
C19422,Setif,Prepaid,15,658.37,38.03,59,1,4,13.3,0
C19423,Setif,Prepaid,31,1644.52,5.55,66,0,4,25.7,0
C19424,Ouargla,Postpaid,12,1511.99,14.25,59,2,1,-1.8,0
C19425,Oran,Prepaid,26,1008.84,25.54,83,0,3,35.2,0
C19426,Setif,Prepaid,15,1424.94,0.5,30,0,4,24.2,0
C19427,Setif,Prepaid,13,1399.03,30.15,83,1,1,37.7,0
C19428,Chlef,Postpaid,39,2759.95,11.0,25,0,1,9.9,0
C19429,Chlef,Prepaid,14,1359.57,8.26,52,0,4,14.0,0
C19430,Blida,Postpaid,4,1121.97,3.37,40,2,1,13.9,1
C19431,Ouargla,Prepaid,24,1047.33,32.49,44,0,3,22.3,0
C19432,Algiers,Prepaid,1,713.01,11.15,2,0,3,-20.0,0
C19433,Oran,Prepaid,35,690.82,3.42,52,0,3,-20.0,0
C19434,Biskra,Prepaid,11,1865.02,13.33,20,3,1,50.2,1
C19435,Blida,Prepaid,18,400.0,17.53,49,0,5,-15.4,0
C19436,Blida,Prepaid,15,744.94,19.25,7,0,5,-16.7,0
C19437,Tlemcen,Prepaid,27,1593.72,9.78,43,0,5,57.4,0
C19438,Tiaret,Postpaid,10,900.0,49.48,105,0,1,8.2,0
C19439,Bejaia,Prepaid,9,471.78,5.6,54,3,7,-10.7,1
C19440,Bejaia,Postpaid,68,3476.05,4.19,79,0,1,39.8,0
C19441,Algiers,Prepaid,13,1562.62,1.48,34,0,1,7.6,0
C19442,Ghardaia,Postpaid,10,3206.65,13.36,45,0,1,45.8,0
C19443,Constantine,Prepaid,7,1283.32,39.57,52,1,3,36.4,1
C19444,Annaba,Prepaid,17,1006.27,45.58,80,0,5,52.2,0
C19445,Blida,Prepaid,33,963.86,25.72,34,0,3,-2.4,0
C19446,Ghardaia,Prepaid,17,400.0,1.47,61,0,3,68.7,1
C19447,Blida,Postpaid,33,3609.57,13.92,75,0,2,17.0,0
C19448,Tizi Ouzou,Prepaid,7,1607.35,8.29,50,0,3,37.7,0
C19449,Biskra,Prepaid,32,2057.5,2.47,43,1,3,-20.0,0
C19450,Batna,Prepaid,13,1878.98,11.56,40,1,4,23.8,0
C19451,Tizi Ouzou,Postpaid,18,3651.86,5.24,13,0,1,60.3,0
C19452,Batna,Prepaid,25,1292.74,30.26,44,0,3,0.1,0
C19453,Ouargla,Postpaid,11,2799.48,23.27,12,0,1,6.2,0
C19454,Algiers,Postpaid,17,2794.44,0.86,31,0,1,30.0,0
C19455,Biskra,Prepaid,50,1675.58,16.58,92,0,3,18.3,0
C19456,Constantine,Prepaid,5,1246.09,3.54,37,1,4,19.6,1
C19457,Batna,Prepaid,22,750.26,7.88,84,1,4,34.1,0
C19458,Constantine,Prepaid,17,1360.3,15.26,75,1,5,4.9,0
C19459,Biskra,Prepaid,40,1423.83,85.0,48,1,5,23.3,0
C19460,Batna,Prepaid,49,1355.98,11.72,52,0,3,51.9,0
C19461,Tizi Ouzou,Prepaid,14,1707.83,23.62,32,0,3,49.2,0
C19462,Ghardaia,Prepaid,38,1130.92,4.12,74,2,6,43.6,1
C19463,Chlef,Prepaid,16,1056.13,2.53,38,0,5,2.7,0
C19464,Tizi Ouzou,Prepaid,14,1793.91,13.05,60,0,3,14.9,0
C19465,Blida,Prepaid,12,1233.87,28.98,52,0,4,22.8,0
C19466,Batna,Postpaid,40,2085.32,2.21,67,2,1,0.2,0
C19467,Ouargla,Prepaid,3,1628.65,11.81,55,1,2,18.6,1
C19468,Ghardaia,Prepaid,14,2014.47,5.8,50,0,2,-20.0,0
C19469,Tlemcen,Prepaid,59,1284.85,11.4,20,1,2,36.9,0
C19470,Tizi Ouzou,Prepaid,16,2216.03,85.0,65,0,1,53.5,0
C19471,Tiaret,Postpaid,1,2547.65,19.13,74,0,1,11.7,0
C19472,Algiers,Prepaid,12,1148.52,1.19,55,0,1,17.2,0
C19473,Ghardaia,Prepaid,18,516.84,6.33,99,0,4,7.2,0
C19474,Chlef,Postpaid,22,2591.17,5.4,46,1,1,-4.1,0
C19475,Setif,Postpaid,23,2244.98,5.43,77,1,1,29.1,0
C19476,Bejaia,Prepaid,16,1253.24,15.3,54,0,1,19.5,0
C19477,Tiaret,Prepaid,25,1789.88,11.73,44,1,2,8.6,0
C19478,Biskra,Prepaid,1,1735.81,9.89,95,0,1,30.8,1
C19479,Blida,Postpaid,11,3084.27,11.24,49,0,1,24.9,0
C19480,Chlef,Prepaid,5,1700.47,5.06,16,0,4,19.2,0
C19481,Chlef,Prepaid,12,1013.63,3.4,54,1,3,-11.4,0
C19482,Algiers,Postpaid,30,2526.64,31.84,57,1,1,-20.0,0
C19483,Annaba,Prepaid,33,1152.96,27.6,69,0,4,-2.1,0
C19484,Bejaia,Prepaid,21,1442.83,0.5,9,1,2,9.5,1
C19485,Biskra,Postpaid,29,3070.57,2.59,76,1,1,19.3,0
C19486,Blida,Prepaid,13,1047.77,7.82,18,0,1,-8.9,0
C19487,Ouargla,Prepaid,22,1541.59,8.49,63,0,2,36.2,0
C19488,Tizi Ouzou,Prepaid,40,1143.56,0.69,67,0,3,43.1,0
C19489,Tizi Ouzou,Prepaid,30,873.46,22.19,44,0,3,-1.6,0
C19490,Ouargla,Postpaid,22,2901.5,10.68,45,1,1,-6.7,0
C19491,Blida,Prepaid,3,1079.24,2.29,35,0,1,-1.8,1
C19492,Oran,Prepaid,50,1179.46,3.44,68,1,3,45.1,1
C19493,Constantine,Prepaid,23,1625.22,3.02,48,0,2,8.3,0
C19494,Setif,Prepaid,47,1080.23,1.85,71,1,5,21.6,1
C19495,Ghardaia,Prepaid,9,1281.42,22.75,28,0,2,-20.0,0
C19496,Algiers,Prepaid,6,1698.71,2.29,46,0,2,30.7,1
C19497,Blida,Prepaid,34,1812.38,71.57,32,1,3,7.0,0
C19498,Tlemcen,Prepaid,10,2226.97,15.29,52,0,3,47.1,0
C19499,Biskra,Prepaid,13,2248.48,5.21,43,1,2,60.0,0
C19500,Chlef,Prepaid,17,1204.09,17.4,84,0,4,11.5,0
C19501,Ghardaia,Prepaid,7,1622.22,18.33,18,0,3,42.6,0
C19502,Constantine,Prepaid,7,729.44,3.71,48,1,3,-20.0,1
C19503,Bejaia,Prepaid,27,1109.91,25.69,19,0,2,18.0,0
C19504,Bejaia,Prepaid,16,1435.22,11.59,2,0,3,56.5,0
C19505,Tlemcen,Prepaid,3,1153.13,2.83,34,0,3,36.4,0
C19506,Constantine,Postpaid,24,3019.18,1.8,40,0,1,0.7,0
C19507,Bejaia,Prepaid,14,1731.83,35.05,71,0,2,-2.2,0
C19508,Oran,Prepaid,34,1798.23,5.44,52,0,2,-20.0,0
C19509,Ghardaia,Prepaid,17,1810.23,0.58,38,0,4,41.0,0
C19510,Ouargla,Prepaid,32,1332.23,4.46,53,1,4,-19.3,0
C19511,Ouargla,Prepaid,5,400.0,14.63,79,0,3,19.3,0
C19512,Setif,Prepaid,17,1401.02,4.19,43,1,3,10.5,0
C19513,Tiaret,Prepaid,25,1473.66,6.22,41,1,4,34.2,0
C19514,Ghardaia,Prepaid,23,1957.86,0.5,90,2,1,-20.0,1
C19515,Blida,Prepaid,11,1650.0,30.95,45,0,5,-20.0,0
C19516,Tiaret,Prepaid,25,1409.32,4.51,17,1,5,-20.0,0
C19517,Algiers,Prepaid,25,1701.93,5.38,38,0,4,-0.1,0
C19518,Setif,Prepaid,8,972.74,6.31,67,1,1,-11.2,1
C19519,Tlemcen,Prepaid,5,475.55,1.48,41,0,5,32.0,1
C19520,Oran,Prepaid,12,1052.11,18.5,23,0,5,25.5,0
C19521,Batna,Prepaid,3,2052.46,9.78,56,0,2,29.2,0
C19522,Tizi Ouzou,Postpaid,44,2367.19,12.37,26,1,1,-14.1,0
C19523,Annaba,Postpaid,28,3423.34,3.25,48,1,1,45.0,0
C19524,Blida,Prepaid,28,1148.23,13.97,67,0,4,-20.0,0
C19525,Batna,Postpaid,17,2525.79,8.73,57,0,1,31.5,0
C19526,Ghardaia,Postpaid,4,1694.2,17.01,55,0,1,24.9,0
C19527,Setif,Prepaid,29,1483.58,1.96,45,0,4,8.5,0
C19528,Annaba,Prepaid,13,2265.53,36.55,59,0,1,-17.0,0
C19529,Chlef,Prepaid,27,1622.66,1.74,49,0,4,-2.5,0
C19530,Setif,Prepaid,17,508.89,5.88,34,0,4,13.6,0
C19531,Constantine,Prepaid,35,2066.05,29.42,8,1,4,10.1,0
C19532,Oran,Prepaid,24,1705.9,37.21,65,2,2,19.4,0
C19533,Blida,Prepaid,12,1360.29,53.21,66,0,2,24.9,0
C19534,Ouargla,Prepaid,17,1641.12,16.17,52,0,5,14.0,0
C19535,Algiers,Postpaid,16,1876.92,10.75,31,0,1,46.3,0
C19536,Ouargla,Prepaid,16,2117.35,4.09,67,0,3,65.0,0
C19537,Annaba,Prepaid,18,2013.7,30.66,50,0,3,-1.4,0
C19538,Tizi Ouzou,Prepaid,6,1077.08,7.14,44,1,4,12.1,0
C19539,Oran,Prepaid,3,1057.19,0.69,52,1,3,24.0,1
C19540,Batna,Postpaid,16,1889.49,26.5,36,0,1,25.0,0
C19541,Chlef,Postpaid,26,3170.19,8.78,52,0,1,36.0,0
C19542,Algiers,Prepaid,8,993.71,8.09,51,0,2,-3.2,0
C19543,Ouargla,Postpaid,38,2991.88,8.62,40,0,1,32.6,0
C19544,Batna,Prepaid,50,1251.24,41.14,52,0,3,-5.5,0
C19545,Tizi Ouzou,Prepaid,13,570.98,8.4,71,0,3,37.4,0
C19546,Chlef,Prepaid,8,1782.42,3.24,13,2,5,19.4,1
C19547,Constantine,Postpaid,21,3088.71,8.41,68,0,1,35.5,0
C19548,Annaba,Prepaid,16,1664.35,11.81,32,1,1,-18.0,0
C19549,Blida,Prepaid,7,1581.14,10.72,25,0,4,66.8,1
C19550,Tizi Ouzou,Prepaid,28,1218.2,41.4,17,2,2,37.8,1
C19551,Batna,Prepaid,38,1485.28,0.55,56,0,2,27.9,1
C19552,Tiaret,Prepaid,20,1481.68,19.45,19,0,3,63.2,0
C19553,Ghardaia,Prepaid,26,959.68,3.27,39,0,3,33.8,0
C19554,Chlef,Prepaid,22,688.32,27.63,29,0,5,16.9,0
C19555,Setif,Prepaid,13,989.85,32.07,80,0,2,13.6,0
C19556,Ouargla,Postpaid,15,1512.51,37.01,71,1,1,-20.0,0
C19557,Blida,Prepaid,16,1681.69,1.63,31,1,2,33.4,1
C19558,Constantine,Prepaid,5,1020.53,16.43,20,0,1,20.0,1
C19559,Ouargla,Prepaid,35,1300.89,15.34,8,0,4,0.1,0
C19560,Ghardaia,Prepaid,19,1401.83,2.76,4,0,3,-20.0,0
C19561,Oran,Prepaid,5,1495.69,18.86,64,2,2,60.9,1
C19562,Ghardaia,Prepaid,18,2163.54,20.88,17,1,1,5.2,0
C19563,Chlef,Prepaid,31,1480.46,22.09,22,1,3,72.0,0
C19564,Biskra,Prepaid,28,1034.16,29.45,27,0,1,-11.5,0
C19565,Constantine,Prepaid,25,1340.89,13.12,17,0,2,18.5,0
C19566,Annaba,Postpaid,29,1874.48,5.81,29,0,1,-16.8,0
C19567,Tiaret,Prepaid,17,660.84,5.71,77,0,1,0.2,0
C19568,Algiers,Prepaid,13,1274.12,13.81,50,1,4,27.9,0
C19569,Batna,Prepaid,22,900.84,7.61,52,1,1,-20.0,0
C19570,Tlemcen,Prepaid,6,1665.43,30.4,68,0,5,22.0,0
C19571,Tiaret,Prepaid,34,1765.13,42.99,47,1,4,5.4,0
C19572,Ghardaia,Postpaid,18,2195.83,44.7,23,0,1,-3.4,0
C19573,Chlef,Prepaid,45,796.91,21.63,62,1,1,17.1,0
C19574,Oran,Prepaid,4,1432.37,1.32,44,0,1,35.0,1
C19575,Algiers,Prepaid,19,1590.28,6.51,61,0,1,14.3,0
C19576,Setif,Prepaid,22,824.57,3.61,24,0,6,3.2,0
C19577,Tizi Ouzou,Prepaid,6,1967.86,0.67,82,0,3,-20.0,0
C19578,Algiers,Prepaid,29,1632.55,2.6,53,0,7,24.1,0
C19579,Biskra,Postpaid,26,2960.31,27.74,32,0,1,-15.8,0
C19580,Ghardaia,Prepaid,14,1970.39,7.69,27,0,4,-14.4,0
C19581,Bejaia,Prepaid,1,2019.8,3.73,29,1,5,-20.0,1
C19582,Ghardaia,Prepaid,23,1425.33,1.55,44,1,1,8.4,1
C19583,Oran,Postpaid,25,3329.55,16.71,58,1,1,15.9,0
C19584,Blida,Prepaid,27,1822.5,9.24,41,0,4,1.6,0
C19585,Batna,Prepaid,2,692.87,3.37,67,1,4,26.0,1
C19586,Tizi Ouzou,Postpaid,14,3247.12,16.62,77,0,1,-1.6,0
C19587,Algiers,Prepaid,41,2115.03,1.24,32,0,3,7.9,0
C19588,Oran,Postpaid,11,3515.65,16.39,43,0,1,11.4,0
C19589,Chlef,Prepaid,11,1920.82,45.4,13,0,3,6.8,0
C19590,Ouargla,Postpaid,18,2631.28,4.19,71,0,1,-8.0,0
C19591,Biskra,Prepaid,8,1669.94,22.64,11,0,1,18.4,0
C19592,Tiaret,Prepaid,6,1095.86,28.75,40,1,4,8.4,1
C19593,Setif,Prepaid,6,1605.19,6.46,29,0,2,43.0,0
C19594,Algiers,Prepaid,16,1075.98,76.47,7,1,2,48.8,0
C19595,Bejaia,Prepaid,14,1120.85,0.59,30,0,6,32.5,0
C19596,Ouargla,Prepaid,18,2060.05,7.58,40,1,3,-8.2,0
C19597,Setif,Prepaid,6,1245.35,22.59,46,0,3,-20.0,0
C19598,Biskra,Prepaid,21,1656.96,14.15,31,1,3,45.8,0
C19599,Tizi Ouzou,Prepaid,11,1521.09,10.3,49,0,1,-14.2,0
C19600,Annaba,Prepaid,34,1334.0,17.15,49,0,3,1.4,0
C19601,Blida,Prepaid,5,1835.9,7.0,48,0,2,18.3,1
C19602,Annaba,Prepaid,10,2086.57,3.09,21,0,4,52.9,1
C19603,Annaba,Prepaid,37,1409.65,35.79,48,0,2,65.7,0
C19604,Setif,Prepaid,25,2105.51,5.05,32,0,2,-4.4,0
C19605,Setif,Prepaid,8,1785.68,8.47,25,0,3,16.9,0
C19606,Chlef,Postpaid,7,900.0,47.85,88,0,1,8.7,0
C19607,Blida,Prepaid,10,688.52,10.43,19,1,2,33.8,1
C19608,Ouargla,Postpaid,34,2966.09,17.39,63,0,1,7.6,0
C19609,Batna,Prepaid,33,1995.97,25.15,59,2,4,2.1,0
C19610,Biskra,Prepaid,25,1061.07,25.87,55,1,5,1.7,0
C19611,Oran,Postpaid,11,2317.45,14.59,74,0,1,12.4,0
C19612,Setif,Prepaid,14,1547.28,15.64,54,0,3,4.1,0
C19613,Constantine,Postpaid,12,2857.73,0.5,40,0,1,-20.0,0
C19614,Constantine,Prepaid,7,1854.18,1.82,43,1,2,-1.0,1
C19615,Setif,Prepaid,1,2121.99,77.84,69,2,3,32.0,1
C19616,Oran,Postpaid,29,2979.78,1.35,47,1,1,8.5,0
C19617,Algiers,Prepaid,31,1953.67,55.42,55,0,2,49.9,0
C19618,Bejaia,Prepaid,7,1768.01,6.91,76,0,6,6.4,0
C19619,Chlef,Prepaid,11,1690.57,7.8,66,0,3,26.6,1
C19620,Chlef,Prepaid,12,1364.18,2.77,52,1,6,23.1,1
C19621,Oran,Prepaid,7,1147.94,61.5,73,1,3,23.3,1
C19622,Annaba,Postpaid,13,3130.15,2.66,51,0,1,24.9,0
C19623,Chlef,Prepaid,8,1099.65,5.86,47,1,1,24.1,0
C19624,Blida,Prepaid,11,1526.67,7.21,49,1,4,19.3,0
C19625,Chlef,Prepaid,52,1072.25,4.45,34,1,4,-20.0,0
C19626,Blida,Postpaid,9,2731.78,4.03,35,0,1,14.7,0
C19627,Setif,Prepaid,3,1228.84,9.37,11,0,1,5.6,0
C19628,Constantine,Postpaid,1,3244.83,44.56,34,0,1,12.9,0
C19629,Tiaret,Postpaid,12,2653.4,19.64,51,1,1,42.1,0
C19630,Ouargla,Prepaid,29,996.83,5.35,24,0,1,1.1,0
C19631,Setif,Postpaid,14,2947.34,0.5,46,0,1,-20.0,0
C19632,Bejaia,Prepaid,23,600.64,3.78,23,2,3,3.3,0
C19633,Annaba,Prepaid,39,2265.87,4.97,81,0,6,-16.7,0
C19634,Constantine,Prepaid,23,1796.96,7.2,43,1,3,8.1,0
C19635,Oran,Postpaid,4,3265.87,57.56,96,0,1,20.7,0
C19636,Setif,Postpaid,20,1505.66,13.91,41,1,1,55.3,0
C19637,Bejaia,Prepaid,21,881.95,5.7,42,0,5,25.4,0
C19638,Tizi Ouzou,Postpaid,17,2205.54,2.91,74,0,1,5.3,0
C19639,Blida,Prepaid,15,1654.94,4.21,46,0,5,19.4,0
C19640,Chlef,Prepaid,34,1156.16,11.77,82,0,1,14.9,0
C19641,Batna,Prepaid,17,462.86,5.91,57,0,4,34.7,0
C19642,Algiers,Postpaid,39,1660.77,7.75,57,1,1,19.9,0
C19643,Constantine,Prepaid,11,1505.87,14.41,70,0,4,34.6,1
C19644,Algiers,Postpaid,6,3670.44,31.99,50,2,1,42.6,1
C19645,Batna,Postpaid,26,3154.26,2.77,41,0,1,-19.8,0
C19646,Tizi Ouzou,Prepaid,30,565.96,3.46,53,1,3,39.4,0
C19647,Biskra,Prepaid,31,1343.01,11.69,63,0,1,36.7,1
C19648,Algiers,Prepaid,11,1213.74,11.61,7,0,3,18.9,0
C19649,Oran,Prepaid,25,2001.34,10.75,11,0,2,40.5,0
C19650,Tlemcen,Postpaid,34,2561.95,0.95,44,1,2,19.5,0
C19651,Algiers,Prepaid,19,1594.54,54.68,53,0,5,8.2,0
C19652,Oran,Postpaid,13,3644.52,19.78,12,0,1,31.9,0
C19653,Tlemcen,Prepaid,10,400.0,2.5,27,0,3,-20.0,1
C19654,Tlemcen,Prepaid,16,1670.2,10.57,45,1,2,7.5,0
C19655,Constantine,Postpaid,6,2418.87,0.77,89,0,1,49.1,0
C19656,Tiaret,Prepaid,15,895.59,30.88,129,0,4,37.3,0
C19657,Bejaia,Prepaid,48,1703.08,0.5,33,0,4,18.2,0
C19658,Tizi Ouzou,Prepaid,8,1286.8,31.76,42,0,1,-13.8,0
C19659,Bejaia,Prepaid,5,1642.73,9.82,64,0,3,-14.7,0
C19660,Biskra,Prepaid,29,1309.77,0.5,18,0,4,16.1,0
C19661,Ghardaia,Postpaid,6,3543.93,0.5,49,0,1,3.8,0
C19662,Tiaret,Prepaid,29,1507.38,56.95,98,1,6,-20.0,0
C19663,Tiaret,Prepaid,16,1167.66,6.36,37,0,3,1.0,0
C19664,Batna,Prepaid,12,648.35,0.71,36,1,6,-9.7,0
C19665,Bejaia,Postpaid,5,1952.35,85.0,5,0,1,50.4,0
C19666,Blida,Prepaid,42,943.14,8.66,95,0,4,32.8,0
C19667,Setif,Postpaid,11,2486.69,3.71,64,0,1,-5.6,0
C19668,Blida,Prepaid,15,2700.22,6.51,44,2,5,-20.0,0
C19669,Ghardaia,Prepaid,30,1536.13,14.06,31,0,1,-19.1,0
C19670,Annaba,Postpaid,8,2820.77,11.88,52,1,1,17.3,0
C19671,Tiaret,Prepaid,36,1074.29,13.08,66,0,3,56.6,0
C19672,Ouargla,Prepaid,4,2306.34,0.5,44,0,2,-20.0,0
C19673,Biskra,Prepaid,31,1898.79,22.67,54,1,3,18.1,0
C19674,Ouargla,Postpaid,31,3482.39,35.6,66,2,1,5.8,0
C19675,Chlef,Prepaid,8,806.49,21.35,52,0,4,9.7,0
C19676,Oran,Postpaid,19,2992.76,7.73,51,1,1,-3.9,0
C19677,Tizi Ouzou,Prepaid,24,2340.01,4.89,13,0,2,7.3,0
C19678,Ouargla,Prepaid,28,655.96,14.91,31,0,3,12.9,0
C19679,Ouargla,Prepaid,56,2303.47,1.01,42,0,2,30.8,0
C19680,Batna,Postpaid,13,2154.7,18.89,28,0,1,-20.0,0
C19681,Bejaia,Prepaid,18,1967.44,10.89,39,0,5,27.9,0
C19682,Constantine,Prepaid,3,1479.19,28.1,29,0,5,17.5,1
C19683,Oran,Prepaid,14,1307.11,19.38,31,0,4,-2.2,0
C19684,Ghardaia,Postpaid,34,2056.61,24.34,34,1,1,31.8,0
C19685,Ouargla,Postpaid,22,2606.64,3.13,60,2,1,21.0,0
C19686,Tizi Ouzou,Prepaid,18,1699.18,1.82,18,0,1,-15.8,0
C19687,Tiaret,Postpaid,37,2801.52,6.72,20,2,1,2.2,0
C19688,Batna,Prepaid,22,1385.9,21.0,45,0,4,26.2,0
C19689,Oran,Prepaid,60,1448.88,0.5,26,0,6,-20.0,0
C19690,Batna,Prepaid,11,1642.68,0.52,71,1,6,22.7,1
C19691,Setif,Prepaid,15,1360.68,23.62,64,0,2,62.7,0
C19692,Biskra,Prepaid,2,821.34,4.37,51,0,4,63.5,1
C19693,Biskra,Prepaid,18,626.54,22.17,41,0,4,-20.0,0
C19694,Tiaret,Prepaid,9,1256.88,26.39,44,1,4,15.6,1
C19695,Ouargla,Prepaid,34,1888.77,2.52,52,2,3,13.5,0
C19696,Batna,Prepaid,28,1315.24,7.14,57,1,1,12.3,0
C19697,Batna,Prepaid,19,1484.44,4.4,31,1,2,44.6,1
C19698,Annaba,Prepaid,15,1806.39,15.72,5,0,1,-3.5,0
C19699,Annaba,Prepaid,26,1610.68,1.75,62,0,2,52.8,0
C19700,Constantine,Postpaid,51,2470.42,5.58,18,0,1,26.5,0
C19701,Ghardaia,Prepaid,41,658.28,14.64,68,0,4,16.4,0
C19702,Tizi Ouzou,Prepaid,17,747.53,0.5,19,0,3,9.7,0
C19703,Bejaia,Prepaid,36,1121.12,17.91,55,1,3,27.5,0
C19704,Setif,Postpaid,18,2557.63,22.09,90,0,1,29.3,0
C19705,Tizi Ouzou,Prepaid,13,1405.78,8.58,55,0,1,69.1,0
C19706,Blida,Prepaid,10,873.75,0.5,48,2,4,8.1,1
C19707,Tlemcen,Postpaid,6,2615.25,0.5,49,1,1,46.9,1
C19708,Constantine,Prepaid,16,1462.29,2.87,46,0,3,22.3,0
C19709,Tiaret,Postpaid,7,3124.35,9.65,59,1,1,26.6,0
C19710,Tizi Ouzou,Prepaid,6,1686.55,1.25,34,1,1,40.0,1
C19711,Biskra,Postpaid,12,1797.22,3.58,5,0,1,48.1,0
C19712,Blida,Prepaid,32,1571.17,12.53,30,0,2,-7.4,0
C19713,Ouargla,Postpaid,26,3128.47,17.65,47,0,1,-3.0,0
C19714,Ghardaia,Postpaid,6,1904.39,7.23,63,0,1,25.4,0
C19715,Tizi Ouzou,Postpaid,25,2773.53,12.16,67,0,1,-3.9,0
C19716,Blida,Prepaid,15,518.49,13.12,34,0,3,21.5,0
C19717,Batna,Prepaid,22,1444.78,8.73,38,1,5,15.0,0
C19718,Batna,Prepaid,9,1135.06,5.79,35,0,3,-20.0,0
C19719,Algiers,Prepaid,19,1102.13,0.5,40,0,3,12.0,0
C19720,Oran,Prepaid,22,2576.08,0.74,19,1,6,72.9,1
C19721,Batna,Prepaid,27,1688.32,61.93,60,0,3,59.3,0
C19722,Oran,Prepaid,3,1610.57,6.11,83,1,4,16.8,1
C19723,Blida,Prepaid,18,964.9,2.79,22,0,5,-2.2,0
C19724,Batna,Prepaid,14,1559.96,2.71,85,1,7,-2.0,0
C19725,Batna,Prepaid,34,742.74,0.5,70,1,2,-20.0,0
C19726,Ghardaia,Prepaid,17,1383.66,42.3,81,0,1,34.2,0
C19727,Constantine,Prepaid,14,1538.36,1.03,36,0,1,1.1,0
C19728,Setif,Prepaid,8,1376.89,23.32,7,0,4,6.1,0
C19729,Ouargla,Prepaid,22,1585.45,23.26,72,1,4,30.7,0
C19730,Blida,Prepaid,24,1268.77,82.29,39,0,4,18.3,0
C19731,Bejaia,Prepaid,36,879.23,2.94,58,0,2,46.5,0
C19732,Bejaia,Prepaid,39,1935.45,3.77,74,0,2,19.9,1
C19733,Constantine,Prepaid,18,888.75,14.09,56,1,5,11.2,0
C19734,Chlef,Prepaid,8,2222.22,3.22,48,1,4,26.2,1
C19735,Oran,Prepaid,7,1171.46,8.22,33,1,3,7.7,0
C19736,Tlemcen,Postpaid,25,2915.3,2.97,46,1,1,34.7,0
C19737,Ghardaia,Prepaid,23,1540.71,22.05,61,0,4,2.0,0
C19738,Tiaret,Postpaid,26,2273.73,2.09,37,1,1,37.1,1
C19739,Ouargla,Prepaid,29,585.35,8.6,24,0,5,22.3,0
C19740,Oran,Prepaid,4,1825.97,15.55,2,0,1,14.1,0
C19741,Blida,Prepaid,16,1701.3,34.1,22,0,4,52.6,0
C19742,Chlef,Prepaid,4,1326.81,2.33,41,0,4,12.4,0
C19743,Biskra,Prepaid,44,1146.42,4.19,56,0,2,7.4,0
C19744,Oran,Prepaid,8,2118.76,4.06,55,0,4,17.7,0
C19745,Ouargla,Prepaid,12,1877.21,16.3,22,1,4,32.1,0
C19746,Setif,Prepaid,19,913.47,17.47,44,0,3,32.7,0
C19747,Chlef,Prepaid,15,1593.34,6.33,60,0,3,61.0,0
C19748,Batna,Prepaid,28,1932.28,13.47,63,0,4,-20.0,0
C19749,Tlemcen,Prepaid,34,459.04,54.75,100,0,5,-16.1,0
C19750,Bejaia,Prepaid,17,820.15,28.25,33,0,4,19.5,0
C19751,Tlemcen,Prepaid,48,905.12,6.12,50,0,3,38.3,0
C19752,Annaba,Postpaid,9,3438.79,3.98,33,1,1,19.3,1
C19753,Bejaia,Prepaid,12,1586.89,43.04,51,0,1,46.3,0
C19754,Annaba,Prepaid,10,1774.2,37.42,67,0,3,19.0,0
C19755,Chlef,Prepaid,23,2173.21,18.01,44,0,4,37.5,0
C19756,Constantine,Postpaid,61,1484.98,8.41,80,1,1,19.8,0
C19757,Batna,Postpaid,9,2915.13,3.21,10,0,1,16.9,0
C19758,Tlemcen,Prepaid,8,1469.01,20.39,86,0,3,21.7,0
C19759,Oran,Prepaid,19,1403.96,34.62,76,2,3,-7.5,0
C19760,Blida,Prepaid,16,872.78,27.17,48,0,3,-0.5,0
C19761,Annaba,Prepaid,45,1201.71,17.17,80,1,4,20.0,0
C19762,Ghardaia,Prepaid,24,1351.49,2.24,24,0,2,20.0,0
C19763,Tiaret,Prepaid,18,2078.83,5.41,31,0,1,29.1,0
C19764,Bejaia,Prepaid,10,1391.62,6.49,49,1,3,48.0,1
C19765,Tlemcen,Prepaid,10,813.74,28.27,52,0,3,13.1,0
C19766,Ouargla,Prepaid,28,590.22,8.64,43,0,4,43.6,0
C19767,Tlemcen,Prepaid,49,1076.22,7.21,91,0,2,43.8,0
C19768,Bejaia,Postpaid,11,2439.96,5.6,61,0,1,-20.0,0
C19769,Ouargla,Prepaid,13,2802.52,7.35,46,2,4,-20.0,0
C19770,Blida,Prepaid,52,1700.92,1.5,50,0,2,-15.0,0
C19771,Chlef,Prepaid,12,946.32,36.73,37,0,5,-20.0,0
C19772,Tiaret,Prepaid,20,929.23,22.22,35,0,1,51.1,0
C19773,Annaba,Prepaid,11,450.54,5.12,56,0,4,-5.3,0
C19774,Constantine,Prepaid,22,2018.73,0.5,82,0,1,33.9,0
C19775,Biskra,Prepaid,31,1184.02,7.28,18,0,2,32.6,0
C19776,Biskra,Prepaid,11,1145.42,20.02,85,0,3,-4.6,0
C19777,Oran,Prepaid,22,806.13,6.91,89,0,3,31.8,0
C19778,Tiaret,Prepaid,66,1864.19,18.51,40,0,4,-6.7,0
C19779,Tizi Ouzou,Prepaid,17,1550.91,27.71,78,0,4,-20.0,0
C19780,Tiaret,Prepaid,15,1310.67,11.95,7,0,4,19.7,0
C19781,Bejaia,Prepaid,22,1501.83,0.5,17,0,3,48.5,0
C19782,Ghardaia,Prepaid,26,710.97,4.05,62,0,6,-20.0,0
C19783,Batna,Postpaid,28,3517.34,15.05,50,0,1,21.0,0
C19784,Oran,Prepaid,48,1449.44,26.96,7,2,5,-0.4,0
C19785,Bejaia,Prepaid,8,2300.96,21.33,35,0,4,54.8,0
C19786,Bejaia,Postpaid,24,2748.96,13.25,19,0,1,41.7,0
C19787,Batna,Postpaid,16,2981.05,6.67,70,2,1,-6.7,0
C19788,Blida,Prepaid,15,743.7,11.76,36,0,3,14.3,0
C19789,Chlef,Postpaid,7,2244.59,14.43,50,0,1,11.1,0
C19790,Oran,Prepaid,7,2110.54,14.26,54,0,2,28.7,1
C19791,Ghardaia,Prepaid,5,1429.17,11.69,65,1,2,22.9,1
C19792,Batna,Prepaid,59,1153.39,1.7,40,0,2,2.2,0
C19793,Constantine,Prepaid,26,2130.91,24.06,26,1,4,-20.0,0
C19794,Setif,Postpaid,8,3176.33,35.04,50,1,1,52.7,1
C19795,Tlemcen,Prepaid,14,2015.89,25.42,42,1,1,19.7,0
C19796,Oran,Postpaid,72,3056.11,2.13,26,0,1,-20.0,0
C19797,Bejaia,Prepaid,25,927.28,5.18,68,0,2,31.0,0
C19798,Oran,Postpaid,12,3475.28,39.21,40,1,1,33.6,0
C19799,Biskra,Prepaid,16,1667.2,11.93,18,3,2,-20.0,1
C19800,Ghardaia,Prepaid,23,1051.29,1.85,38,1,3,17.3,0
C19801,Bejaia,Prepaid,14,1307.95,0.5,77,0,4,25.9,0
C19802,Ouargla,Prepaid,33,1757.63,20.47,43,2,1,3.7,0
C19803,Ghardaia,Prepaid,59,807.91,11.52,37,1,3,-17.5,0
C19804,Tlemcen,Prepaid,31,1092.32,1.41,60,0,3,-3.7,0
C19805,Blida,Prepaid,33,2102.71,1.4,16,0,1,41.1,0
C19806,Batna,Prepaid,24,1101.21,3.22,20,0,4,41.1,0
C19807,Biskra,Prepaid,24,1540.3,8.02,36,0,2,7.5,0
C19808,Biskra,Prepaid,14,1496.85,23.81,50,0,3,29.7,0
C19809,Algiers,Prepaid,27,1342.5,10.61,40,1,4,37.9,0
C19810,Oran,Prepaid,17,1508.86,1.41,18,0,4,65.3,0
C19811,Annaba,Prepaid,46,1874.48,7.3,27,1,2,-9.6,0
C19812,Ghardaia,Prepaid,9,2171.84,7.26,76,0,4,27.0,0
C19813,Constantine,Postpaid,9,2539.09,13.4,24,0,1,-3.1,0
C19814,Tizi Ouzou,Prepaid,14,815.86,8.57,37,0,3,13.8,0
C19815,Bejaia,Prepaid,5,892.9,85.0,74,0,2,23.3,0
C19816,Tizi Ouzou,Postpaid,49,2349.69,6.56,41,1,2,-1.5,0
C19817,Ouargla,Postpaid,22,2764.67,0.79,37,2,1,25.6,0
C19818,Biskra,Prepaid,1,2030.69,2.05,27,0,2,32.6,1
C19819,Ouargla,Prepaid,1,933.16,16.88,51,0,4,-9.0,0
C19820,Algiers,Prepaid,13,1832.46,6.8,15,0,6,4.0,0
C19821,Ouargla,Postpaid,11,3211.72,19.3,47,0,1,3.5,0
C19822,Constantine,Postpaid,37,2770.64,5.46,25,0,1,34.1,0
C19823,Biskra,Prepaid,23,1578.15,6.28,65,0,2,7.3,0
C19824,Constantine,Postpaid,13,2747.58,8.17,57,0,1,-15.8,0
C19825,Batna,Prepaid,11,1945.16,17.88,62,1,4,7.7,1
C19826,Chlef,Prepaid,2,2498.95,21.97,15,0,2,28.8,0
C19827,Setif,Prepaid,2,1636.45,3.78,65,0,1,12.2,1
C19828,Tlemcen,Postpaid,16,2538.05,16.81,73,1,2,-20.0,0
C19829,Bejaia,Prepaid,34,1559.97,0.72,48,0,4,-16.5,0
C19830,Bejaia,Prepaid,12,1897.53,22.08,53,1,4,10.9,0
C19831,Batna,Prepaid,61,1375.96,25.18,63,0,3,-2.4,0
C19832,Annaba,Prepaid,33,2035.78,13.2,30,0,3,15.4,0
C19833,Annaba,Postpaid,18,2630.2,2.6,87,0,1,26.0,0
C19834,Biskra,Postpaid,26,900.0,14.36,16,0,1,5.5,0
C19835,Tizi Ouzou,Prepaid,15,1508.63,17.77,48,0,2,28.2,0
C19836,Blida,Postpaid,55,2294.9,1.64,28,2,1,42.5,1
C19837,Setif,Prepaid,25,1035.54,22.85,58,0,2,14.2,0
C19838,Bejaia,Prepaid,18,1910.04,9.5,78,1,3,20.2,0
C19839,Ouargla,Prepaid,20,2661.28,9.46,3,0,2,-20.0,0
C19840,Tizi Ouzou,Prepaid,3,977.95,20.99,41,0,3,-6.2,0
C19841,Biskra,Prepaid,8,1716.93,29.22,38,0,4,46.2,0
C19842,Setif,Prepaid,22,1427.76,19.05,62,3,4,-20.0,1
C19843,Tizi Ouzou,Prepaid,13,1228.74,20.83,34,0,2,-15.4,0
C19844,Tizi Ouzou,Postpaid,7,3862.53,5.44,44,0,1,14.7,0
C19845,Tlemcen,Prepaid,37,1784.35,11.94,65,0,3,24.3,0
C19846,Tiaret,Prepaid,25,1560.83,12.2,92,0,1,-2.4,0
C19847,Tizi Ouzou,Prepaid,35,1574.09,45.41,90,1,7,55.1,0
C19848,Blida,Prepaid,18,1820.61,1.73,62,0,1,35.9,0
C19849,Oran,Postpaid,51,2826.41,9.93,60,0,1,-1.4,0
C19850,Bejaia,Postpaid,34,3345.06,16.71,56,0,1,6.3,0
C19851,Algiers,Prepaid,13,1169.18,22.67,44,0,4,40.1,0
C19852,Bejaia,Prepaid,11,1497.02,15.89,18,0,4,-20.0,0
C19853,Chlef,Postpaid,17,3098.36,2.19,32,2,1,54.7,0
C19854,Tlemcen,Postpaid,19,2169.91,4.88,12,0,1,9.7,0
C19855,Ghardaia,Prepaid,18,1329.9,2.93,44,0,6,17.2,0
C19856,Constantine,Postpaid,9,3071.39,6.8,42,0,1,22.6,0
C19857,Ghardaia,Prepaid,35,1769.49,8.28,59,1,2,36.6,0
C19858,Setif,Prepaid,9,2735.3,44.87,44,0,1,13.2,0
C19859,Algiers,Prepaid,7,1378.03,8.66,48,2,5,50.7,1
C19860,Blida,Prepaid,4,1204.7,3.68,67,0,1,5.1,1
C19861,Tizi Ouzou,Prepaid,51,1594.15,6.32,17,1,2,8.0,0
C19862,Chlef,Prepaid,10,1251.99,4.33,56,1,6,26.2,1
C19863,Algiers,Prepaid,24,1170.72,16.87,66,1,3,4.8,0
C19864,Algiers,Postpaid,10,2653.94,17.46,65,0,1,32.0,0
C19865,Tiaret,Prepaid,14,2207.42,1.72,55,0,1,-4.2,0
C19866,Chlef,Prepaid,34,1389.03,12.33,54,2,4,45.0,0
C19867,Ghardaia,Prepaid,6,1103.24,12.54,28,0,1,44.1,0
C19868,Blida,Prepaid,11,400.0,0.5,47,1,3,11.9,0
C19869,Oran,Prepaid,20,2043.98,6.43,39,1,3,10.5,0
C19870,Ghardaia,Postpaid,34,3667.03,29.47,41,1,1,-20.0,0
C19871,Setif,Prepaid,16,2354.19,58.87,40,0,3,-13.3,0
C19872,Ghardaia,Prepaid,14,1765.74,23.23,44,0,4,31.1,0
C19873,Algiers,Prepaid,23,1994.05,11.86,58,1,4,7.7,0
C19874,Annaba,Prepaid,10,1145.19,6.07,12,0,5,3.5,0
C19875,Tlemcen,Prepaid,11,400.0,4.52,15,0,4,47.9,1
C19876,Tiaret,Prepaid,17,1150.73,2.75,43,2,2,27.6,1
C19877,Bejaia,Postpaid,4,2732.45,3.98,24,0,1,-14.2,0
C19878,Tlemcen,Prepaid,29,1337.2,4.52,32,0,5,13.9,0
C19879,Biskra,Prepaid,27,1095.63,25.04,82,2,4,39.6,0
C19880,Blida,Prepaid,14,1443.98,5.39,45,0,4,-20.0,0
C19881,Tiaret,Prepaid,9,1204.25,3.01,52,0,2,-1.0,1
C19882,Tlemcen,Prepaid,22,1037.28,29.56,61,0,5,30.3,0
C19883,Tlemcen,Prepaid,17,1066.93,17.65,34,0,3,16.1,0
C19884,Tlemcen,Prepaid,20,1435.69,13.99,88,0,4,40.1,0
C19885,Tlemcen,Postpaid,20,3676.1,7.25,32,0,1,-10.2,0
C19886,Chlef,Postpaid,8,3389.2,7.61,59,0,1,44.2,0
C19887,Annaba,Prepaid,36,433.73,5.85,55,0,1,7.4,0
C19888,Biskra,Prepaid,20,1776.56,19.87,39,0,3,0.5,0
C19889,Constantine,Prepaid,6,1937.39,11.99,69,0,2,70.1,1
C19890,Batna,Prepaid,26,776.01,28.16,17,0,2,1.5,0
C19891,Constantine,Prepaid,14,1281.64,29.79,66,0,4,25.5,0
C19892,Annaba,Prepaid,16,1129.61,32.19,17,1,4,-6.8,0
C19893,Chlef,Postpaid,39,1589.97,22.65,27,0,1,9.9,0
C19894,Tlemcen,Prepaid,8,1708.94,16.0,68,0,4,25.4,0
C19895,Ghardaia,Prepaid,12,1070.66,10.3,40,0,4,-20.0,0
C19896,Tizi Ouzou,Prepaid,14,1307.21,21.16,24,2,3,40.8,0
C19897,Blida,Prepaid,3,1952.09,7.94,72,0,6,30.1,0
C19898,Ghardaia,Prepaid,15,1761.16,1.57,44,0,2,1.1,0
C19899,Tlemcen,Prepaid,6,1333.06,10.21,101,0,3,23.0,0
C19900,Constantine,Postpaid,38,2044.03,5.9,34,1,1,22.5,0
C19901,Setif,Prepaid,41,841.16,16.59,29,0,2,52.5,0
C19902,Ghardaia,Postpaid,27,2717.17,18.98,37,0,1,54.5,0
C19903,Biskra,Prepaid,31,400.0,16.08,42,0,2,33.4,0
C19904,Constantine,Prepaid,11,1324.62,12.39,2,1,1,-5.7,1
C19905,Constantine,Prepaid,11,734.61,5.35,61,1,1,-9.9,1
C19906,Algiers,Prepaid,28,1498.4,4.86,45,0,5,-11.8,0
C19907,Oran,Prepaid,31,2302.83,11.38,22,1,3,24.3,0
C19908,Biskra,Prepaid,39,1252.71,11.07,83,1,2,-20.0,0
C19909,Algiers,Prepaid,21,1066.8,30.27,25,1,4,14.0,0
C19910,Constantine,Prepaid,14,1668.44,8.74,22,0,3,-14.9,0
C19911,Tiaret,Prepaid,4,1295.64,44.17,42,3,6,0.7,1
C19912,Tizi Ouzou,Prepaid,13,1596.91,12.12,57,1,1,-20.0,0
C19913,Batna,Prepaid,28,1777.79,44.5,68,1,4,-16.3,0
C19914,Biskra,Prepaid,16,1703.53,39.09,88,1,2,19.4,0
C19915,Tlemcen,Prepaid,16,1216.14,17.04,34,0,6,21.1,0
C19916,Constantine,Prepaid,7,942.43,9.74,48,1,4,4.5,0
C19917,Oran,Prepaid,17,1501.38,9.17,89,0,5,-4.2,0
C19918,Constantine,Prepaid,41,997.84,20.2,30,0,5,27.1,0
C19919,Biskra,Postpaid,7,2921.07,5.21,21,0,1,37.2,0
C19920,Ouargla,Prepaid,15,1226.71,6.86,37,1,1,-4.2,0
C19921,Tlemcen,Postpaid,1,1892.96,11.88,28,0,1,14.5,0
C19922,Ghardaia,Prepaid,32,658.1,0.51,12,2,1,39.1,1
C19923,Batna,Prepaid,19,851.61,4.1,83,3,2,9.1,1
C19924,Tizi Ouzou,Prepaid,23,958.17,20.42,62,1,4,3.9,0
C19925,Ouargla,Postpaid,14,2997.28,15.19,6,0,1,-2.8,0
C19926,Tiaret,Postpaid,24,2075.92,23.73,47,1,1,17.4,0
C19927,Bejaia,Prepaid,13,656.22,7.85,44,0,3,5.5,0
C19928,Tizi Ouzou,Prepaid,12,1096.87,3.74,20,1,1,17.2,1
C19929,Tlemcen,Prepaid,11,1046.59,5.55,39,0,2,-2.2,1
C19930,Bejaia,Prepaid,16,817.26,4.48,46,0,2,39.1,0
C19931,Constantine,Postpaid,24,2326.04,1.82,65,0,1,38.1,0
C19932,Batna,Postpaid,7,2619.73,3.86,36,1,1,1.4,1
C19933,Chlef,Postpaid,24,1348.59,1.61,69,0,1,-14.3,0
C19934,Tlemcen,Prepaid,36,1532.29,17.92,35,0,3,-6.3,0
C19935,Chlef,Postpaid,36,2564.71,4.69,73,0,1,6.6,0
C19936,Ghardaia,Prepaid,18,1174.88,29.7,19,0,5,33.9,0
C19937,Batna,Prepaid,18,2250.7,7.86,43,1,3,2.6,0
C19938,Tlemcen,Prepaid,19,1756.72,0.93,77,0,3,9.6,0
C19939,Blida,Prepaid,12,1354.69,44.89,37,0,1,-20.0,0
C19940,Annaba,Postpaid,33,3034.86,17.1,35,2,1,18.1,0
C19941,Constantine,Prepaid,38,400.0,52.74,36,0,5,38.5,0
C19942,Tlemcen,Postpaid,13,4066.52,0.65,47,2,1,-2.7,0
C19943,Bejaia,Prepaid,30,1407.04,77.69,37,1,4,-20.0,0
C19944,Algiers,Prepaid,14,748.69,3.92,54,0,4,8.7,0
C19945,Bejaia,Prepaid,49,1686.34,14.75,70,0,3,8.6,0
C19946,Batna,Prepaid,17,1661.94,27.36,16,0,4,-3.7,0
C19947,Ghardaia,Prepaid,30,1772.81,18.67,29,1,3,-9.2,0
C19948,Tiaret,Prepaid,49,1915.17,3.39,46,0,4,69.6,0
C19949,Annaba,Prepaid,1,1971.63,14.1,31,1,2,33.6,1
C19950,Tiaret,Postpaid,5,1879.49,10.98,19,0,1,-1.7,0
C19951,Chlef,Prepaid,7,1948.13,33.66,67,0,3,-0.6,0
C19952,Setif,Prepaid,20,1725.54,18.74,61,0,4,49.5,0
C19953,Tlemcen,Prepaid,2,1829.42,48.09,44,0,4,-6.7,0
C19954,Tizi Ouzou,Prepaid,14,1641.76,12.02,16,1,1,24.3,1
C19955,Chlef,Prepaid,21,1347.71,10.66,48,0,1,40.3,0
C19956,Bejaia,Prepaid,22,1074.65,10.51,52,1,4,48.4,0
C19957,Blida,Prepaid,12,2029.11,26.95,34,0,4,32.2,0
C19958,Algiers,Prepaid,35,612.21,40.06,70,0,1,21.9,0
C19959,Algiers,Prepaid,14,1983.3,9.08,21,0,2,19.9,0
C19960,Bejaia,Prepaid,19,1665.54,43.38,2,0,3,1.7,0
C19961,Batna,Prepaid,8,1669.33,0.5,63,0,1,44.1,1
C19962,Tiaret,Postpaid,30,3706.0,0.5,41,0,1,24.6,0
C19963,Blida,Prepaid,34,770.36,3.45,69,3,4,22.3,1
C19964,Oran,Prepaid,13,1436.86,19.5,61,1,2,11.9,0
C19965,Bejaia,Prepaid,22,1474.58,6.77,51,1,5,-20.0,0
C19966,Batna,Prepaid,5,400.0,0.5,12,0,5,16.2,0
C19967,Tiaret,Prepaid,39,1319.64,7.09,49,0,3,28.2,0
C19968,Oran,Prepaid,6,1386.47,8.34,56,0,7,-20.0,0
C19969,Constantine,Prepaid,37,1998.27,10.68,68,0,1,59.2,0
C19970,Tiaret,Postpaid,6,2881.1,24.82,55,0,1,-16.3,0
C19971,Tiaret,Prepaid,13,1697.71,12.95,35,0,3,-20.0,0
C19972,Chlef,Prepaid,23,1310.34,4.35,30,0,3,48.2,0
C19973,Ghardaia,Postpaid,37,2560.16,35.56,37,1,1,24.6,0
C19974,Ouargla,Prepaid,8,1753.18,3.48,62,0,2,68.7,1
C19975,Ouargla,Postpaid,18,3651.87,5.43,36,0,1,14.8,0
C19976,Setif,Postpaid,36,3028.17,9.07,61,1,1,-8.1,0
C19977,Batna,Prepaid,13,1870.93,1.95,20,1,2,23.8,1
C19978,Chlef,Postpaid,65,1637.11,12.05,53,0,1,45.7,0
C19979,Oran,Prepaid,14,1949.34,20.73,49,1,3,-18.6,0
C19980,Chlef,Postpaid,30,3159.59,2.57,29,2,1,1.1,0
C19981,Tizi Ouzou,Postpaid,2,2595.73,6.86,70,0,1,20.9,0
C19982,Bejaia,Prepaid,16,708.64,7.37,60,1,5,-10.1,0
C19983,Oran,Prepaid,9,1010.04,11.89,74,1,3,41.2,1
C19984,Annaba,Prepaid,72,1973.69,25.99,82,0,3,21.4,0
C19985,Batna,Prepaid,19,723.27,9.87,80,2,3,29.8,0
C19986,Biskra,Prepaid,11,2112.46,0.5,70,1,4,40.7,1
C19987,Tiaret,Prepaid,22,1053.84,0.63,70,0,3,20.4,0
C19988,Biskra,Prepaid,21,1967.06,23.37,43,1,3,7.1,0
C19989,Biskra,Prepaid,72,914.21,7.01,21,0,2,-4.2,0
C19990,Oran,Prepaid,19,1597.99,9.06,76,0,2,48.3,0
C19991,Biskra,Prepaid,9,1835.82,13.71,2,0,1,-15.5,0
C19992,Biskra,Postpaid,13,1200.55,2.52,6,0,1,13.5,0
C19993,Chlef,Prepaid,17,1506.03,41.08,32,1,1,29.3,0
C19994,Ouargla,Prepaid,29,1101.85,12.6,19,0,4,44.5,0
C19995,Bejaia,Prepaid,18,1492.48,6.37,57,1,2,-14.3,0
C19996,Setif,Prepaid,8,1447.83,1.28,13,0,5,32.5,1
C19997,Bejaia,Prepaid,21,759.91,6.6,56,0,5,0.9,0
C19998,Algiers,Prepaid,8,1454.82,16.47,61,0,4,-20.0,0
C19999,Tizi Ouzou,Postpaid,18,1960.71,2.54,2,0,1,42.2,0
C20000,Blida,Prepaid,13,1784.6,24.68,86,0,3,3.7,0
